{"module.features.0.0": 0.0, "module.features.1.conv.0": 0.3715277910232544, "module.features.1.conv.3": 0.896484375, "module.features.2.conv.0": 0.9049479365348816, "module.features.2.conv.3": 0.03587963059544563, "module.features.2.conv.6": 0.9066840410232544, "module.features.3.conv.0": 0.9592013955116272, "module.features.3.conv.3": 0.08796296268701553, "module.features.3.conv.6": 0.9438657760620117, "module.features.4.conv.0": 0.8993055820465088, "module.features.4.conv.3": 0.014660494402050972, "module.features.4.conv.6": 0.8951823115348816, "module.features.5.conv.0": 0.97412109375, "module.features.5.conv.3": 0.1163194477558136, "module.features.5.conv.6": 0.9638671875, "module.features.6.conv.0": 0.9811198115348816, "module.features.6.conv.3": 0.11400462687015533, "module.features.6.conv.6": 0.974609375, "module.features.7.conv.0": 0.8704427480697632, "module.features.7.conv.3": 0.013888888992369175, "module.features.7.conv.6": 0.876220703125, "module.features.8.conv.0": 0.9798991084098816, "module.features.8.conv.3": 0.1840277761220932, "module.features.8.conv.6": 0.9665934443473816, "module.features.9.conv.0": 0.9844157099723816, "module.features.9.conv.3": 0.26186344027519226, "module.features.9.conv.6": 0.9808756709098816, "module.features.10.conv.0": 0.9818115234375, "module.features.10.conv.3": 0.22193287312984467, "module.features.10.conv.6": 0.9814046621322632, "module.features.11.conv.0": 0.8351644277572632, "module.features.11.conv.3": 0.25752314925193787, "module.features.11.conv.6": 0.8056640625, "module.features.12.conv.0": 0.920030415058136, "module.features.12.conv.3": 0.19907407462596893, "module.features.12.conv.6": 0.8900643587112427, "module.features.13.conv.0": 0.90869140625, "module.features.13.conv.3": 0.20061728358268738, "module.features.13.conv.6": 0.9302481412887573, "module.features.14.conv.0": 0.6246383190155029, "module.features.14.conv.3": 0.028549382463097572, "module.features.14.conv.6": 0.5072699785232544, "module.features.15.conv.0": 0.6352018117904663, "module.features.15.conv.3": 0.06365740299224854, "module.features.15.conv.6": 0.5953580737113953, "module.features.16.conv.0": 0.5732031464576721, "module.features.16.conv.3": 0.10381944477558136, "module.features.16.conv.6": 0.5964192748069763, "module.features.17.conv.0": 0.3151627779006958, "module.features.17.conv.3": 0.004513888619840145, "module.features.17.conv.6": 0.259869784116745, "module.conv.0": 0.2556201219558716, "module.classifier": 0.0, "_timestamp": 1667901515.7953465, "_runtime": 7455.350950479507, "_step": 8, "t_top1": 49.19015241569745, "t_top5": 73.23963230395557, "t_loss": 2.282294930693246, "v_top1": 52.286, "v_top5": 76.892, "v_loss": 2.089836764907837, "sparsity": 0.3298988938331604, "masking_loss": 4.158093565079333, "module.features.1.conv.0pruning_point": 0.002064168220385909, "module.features.1.conv.3pruning_point": 0.8479357957839966, "module.features.2.conv.0pruning_point": 0.6194263100624084, "module.features.2.conv.3pruning_point": 0.0, "module.features.2.conv.6pruning_point": 0.5736856460571289, "module.features.3.conv.0pruning_point": 0.47933655977249146, "module.features.3.conv.3pruning_point": 0.0008586038602516055, "module.features.3.conv.6pruning_point": 0.4652335047721863, "module.features.4.conv.0pruning_point": 0.5230750441551208, "module.features.4.conv.3pruning_point": 0.00011603193706832826, "module.features.4.conv.6pruning_point": 0.47445908188819885, "module.features.5.conv.0pruning_point": 0.39308810234069824, "module.features.5.conv.3pruning_point": 0.00016850398969836533, "module.features.5.conv.6pruning_point": 0.3784608840942383, "module.features.6.conv.0pruning_point": 0.39252135157585144, "module.features.6.conv.3pruning_point": 0.0, "module.features.6.conv.6pruning_point": 0.37449419498443604, "module.features.7.conv.0pruning_point": 0.41330385208129883, "module.features.7.conv.3pruning_point": 0.00010858503810595721, "module.features.7.conv.6pruning_point": 0.3006601929664612, "module.features.8.conv.0pruning_point": 0.24070358276367188, "module.features.8.conv.3pruning_point": 0.0008024935959838331, "module.features.8.conv.6pruning_point": 0.2263580560684204, "module.features.9.conv.0pruning_point": 0.24850201606750488, "module.features.9.conv.3pruning_point": 0.0004189104656688869, "module.features.9.conv.6pruning_point": 0.22550068795681, "module.features.10.conv.0pruning_point": 0.24084563553333282, "module.features.10.conv.3pruning_point": 0.00022026208171155304, "module.features.10.conv.6pruning_point": 0.2330329716205597, "module.features.11.conv.0pruning_point": 0.1944163292646408, "module.features.11.conv.3pruning_point": 0.0003444201429374516, "module.features.11.conv.6pruning_point": 0.15097945928573608, "module.features.12.conv.0pruning_point": 0.13880418241024017, "module.features.12.conv.3pruning_point": 0.00024404858413618058, "module.features.12.conv.6pruning_point": 0.1211673766374588, "module.features.13.conv.0pruning_point": 0.13927824795246124, "module.features.13.conv.3pruning_point": 0.00033091180375777185, "module.features.13.conv.6pruning_point": 0.14907801151275635, "module.features.14.conv.0pruning_point": 0.08888464421033859, "module.features.14.conv.3pruning_point": 0.0, "module.features.14.conv.6pruning_point": 0.05434668809175491, "module.features.15.conv.0pruning_point": 0.046933338046073914, "module.features.15.conv.3pruning_point": 0.0, "module.features.15.conv.6pruning_point": 0.04354497417807579, "module.features.16.conv.0pruning_point": 0.043075162917375565, "module.features.16.conv.3pruning_point": 4.4488249841379e-05, "module.features.16.conv.6pruning_point": 0.04330895468592644, "module.features.17.conv.0pruning_point": 0.0250522643327713, "module.features.17.conv.3pruning_point": 2.269211290695239e-05, "module.features.17.conv.6pruning_point": 0.012285960838198662, "module.conv.0pruning_point": 0.007697328459471464, "hard_pruning_sparsity": 0.3694021999835968, "_wandb": {"runtime": 9865}}