{"module.features.0.0": 0.0, "module.features.1.conv.0": 0.2465277761220932, "module.features.1.conv.3": 0.376953125, "module.features.2.conv.0": 0.0670572966337204, "module.features.2.conv.3": 0.118055559694767, "module.features.2.conv.6": 0.0690104141831398, "module.features.3.conv.0": 0.06626157462596893, "module.features.3.conv.3": 0.05246913433074951, "module.features.3.conv.6": 0.0607638880610466, "module.features.4.conv.0": 0.0598958320915699, "module.features.4.conv.3": 0.030092593282461166, "module.features.4.conv.6": 0.0640190988779068, "module.features.5.conv.0": 0.0597330741584301, "module.features.5.conv.3": 0.048032406717538834, "module.features.5.conv.6": 0.0693359375, "module.features.6.conv.0": 0.0675455778837204, "module.features.6.conv.3": 0.06365741044282913, "module.features.6.conv.6": 0.0642903670668602, "module.features.7.conv.0": 0.0657552108168602, "module.features.7.conv.3": 0.027199074625968933, "module.features.7.conv.6": 0.0586751326918602, "module.features.8.conv.0": 0.0699869841337204, "module.features.8.conv.3": 0.05005786940455437, "module.features.8.conv.6": 0.0637613981962204, "module.features.9.conv.0": 0.0777587890625, "module.features.9.conv.3": 0.05787036940455437, "module.features.9.conv.6": 0.0739339217543602, "module.features.10.conv.0": 0.7041015625, "module.features.10.conv.3": 0.06568287312984467, "module.features.10.conv.6": 0.9639892578125, "module.features.11.conv.0": 0.0762939453125, "module.features.11.conv.3": 0.054398149251937866, "module.features.11.conv.6": 0.913926899433136, "module.features.12.conv.0": 0.9974681735038757, "module.features.12.conv.3": 0.05806327238678932, "module.features.12.conv.6": 0.9907588362693787, "module.features.13.conv.0": 0.9964373707771301, "module.features.13.conv.3": 0.05652006343007088, "module.features.13.conv.6": 0.9915907382965088, "module.features.14.conv.0": 0.11525245755910873, "module.features.14.conv.3": 0.050154320895671844, "module.features.14.conv.6": 0.9776909947395325, "module.features.15.conv.0": 0.9996094107627869, "module.features.15.conv.3": 0.08541666716337204, "module.features.15.conv.6": 0.9985547065734863, "module.features.16.conv.0": 0.9998307824134827, "module.features.16.conv.3": 0.08391203731298447, "module.features.16.conv.6": 0.9987239837646484, "module.features.17.conv.0": 0.99030601978302, "module.features.17.conv.3": 0.0876157358288765, "module.features.17.conv.6": 0.9923665523529053, "module.conv.0": 0.9895336627960205, "module.classifier": 0.0, "_timestamp": 1667491069, "_runtime": 1763, "_step": 181, "t_top1": 98.972, "t_top5": 100.0, "t_loss": 0.0300830255818367, "v_top1": 90.47, "v_top5": 99.58, "v_loss": 0.43074605088233947, "sparsity": 0.8556429743766785, "masking_loss": 0, "module.features.1.conv.0pruning_point": 0.024495938792824745, "module.features.1.conv.3pruning_point": 0.0854877308011055, "module.features.2.conv.0pruning_point": 0.0012943156762048602, "module.features.2.conv.3pruning_point": 0.01034990418702364, "module.features.2.conv.6pruning_point": 0.0027594082057476044, "module.features.3.conv.0pruning_point": 0.0010203842539340258, "module.features.3.conv.3pruning_point": 0.0008931481861509383, "module.features.3.conv.6pruning_point": 0.000854790152516216, "module.features.4.conv.0pruning_point": 0.0014378202613443136, "module.features.4.conv.3pruning_point": 7.630829713889398e-06, "module.features.4.conv.6pruning_point": 0.0011388829443603754, "module.features.5.conv.0pruning_point": 0.0004354203410912305, "module.features.5.conv.3pruning_point": 0.00024135742569342256, "module.features.5.conv.6pruning_point": 0.0009826611494645476, "module.features.6.conv.0pruning_point": 0.0013767804484814405, "module.features.6.conv.3pruning_point": 0.0007530067814514041, "module.features.6.conv.6pruning_point": 0.00023247022181749344, "module.features.7.conv.0pruning_point": 0.001990912016481161, "module.features.7.conv.3pruning_point": 1.6129992218338884e-05, "module.features.7.conv.6pruning_point": 0.0002750373969320208, "module.features.8.conv.0pruning_point": 0.0009717184584587812, "module.features.8.conv.3pruning_point": 0.00018759720842354, "module.features.8.conv.6pruning_point": 0.0003866330371238291, "module.features.9.conv.0pruning_point": 0.0015908374916762114, "module.features.9.conv.3pruning_point": 0.00046523925266228616, "module.features.9.conv.6pruning_point": 0.0011384915560483932, "module.features.10.conv.0pruning_point": 0.06850594282150269, "module.features.10.conv.3pruning_point": 4.524837549979566e-06, "module.features.10.conv.6pruning_point": 0.13325321674346924, "module.features.11.conv.0pruning_point": 0.0015503119211643934, "module.features.11.conv.3pruning_point": 0.0001988329750020057, "module.features.11.conv.6pruning_point": 0.12981615960597992, "module.features.12.conv.0pruning_point": 0.10964611172676086, "module.features.12.conv.3pruning_point": 0.000518695218488574, "module.features.12.conv.6pruning_point": 0.09997008740901947, "module.features.13.conv.0pruning_point": 0.09825638681650162, "module.features.13.conv.3pruning_point": 0.00033888613688759506, "module.features.13.conv.6pruning_point": 0.09145956486463547, "module.features.14.conv.0pruning_point": 0.004200986120849848, "module.features.14.conv.3pruning_point": 4.20341029894189e-06, "module.features.14.conv.6pruning_point": 0.0786009132862091, "module.features.15.conv.0pruning_point": 0.0514289066195488, "module.features.15.conv.3pruning_point": 0.00027825511642731726, "module.features.15.conv.6pruning_point": 0.052654147148132324, "module.features.16.conv.0pruning_point": 0.05240027606487274, "module.features.16.conv.3pruning_point": 9.738232620293275e-05, "module.features.16.conv.6pruning_point": 0.05031079798936844, "module.features.17.conv.0pruning_point": 0.06443885713815689, "module.features.17.conv.3pruning_point": 0.0011920332908630371, "module.features.17.conv.6pruning_point": 0.04227777197957039, "module.conv.0pruning_point": 0.034312788397073746, "_wandb": {"runtime": 1763}}