{"module.features.0.0": 0.0, "module.features.1.conv.0": 0.3576388955116272, "module.features.1.conv.3": 0.91015625, "module.features.2.conv.0": 0.9127604365348816, "module.features.2.conv.3": 0.0381944440305233, "module.features.2.conv.6": 0.9166666865348816, "module.features.3.conv.0": 0.9632523059844971, "module.features.3.conv.3": 0.118055559694767, "module.features.3.conv.6": 0.9542824029922485, "module.features.4.conv.0": 0.9019097089767456, "module.features.4.conv.3": 0.016203703358769417, "module.features.4.conv.6": 0.9110243320465088, "module.features.5.conv.0": 0.9778646230697632, "module.features.5.conv.3": 0.1059027761220932, "module.features.5.conv.6": 0.96875, "module.features.6.conv.0": 0.9860026240348816, "module.features.6.conv.3": 0.1336805522441864, "module.features.6.conv.6": 0.98095703125, "module.features.7.conv.0": 0.8995768427848816, "module.features.7.conv.3": 0.019675925374031067, "module.features.7.conv.6": 0.9132487177848816, "module.features.8.conv.0": 0.986083984375, "module.features.8.conv.3": 0.181423619389534, "module.features.8.conv.6": 0.9809977412223816, "module.features.9.conv.0": 0.991455078125, "module.features.9.conv.3": 0.25839120149612427, "module.features.9.conv.6": 0.9888509511947632, "module.features.10.conv.0": 0.989501953125, "module.features.10.conv.3": 0.24623842537403107, "module.features.10.conv.6": 0.98828125, "module.features.11.conv.0": 0.9019368886947632, "module.features.11.conv.3": 0.28587964177131653, "module.features.11.conv.6": 0.8734809160232544, "module.features.12.conv.0": 0.9609375, "module.features.12.conv.3": 0.21103395521640778, "module.features.12.conv.6": 0.9428892135620117, "module.features.13.conv.0": 0.9619321823120117, "module.features.13.conv.3": 0.236111119389534, "module.features.13.conv.6": 0.9655128717422485, "module.features.14.conv.0": 0.7370876669883728, "module.features.14.conv.3": 0.03086419776082039, "module.features.14.conv.6": 0.6019965410232544, "module.features.15.conv.0": 0.7485677003860474, "module.features.15.conv.3": 0.0667824074625969, "module.features.15.conv.6": 0.7022265791893005, "module.features.16.conv.0": 0.6778320670127869, "module.features.16.conv.3": 0.11377314478158951, "module.features.16.conv.6": 0.6981510519981384, "module.features.17.conv.0": 0.37802085280418396, "module.features.17.conv.3": 0.005208333022892475, "module.features.17.conv.6": 0.30745118856430054, "module.conv.0": 0.3027026355266571, "module.classifier": 0.0, "_timestamp": 1667902757.409384, "_runtime": 11025.192589044571, "_step": 12, "t_top1": 52.833783573867365, "t_top5": 75.89564826437436, "t_loss": 2.104742590377633, "v_top1": 54.646, "v_top5": 78.61, "v_loss": 1.9587057272338868, "sparsity": 0.37053975462913513, "masking_loss": 3.1636160374257565, "module.features.1.conv.0pruning_point": 0.0003461809828877449, "module.features.1.conv.3pruning_point": 0.8912706971168518, "module.features.2.conv.0pruning_point": 0.6555845141410828, "module.features.2.conv.3pruning_point": 0.000170667510246858, "module.features.2.conv.6pruning_point": 0.632707953453064, "module.features.3.conv.0pruning_point": 0.528015673160553, "module.features.3.conv.3pruning_point": 0.0008014882914721966, "module.features.3.conv.6pruning_point": 0.5278146862983704, "module.features.4.conv.0pruning_point": 0.5835736393928528, "module.features.4.conv.3pruning_point": 0.00011559994163690135, "module.features.4.conv.6pruning_point": 0.543815016746521, "module.features.5.conv.0pruning_point": 0.4436526596546173, "module.features.5.conv.3pruning_point": 0.0003325867292005569, "module.features.5.conv.6pruning_point": 0.43762463331222534, "module.features.6.conv.0pruning_point": 0.444173127412796, "module.features.6.conv.3pruning_point": 0.00044962644460611045, "module.features.6.conv.6pruning_point": 0.43377023935317993, "module.features.7.conv.0pruning_point": 0.4913789927959442, "module.features.7.conv.3pruning_point": 0.00029819353949278593, "module.features.7.conv.6pruning_point": 0.3811480402946472, "module.features.8.conv.0pruning_point": 0.3037583529949188, "module.features.8.conv.3pruning_point": 0.0007657237001694739, "module.features.8.conv.6pruning_point": 0.29401710629463196, "module.features.9.conv.0pruning_point": 0.3083608150482178, "module.features.9.conv.3pruning_point": 0.0006336367805488408, "module.features.9.conv.6pruning_point": 0.28946152329444885, "module.features.10.conv.0pruning_point": 0.3014378845691681, "module.features.10.conv.3pruning_point": 0.00036232449929229915, "module.features.10.conv.6pruning_point": 0.2938629984855652, "module.features.11.conv.0pruning_point": 0.27000686526298523, "module.features.11.conv.3pruning_point": 0.0002075154334306717, "module.features.11.conv.6pruning_point": 0.20891086757183075, "module.features.12.conv.0pruning_point": 0.19867205619812012, "module.features.12.conv.3pruning_point": 0.000547122850548476, "module.features.12.conv.6pruning_point": 0.17449286580085754, "module.features.13.conv.0pruning_point": 0.20257613062858582, "module.features.13.conv.3pruning_point": 0.00031779491109773517, "module.features.13.conv.6pruning_point": 0.21042227745056152, "module.features.14.conv.0pruning_point": 0.12638024985790253, "module.features.14.conv.3pruning_point": 0.0, "module.features.14.conv.6pruning_point": 0.07447237521409988, "module.features.15.conv.0pruning_point": 0.06684582680463791, "module.features.15.conv.3pruning_point": 0.0, "module.features.15.conv.6pruning_point": 0.061328478157520294, "module.features.16.conv.0pruning_point": 0.06092723831534386, "module.features.16.conv.3pruning_point": 0.0003341644478496164, "module.features.16.conv.6pruning_point": 0.06035836413502693, "module.features.17.conv.0pruning_point": 0.0344347283244133, "module.features.17.conv.3pruning_point": 4.4135447296866914e-07, "module.features.17.conv.6pruning_point": 0.016473479568958282, "module.conv.0pruning_point": 0.011355720460414886, "hard_pruning_sparsity": 0.4179464876651764, "_wandb": {"runtime": 12481}}