{"module.features.0.0": 0.0, "module.features.1.conv.0": 0.3888888955116272, "module.features.1.conv.3": 0.673828125, "module.features.2.conv.0": 0.9075521230697632, "module.features.2.conv.3": 0.03587963059544563, "module.features.2.conv.6": 0.8776041865348816, "module.features.3.conv.0": 0.9725115895271301, "module.features.3.conv.3": 0.06867284327745438, "module.features.3.conv.6": 0.9618055820465088, "module.features.4.conv.0": 0.8457754850387573, "module.features.4.conv.3": 0.011574074625968933, "module.features.4.conv.6": 0.0774739608168602, "module.features.5.conv.0": 0.9832357168197632, "module.features.5.conv.3": 0.1059027761220932, "module.features.5.conv.6": 0.9637044668197632, "module.features.6.conv.0": 0.9943034052848816, "module.features.6.conv.3": 0.126736119389534, "module.features.6.conv.6": 0.9892578125, "module.features.7.conv.0": 0.0904947966337204, "module.features.7.conv.3": 0.0069444444961845875, "module.features.7.conv.6": 0.1661783903837204, "module.features.8.conv.0": 0.981201171875, "module.features.8.conv.3": 0.1710069477558136, "module.features.8.conv.6": 0.9687907099723816, "module.features.9.conv.0": 0.9944254755973816, "module.features.9.conv.3": 0.18200232088565826, "module.features.9.conv.6": 0.9775390625, "module.features.10.conv.0": 0.9871012568473816, "module.features.10.conv.3": 0.20515047013759613, "module.features.10.conv.6": 0.9840494990348816, "module.features.11.conv.0": 0.7893880605697632, "module.features.11.conv.3": 0.14612267911434174, "module.features.11.conv.6": 0.8696831464767456, "module.features.12.conv.0": 0.9841760993003845, "module.features.12.conv.3": 0.19251543283462524, "module.features.12.conv.6": 0.97509765625, "module.features.13.conv.0": 0.9797092080116272, "module.features.13.conv.3": 0.1979166716337204, "module.features.13.conv.6": 0.9797634482383728, "module.features.14.conv.0": 0.8033492565155029, "module.features.14.conv.3": 0.02816358022391796, "module.features.14.conv.6": 0.8037543892860413, "module.features.15.conv.0": 0.9007877707481384, "module.features.15.conv.3": 0.08217592537403107, "module.features.15.conv.6": 0.91804039478302, "module.features.16.conv.0": 0.9424088597297668, "module.features.16.conv.3": 0.13402777910232544, "module.features.16.conv.6": 0.9472851753234863, "module.features.17.conv.0": 0.059720054268836975, "module.features.17.conv.3": 0.004282407462596893, "module.features.17.conv.6": 0.6665592789649963, "module.conv.0": 0.04985107481479645, "module.classifier": 0.0, "_timestamp": 1667803774, "_runtime": 83033, "_step": 72, "t_top1": 52.92175024801607, "t_top5": 75.5769544485018, "t_loss": 2.1226101628556804, "v_top1": 17.648, "v_top5": 35.18, "v_loss": 4.868618201446533, "sparsity": 0.3986174762248993, "masking_loss": 6.463607656255602, "module.features.1.conv.0pruning_point": 0.15245042741298676, "module.features.1.conv.3pruning_point": 0.2699830234050751, "module.features.2.conv.0pruning_point": 0.4148901700973511, "module.features.2.conv.3pruning_point": 0.0009323153062723577, "module.features.2.conv.6pruning_point": 0.44033709168434143, "module.features.3.conv.0pruning_point": 0.362850159406662, "module.features.3.conv.3pruning_point": 0.002834137761965394, "module.features.3.conv.6pruning_point": 0.4375995099544525, "module.features.4.conv.0pruning_point": 0.4605327844619751, "module.features.4.conv.3pruning_point": 6.831534119555727e-05, "module.features.4.conv.6pruning_point": 0.010140483267605305, "module.features.5.conv.0pruning_point": 0.33438611030578613, "module.features.5.conv.3pruning_point": 0.003023727098479867, "module.features.5.conv.6pruning_point": 0.32219162583351135, "module.features.6.conv.0pruning_point": 0.28002679347991943, "module.features.6.conv.3pruning_point": 0.0025716370437294245, "module.features.6.conv.6pruning_point": 0.32189884781837463, "module.features.7.conv.0pruning_point": 0.018607204779982567, "module.features.7.conv.3pruning_point": 2.203638905484695e-05, "module.features.7.conv.6pruning_point": 0.02690909430384636, "module.features.8.conv.0pruning_point": 0.17570042610168457, "module.features.8.conv.3pruning_point": 0.007989989593625069, "module.features.8.conv.6pruning_point": 0.1830834001302719, "module.features.9.conv.0pruning_point": 0.18211962282657623, "module.features.9.conv.3pruning_point": 0.0028267130255699158, "module.features.9.conv.6pruning_point": 0.13415038585662842, "module.features.10.conv.0pruning_point": 0.1462867110967636, "module.features.10.conv.3pruning_point": 0.0009156608139164746, "module.features.10.conv.6pruning_point": 0.135502427816391, "module.features.11.conv.0pruning_point": 0.2005499303340912, "module.features.11.conv.3pruning_point": 0.035086337476968765, "module.features.11.conv.6pruning_point": 0.2164003998041153, "module.features.12.conv.0pruning_point": 0.13726504147052765, "module.features.12.conv.3pruning_point": 0.002080433303490281, "module.features.12.conv.6pruning_point": 0.12551937997341156, "module.features.13.conv.0pruning_point": 0.13838130235671997, "module.features.13.conv.3pruning_point": 0.0015988912200555205, "module.features.13.conv.6pruning_point": 0.137359157204628, "module.features.14.conv.0pruning_point": 0.1651991456747055, "module.features.14.conv.3pruning_point": 1.1982848263869528e-05, "module.features.14.conv.6pruning_point": 0.14351381361484528, "module.features.15.conv.0pruning_point": 0.08757460862398148, "module.features.15.conv.3pruning_point": 0.0019857410807162523, "module.features.15.conv.6pruning_point": 0.10850247740745544, "module.features.16.conv.0pruning_point": 0.10114375501871109, "module.features.16.conv.3pruning_point": 0.0037684764247387648, "module.features.16.conv.6pruning_point": 0.10387882590293884, "module.features.17.conv.0pruning_point": 0.0020138032268732786, "module.features.17.conv.3pruning_point": 0.000753902189899236, "module.features.17.conv.6pruning_point": 0.06838049739599228, "module.conv.0pruning_point": 0.000749147089663893, "hard_pruning_sparsity": 0.4127222001552582}