{"module.features.0.0": 0.0, "module.features.1.conv.0": 0.3402777910232544, "module.features.1.conv.3": 0.5234375, "module.features.2.conv.0": 0.2604166865348816, "module.features.2.conv.3": 0.0451388880610466, "module.features.2.conv.6": 0.1124131977558136, "module.features.3.conv.0": 0.8026620149612427, "module.features.3.conv.3": 0.08101852238178253, "module.features.3.conv.6": 0.8162615895271301, "module.features.4.conv.0": 0.10040509700775146, "module.features.4.conv.3": 0.012345679104328156, "module.features.4.conv.6": 0.0499131940305233, "module.features.5.conv.0": 0.9169921875, "module.features.5.conv.3": 0.102430559694767, "module.features.5.conv.6": 0.9065755605697632, "module.features.6.conv.0": 0.9376627802848816, "module.features.6.conv.3": 0.1111111119389534, "module.features.6.conv.6": 0.9288737177848816, "module.features.7.conv.0": 0.07177734375, "module.features.7.conv.3": 0.013310185633599758, "module.features.7.conv.6": 0.0550944022834301, "module.features.8.conv.0": 0.8839111328125, "module.features.8.conv.3": 0.14872685074806213, "module.features.8.conv.6": 0.893798828125, "module.features.9.conv.0": 0.9237060546875, "module.features.9.conv.3": 0.22077547013759613, "module.features.9.conv.6": 0.9324544668197632, "module.features.10.conv.0": 0.9363607168197632, "module.features.10.conv.3": 0.20081019401550293, "module.features.10.conv.6": 0.9486491084098816, "module.features.11.conv.0": 0.0751546248793602, "module.features.11.conv.3": 0.2456597238779068, "module.features.11.conv.6": 0.5859646201133728, "module.features.12.conv.0": 0.8587058782577515, "module.features.12.conv.3": 0.23881173133850098, "module.features.12.conv.6": 0.881456196308136, "module.features.13.conv.0": 0.8641854524612427, "module.features.13.conv.3": 0.24459876120090485, "module.features.13.conv.6": 0.9026692509651184, "module.features.14.conv.0": 0.1436089426279068, "module.features.14.conv.3": 0.02989969216287136, "module.features.14.conv.6": 0.2355685830116272, "module.features.15.conv.0": 0.13557292520999908, "module.features.15.conv.3": 0.06979166716337204, "module.features.15.conv.6": 0.714134156703949, "module.features.16.conv.0": 0.6742513179779053, "module.features.16.conv.3": 0.13171295821666718, "module.features.16.conv.6": 0.7490299940109253, "module.features.17.conv.0": 0.05804687738418579, "module.features.17.conv.3": 0.004745370242744684, "module.features.17.conv.6": 0.12346679717302322, "module.conv.0": 0.05271239951252937, "module.classifier": 0.0, "_timestamp": 1667903043.3008554, "_runtime": 7588.493623495102, "_step": 8, "t_top1": 50.60487820866589, "t_top5": 74.45102785193572, "t_loss": 2.2049673230568168, "v_top1": 56.968, "v_top5": 80.608, "v_loss": 1.832294705657959, "sparsity": 0.2418103814125061, "masking_loss": 4.903130463376367, "module.features.1.conv.0pruning_point": 0.000971832952927798, "module.features.1.conv.3pruning_point": 0.08790544420480728, "module.features.2.conv.0pruning_point": 0.013724036514759064, "module.features.2.conv.3pruning_point": 0.0005251690745353699, "module.features.2.conv.6pruning_point": 0.0006326987058855593, "module.features.3.conv.0pruning_point": 0.17834576964378357, "module.features.3.conv.3pruning_point": 0.00020831740403082222, "module.features.3.conv.6pruning_point": 0.18760423362255096, "module.features.4.conv.0pruning_point": 0.0003139818727504462, "module.features.4.conv.3pruning_point": 0.0002158736897399649, "module.features.4.conv.6pruning_point": 4.317742059356533e-05, "module.features.5.conv.0pruning_point": 0.1710900366306305, "module.features.5.conv.3pruning_point": 0.00016112247249111533, "module.features.5.conv.6pruning_point": 0.16771388053894043, "module.features.6.conv.0pruning_point": 0.16839206218719482, "module.features.6.conv.3pruning_point": 0.0003022199962288141, "module.features.6.conv.6pruning_point": 0.17020215094089508, "module.features.7.conv.0pruning_point": 0.00014226809435058385, "module.features.7.conv.3pruning_point": 1.2737077668134589e-05, "module.features.7.conv.6pruning_point": 9.227972441294696e-06, "module.features.8.conv.0pruning_point": 0.09955601394176483, "module.features.8.conv.3pruning_point": 0.0004968491848558187, "module.features.8.conv.6pruning_point": 0.10386650264263153, "module.features.9.conv.0pruning_point": 0.1130465492606163, "module.features.9.conv.3pruning_point": 0.0004711595829576254, "module.features.9.conv.6pruning_point": 0.10929539054632187, "module.features.10.conv.0pruning_point": 0.11965250223875046, "module.features.10.conv.3pruning_point": 6.279262743191794e-05, "module.features.10.conv.6pruning_point": 0.11399830877780914, "module.features.11.conv.0pruning_point": 9.858719568001106e-05, "module.features.11.conv.3pruning_point": 0.0015054476680234075, "module.features.11.conv.6pruning_point": 0.07059355825185776, "module.features.12.conv.0pruning_point": 0.08151839673519135, "module.features.12.conv.3pruning_point": 0.00036863304558210075, "module.features.12.conv.6pruning_point": 0.08614886552095413, "module.features.13.conv.0pruning_point": 0.08772110193967819, "module.features.13.conv.3pruning_point": 0.000934322364628315, "module.features.13.conv.6pruning_point": 0.09231813251972198, "module.features.14.conv.0pruning_point": 0.00024317698262166232, "module.features.14.conv.3pruning_point": 0.0, "module.features.14.conv.6pruning_point": 0.007095167879015207, "module.features.15.conv.0pruning_point": 0.00035601481795310974, "module.features.15.conv.3pruning_point": 9.433377999812365e-05, "module.features.15.conv.6pruning_point": 0.05199285224080086, "module.features.16.conv.0pruning_point": 0.051699198782444, "module.features.16.conv.3pruning_point": 0.0005780584760941565, "module.features.16.conv.6pruning_point": 0.05810678377747536, "module.features.17.conv.0pruning_point": 1.1498368621687405e-05, "module.features.17.conv.3pruning_point": 1.3151063285476994e-05, "module.features.17.conv.6pruning_point": 9.2192021838855e-05, "module.conv.0pruning_point": 2.1739329895353876e-05, "hard_pruning_sparsity": 0.27131444215774536, "_wandb": {"runtime": 8470}}