{"module.features.0.0": 0.0, "module.features.1.conv.0": 0.4131944477558136, "module.features.1.conv.3": 0.388671875, "module.features.2.conv.0": 0.1276041716337204, "module.features.2.conv.3": 0.0590277798473835, "module.features.2.conv.6": 0.0785590261220932, "module.features.3.conv.0": 0.09432870149612427, "module.features.3.conv.3": 0.08950617164373398, "module.features.3.conv.6": 0.10821759700775146, "module.features.4.conv.0": 0.08969907462596893, "module.features.4.conv.3": 0.010802469216287136, "module.features.4.conv.6": 0.0598958320915699, "module.features.5.conv.0": 0.09765625, "module.features.5.conv.3": 0.07233796268701553, "module.features.5.conv.6": 0.6940104365348816, "module.features.6.conv.0": 0.1170247420668602, "module.features.6.conv.3": 0.0954861119389534, "module.features.6.conv.6": 0.6971029043197632, "module.features.7.conv.0": 0.0735677108168602, "module.features.7.conv.3": 0.016782406717538834, "module.features.7.conv.6": 0.0633138045668602, "module.features.8.conv.0": 0.822265625, "module.features.8.conv.3": 0.12355323880910873, "module.features.8.conv.6": 0.7933349609375, "module.features.9.conv.0": 0.9235026240348816, "module.features.9.conv.3": 0.17303240299224854, "module.features.9.conv.6": 0.9024251699447632, "module.features.10.conv.0": 0.9716390371322632, "module.features.10.conv.3": 0.19907407462596893, "module.features.10.conv.6": 0.9638671875, "module.features.11.conv.0": 0.0841064453125, "module.features.11.conv.3": 0.15248842537403107, "module.features.11.conv.6": 0.1012641042470932, "module.features.12.conv.0": 0.8311993479728699, "module.features.12.conv.3": 0.18904320895671844, "module.features.12.conv.6": 0.8242729902267456, "module.features.13.conv.0": 0.8212710022926331, "module.features.13.conv.3": 0.19733797013759613, "module.features.13.conv.6": 0.8713288307189941, "module.features.14.conv.0": 0.11015263199806213, "module.features.14.conv.3": 0.03125, "module.features.14.conv.6": 0.11967231333255768, "module.features.15.conv.0": 0.09159505367279053, "module.features.15.conv.3": 0.061574071645736694, "module.features.15.conv.6": 0.21244792640209198, "module.features.16.conv.0": 0.5345052480697632, "module.features.16.conv.3": 0.10115740448236465, "module.features.16.conv.6": 0.5451497435569763, "module.features.17.conv.0": 0.06007161736488342, "module.features.17.conv.3": 0.004745370242744684, "module.features.17.conv.6": 0.06573567539453506, "module.conv.0": 0.05269531160593033, "module.classifier": 0.0, "_timestamp": 1667915638.1872694, "_runtime": 11436.441819429398, "_step": 12, "t_top1": 56.934185785303555, "t_top5": 79.52132704008287, "t_loss": 1.8726389308543385, "v_top1": 63.416, "v_top5": 85.212, "v_loss": 1.5236907229614258, "sparsity": 0.17960061132907867, "masking_loss": 6.73487042292008, "module.features.1.conv.0pruning_point": 0.10413246601819992, "module.features.1.conv.3pruning_point": 0.06867705285549164, "module.features.2.conv.0pruning_point": 0.02260832116007805, "module.features.2.conv.3pruning_point": 0.0005939267575740814, "module.features.2.conv.6pruning_point": 0.009059447795152664, "module.features.3.conv.0pruning_point": 0.006491411477327347, "module.features.3.conv.3pruning_point": 0.00754067488014698, "module.features.3.conv.6pruning_point": 0.00953612569719553, "module.features.4.conv.0pruning_point": 0.01341820228844881, "module.features.4.conv.3pruning_point": 2.8041305995429866e-05, "module.features.4.conv.6pruning_point": 0.0023699693847447634, "module.features.5.conv.0pruning_point": 0.0027064336463809013, "module.features.5.conv.3pruning_point": 0.0005212383694015443, "module.features.5.conv.6pruning_point": 0.10107613354921341, "module.features.6.conv.0pruning_point": 0.0016747197369113564, "module.features.6.conv.3pruning_point": 0.0006944306078366935, "module.features.6.conv.6pruning_point": 0.09141039103269577, "module.features.7.conv.0pruning_point": 0.005783118773251772, "module.features.7.conv.3pruning_point": 0.0001943426177604124, "module.features.7.conv.6pruning_point": 0.002066945191472769, "module.features.8.conv.0pruning_point": 0.07112471014261246, "module.features.8.conv.3pruning_point": 0.0023389447014778852, "module.features.8.conv.6pruning_point": 0.07349581271409988, "module.features.9.conv.0pruning_point": 0.09034813195466995, "module.features.9.conv.3pruning_point": 0.0029476096387952566, "module.features.9.conv.6pruning_point": 0.08246773481369019, "module.features.10.conv.0pruning_point": 0.10099980980157852, "module.features.10.conv.3pruning_point": 0.00015939646982587874, "module.features.10.conv.6pruning_point": 0.09588674455881119, "module.features.11.conv.0pruning_point": 0.005042717792093754, "module.features.11.conv.3pruning_point": 0.023496106266975403, "module.features.11.conv.6pruning_point": 0.006606186740100384, "module.features.12.conv.0pruning_point": 0.05919313430786133, "module.features.12.conv.3pruning_point": 0.0021062465384602547, "module.features.12.conv.6pruning_point": 0.06377102434635162, "module.features.13.conv.0pruning_point": 0.06173975393176079, "module.features.13.conv.3pruning_point": 0.0016403968911617994, "module.features.13.conv.6pruning_point": 0.07864180952310562, "module.features.14.conv.0pruning_point": 0.005117451772093773, "module.features.14.conv.3pruning_point": 0.0, "module.features.14.conv.6pruning_point": 0.006347052752971649, "module.features.15.conv.0pruning_point": 0.00039137390558607876, "module.features.15.conv.3pruning_point": 1.4180871403368656e-05, "module.features.15.conv.6pruning_point": 0.011462719179689884, "module.features.16.conv.0pruning_point": 0.03878941386938095, "module.features.16.conv.3pruning_point": 0.00037036737194284797, "module.features.16.conv.6pruning_point": 0.04025890305638313, "module.features.17.conv.0pruning_point": 0.0005121107096783817, "module.features.17.conv.3pruning_point": 0.0, "module.features.17.conv.6pruning_point": 0.0010427444940432906, "module.conv.0pruning_point": 0.0001576793729327619, "hard_pruning_sparsity": 0.18995608389377594}