{"module.features.0.0": 0.0, "module.features.1.conv.0": 0.40625, "module.features.1.conv.3": 0.369140625, "module.features.2.conv.0": 0.12109375, "module.features.2.conv.3": 0.039351850748062134, "module.features.2.conv.6": 0.0837673619389534, "module.features.3.conv.0": 0.08188657462596893, "module.features.3.conv.3": 0.07561728358268738, "module.features.3.conv.6": 0.11487268656492233, "module.features.4.conv.0": 0.1006944477558136, "module.features.4.conv.3": 0.013117283582687378, "module.features.4.conv.6": 0.0462239570915699, "module.features.5.conv.0": 0.0978190153837204, "module.features.5.conv.3": 0.0920138880610466, "module.features.5.conv.6": 0.15234375, "module.features.6.conv.0": 0.1015625, "module.features.6.conv.3": 0.1128472238779068, "module.features.6.conv.6": 0.2342122495174408, "module.features.7.conv.0": 0.0657552108168602, "module.features.7.conv.3": 0.013310185633599758, "module.features.7.conv.6": 0.0709635466337204, "module.features.8.conv.0": 0.7357177734375, "module.features.8.conv.3": 0.1310763955116272, "module.features.8.conv.6": 0.6660970449447632, "module.features.9.conv.0": 0.8002523183822632, "module.features.9.conv.3": 0.19126157462596893, "module.features.9.conv.6": 0.8170573115348816, "module.features.10.conv.0": 0.8463948965072632, "module.features.10.conv.3": 0.19126157462596893, "module.features.10.conv.6": 0.8845621943473816, "module.features.11.conv.0": 0.0701497420668602, "module.features.11.conv.3": 0.16261574625968933, "module.features.11.conv.6": 0.0995822474360466, "module.features.12.conv.0": 0.580186665058136, "module.features.12.conv.3": 0.17091049253940582, "module.features.12.conv.6": 0.5857204794883728, "module.features.13.conv.0": 0.5877640247344971, "module.features.13.conv.3": 0.18865740299224854, "module.features.13.conv.6": 0.6503002047538757, "module.features.14.conv.0": 0.10756655037403107, "module.features.14.conv.3": 0.029706791043281555, "module.features.14.conv.6": 0.11487630754709244, "module.features.15.conv.0": 0.09735026210546494, "module.features.15.conv.3": 0.060532405972480774, "module.features.15.conv.6": 0.16947917640209198, "module.features.16.conv.0": 0.1617252677679062, "module.features.16.conv.3": 0.10462962836027145, "module.features.16.conv.6": 0.22830729186534882, "module.features.17.conv.0": 0.05787760391831398, "module.features.17.conv.3": 0.004629629664123058, "module.features.17.conv.6": 0.06497721374034882, "module.conv.0": 0.0525219701230526, "module.classifier": 0.0, "_timestamp": 1667915572.9031973, "_runtime": 11250.539048194885, "_step": 12, "t_top1": 59.04772757961332, "t_top5": 81.13157769433938, "t_loss": 1.7662490565088904, "v_top1": 64.836, "v_top5": 86.048, "v_loss": 1.461456593322754, "sparsity": 0.12565883994102478, "masking_loss": 3.9313095818492356, "module.features.1.conv.0pruning_point": 0.09819243848323822, "module.features.1.conv.3pruning_point": 0.05502666160464287, "module.features.2.conv.0pruning_point": 0.021267712116241455, "module.features.2.conv.3pruning_point": 0.0005174784455448389, "module.features.2.conv.6pruning_point": 0.010363329201936722, "module.features.3.conv.0pruning_point": 0.004397660028189421, "module.features.3.conv.3pruning_point": 0.003333106404170394, "module.features.3.conv.6pruning_point": 0.011182138696312904, "module.features.4.conv.0pruning_point": 0.014465149492025375, "module.features.4.conv.3pruning_point": 7.737792475381866e-05, "module.features.4.conv.6pruning_point": 5.1296297897351906e-05, "module.features.5.conv.0pruning_point": 0.0023464541882276535, "module.features.5.conv.3pruning_point": 0.0027921563014388084, "module.features.5.conv.6pruning_point": 0.01359283272176981, "module.features.6.conv.0pruning_point": 0.00019450961553957313, "module.features.6.conv.3pruning_point": 0.0019576200284063816, "module.features.6.conv.6pruning_point": 0.023867636919021606, "module.features.7.conv.0pruning_point": 0.003915543667972088, "module.features.7.conv.3pruning_point": 0.00013144293916411698, "module.features.7.conv.6pruning_point": 0.003339361399412155, "module.features.8.conv.0pruning_point": 0.0628155767917633, "module.features.8.conv.3pruning_point": 0.003143289126455784, "module.features.8.conv.6pruning_point": 0.06039080396294594, "module.features.9.conv.0pruning_point": 0.06829249113798141, "module.features.9.conv.3pruning_point": 0.005583235993981361, "module.features.9.conv.6pruning_point": 0.06800277531147003, "module.features.10.conv.0pruning_point": 0.07368581742048264, "module.features.10.conv.3pruning_point": 0.00017300940817222, "module.features.10.conv.6pruning_point": 0.07664036750793457, "module.features.11.conv.0pruning_point": 0.002436478156596422, "module.features.11.conv.3pruning_point": 0.024416517466306686, "module.features.11.conv.6pruning_point": 0.006253303959965706, "module.features.12.conv.0pruning_point": 0.03885648399591446, "module.features.12.conv.3pruning_point": 0.0003676381893455982, "module.features.12.conv.6pruning_point": 0.04542528837919235, "module.features.13.conv.0pruning_point": 0.04187753051519394, "module.features.13.conv.3pruning_point": 0.0007967128185555339, "module.features.13.conv.6pruning_point": 0.05243457108736038, "module.features.14.conv.0pruning_point": 0.004405092913657427, "module.features.14.conv.3pruning_point": 9.781208063941449e-06, "module.features.14.conv.6pruning_point": 0.005715354345738888, "module.features.15.conv.0pruning_point": 0.0007099354406818748, "module.features.15.conv.3pruning_point": 2.291552118549589e-05, "module.features.15.conv.6pruning_point": 0.006997598335146904, "module.features.16.conv.0pruning_point": 0.003909248858690262, "module.features.16.conv.3pruning_point": 0.0003921202733181417, "module.features.16.conv.6pruning_point": 0.010340027511119843, "module.features.17.conv.0pruning_point": 0.00026788690593093634, "module.features.17.conv.3pruning_point": 5.861582508259744e-07, "module.features.17.conv.6pruning_point": 0.0009250473231077194, "module.conv.0pruning_point": 0.00012626299576368183, "hard_pruning_sparsity": 0.1320909857749939}