{"module.features.0.0": 0.0, "module.features.1.conv.0": 0.21875, "module.features.1.conv.3": 0.384765625, "module.features.2.conv.0": 0.0598958358168602, "module.features.2.conv.3": 0.10879629850387573, "module.features.2.conv.6": 0.063368059694767, "module.features.3.conv.0": 0.06452546268701553, "module.features.3.conv.3": 0.06327160447835922, "module.features.3.conv.6": 0.056134261190891266, "module.features.4.conv.0": 0.06568287312984467, "module.features.4.conv.3": 0.03163580223917961, "module.features.4.conv.6": 0.0661892369389534, "module.features.5.conv.0": 0.0646158903837204, "module.features.5.conv.3": 0.05092592537403107, "module.features.5.conv.6": 0.0693359375, "module.features.6.conv.0": 0.0690104216337204, "module.features.6.conv.3": 0.0677083358168602, "module.features.6.conv.6": 0.0662434920668602, "module.features.7.conv.0": 0.0621744804084301, "module.features.7.conv.3": 0.03125, "module.features.7.conv.6": 0.0606282576918602, "module.features.8.conv.0": 0.7905680537223816, "module.features.8.conv.3": 0.05931713059544563, "module.features.8.conv.6": 0.0627034530043602, "module.features.9.conv.0": 0.844970703125, "module.features.9.conv.3": 0.06799768656492233, "module.features.9.conv.6": 0.8921712636947632, "module.features.10.conv.0": 0.8861491084098816, "module.features.10.conv.3": 0.06047453731298447, "module.features.10.conv.6": 0.9105631709098816, "module.features.11.conv.0": 0.0771891325712204, "module.features.11.conv.3": 0.04918981343507767, "module.features.11.conv.6": 0.8282877802848816, "module.features.12.conv.0": 0.9525643587112427, "module.features.12.conv.3": 0.055362652987241745, "module.features.12.conv.6": 0.9746274948120117, "module.features.13.conv.0": 0.9590205550193787, "module.features.13.conv.3": 0.05806327238678932, "module.features.13.conv.6": 0.9731626510620117, "module.features.14.conv.0": 0.0792643204331398, "module.features.14.conv.3": 0.05478395149111748, "module.features.14.conv.6": 0.9282552599906921, "module.features.15.conv.0": 0.9888476729393005, "module.features.15.conv.3": 0.07939814776182175, "module.features.15.conv.6": 0.9889713525772095, "module.features.16.conv.0": 0.9894205927848816, "module.features.16.conv.3": 0.08969907462596893, "module.features.16.conv.6": 0.9924023747444153, "module.features.17.conv.0": 0.9447591304779053, "module.features.17.conv.3": 0.10266203433275223, "module.features.17.conv.6": 0.9743750095367432, "module.conv.0": 0.9778026938438416, "module.classifier": 0.0, "_timestamp": 1667485648, "_runtime": 2783, "_step": 181, "t_top1": 94.172, "t_top5": 99.928, "t_loss": 0.16599110897541047, "v_top1": 88.93, "v_top5": 99.62, "v_loss": 0.3736066948890686, "sparsity": 0.8651219606399536, "masking_loss": 9.536949490966796, "module.features.1.conv.0pruning_point": 0.019024977460503578, "module.features.1.conv.3pruning_point": 0.08753962814807892, "module.features.2.conv.0pruning_point": 0.00028187085990794003, "module.features.2.conv.3pruning_point": 0.008818479254841805, "module.features.2.conv.6pruning_point": 0.0006542349583469331, "module.features.3.conv.0pruning_point": 0.0007721015717834234, "module.features.3.conv.3pruning_point": 0.0024441462010145187, "module.features.3.conv.6pruning_point": 1.5166218503281925e-08, "module.features.4.conv.0pruning_point": 0.0032452503219246864, "module.features.4.conv.3pruning_point": 3.8234017551985744e-07, "module.features.4.conv.6pruning_point": 0.00112699787132442, "module.features.5.conv.0pruning_point": 0.000777553126681596, "module.features.5.conv.3pruning_point": 0.00021346803987398744, "module.features.5.conv.6pruning_point": 0.0009238589555025101, "module.features.6.conv.0pruning_point": 0.0020533318165689707, "module.features.6.conv.3pruning_point": 2.258275526401121e-05, "module.features.6.conv.6pruning_point": 0.0002779347123578191, "module.features.7.conv.0pruning_point": 0.0007165241404436529, "module.features.7.conv.3pruning_point": 2.07800084695009e-07, "module.features.7.conv.6pruning_point": 0.00047357875155285, "module.features.8.conv.0pruning_point": 0.11343412846326828, "module.features.8.conv.3pruning_point": 0.0008589730714447796, "module.features.8.conv.6pruning_point": 4.3113006540806964e-05, "module.features.9.conv.0pruning_point": 0.1330445110797882, "module.features.9.conv.3pruning_point": 0.0012430328642949462, "module.features.9.conv.6pruning_point": 0.14273592829704285, "module.features.10.conv.0pruning_point": 0.15164735913276672, "module.features.10.conv.3pruning_point": 0.0006303479894995689, "module.features.10.conv.6pruning_point": 0.1421179175376892, "module.features.11.conv.0pruning_point": 0.001987155294045806, "module.features.11.conv.3pruning_point": 1.4938544268261467e-07, "module.features.11.conv.6pruning_point": 0.13822950422763824, "module.features.12.conv.0pruning_point": 0.11287876218557358, "module.features.12.conv.3pruning_point": 3.13752461806871e-05, "module.features.12.conv.6pruning_point": 0.11334125697612762, "module.features.13.conv.0pruning_point": 0.11069340258836746, "module.features.13.conv.3pruning_point": 0.00031679507810622454, "module.features.13.conv.6pruning_point": 0.10051865130662918, "module.features.14.conv.0pruning_point": 0.0014340815832838416, "module.features.14.conv.3pruning_point": 3.424469832680188e-05, "module.features.14.conv.6pruning_point": 0.08375567197799683, "module.features.15.conv.0pruning_point": 0.054332368075847626, "module.features.15.conv.3pruning_point": 1.2028729088342516e-06, "module.features.15.conv.6pruning_point": 0.052505724132061005, "module.features.16.conv.0pruning_point": 0.054606907069683075, "module.features.16.conv.3pruning_point": 0.00014804232341703027, "module.features.16.conv.6pruning_point": 0.04955766350030899, "module.features.17.conv.0pruning_point": 0.06722690165042877, "module.features.17.conv.3pruning_point": 0.002279120497405529, "module.features.17.conv.6pruning_point": 0.0443090945482254, "module.conv.0pruning_point": 0.03666721284389496, "_wandb": {"runtime": 2784}}