{"module.features.0.0": 0.0, "module.features.1.conv.0": 0.3263888955116272, "module.features.1.conv.3": 0.724609375, "module.features.2.conv.0": 0.599609375, "module.features.2.conv.3": 0.039351850748062134, "module.features.2.conv.6": 0.6002604365348816, "module.features.3.conv.0": 0.6278935074806213, "module.features.3.conv.3": 0.07253086566925049, "module.features.3.conv.6": 0.6114004850387573, "module.features.4.conv.0": 0.5555555820465088, "module.features.4.conv.3": 0.010802469216287136, "module.features.4.conv.6": 0.5789930820465088, "module.features.5.conv.0": 0.6624349355697632, "module.features.5.conv.3": 0.0850694477558136, "module.features.5.conv.6": 0.6266276240348816, "module.features.6.conv.0": 0.61572265625, "module.features.6.conv.3": 0.0972222238779068, "module.features.6.conv.6": 0.626953125, "module.features.7.conv.0": 0.5506185293197632, "module.features.7.conv.3": 0.010995370335876942, "module.features.7.conv.6": 0.6060384511947632, "module.features.8.conv.0": 0.70654296875, "module.features.8.conv.3": 0.1154513880610466, "module.features.8.conv.6": 0.693359375, "module.features.9.conv.0": 0.6578369140625, "module.features.9.conv.3": 0.18894675374031067, "module.features.9.conv.6": 0.7047119140625, "module.features.10.conv.0": 0.6404622793197632, "module.features.10.conv.3": 0.2152777761220932, "module.features.10.conv.6": 0.7375895380973816, "module.features.11.conv.0": 0.5745036005973816, "module.features.11.conv.3": 0.11313657462596893, "module.features.11.conv.6": 0.5919596552848816, "module.features.12.conv.0": 0.6454535722732544, "module.features.12.conv.3": 0.17438271641731262, "module.features.12.conv.6": 0.6727792024612427, "module.features.13.conv.0": 0.603624165058136, "module.features.13.conv.3": 0.18692129850387573, "module.features.13.conv.6": 0.6757993102073669, "module.features.14.conv.0": 0.5306712985038757, "module.features.14.conv.3": 0.026620371267199516, "module.features.14.conv.6": 0.5380425453186035, "module.features.15.conv.0": 0.5884700417518616, "module.features.15.conv.3": 0.0634259283542633, "module.features.15.conv.6": 0.5867317914962769, "module.features.16.conv.0": 0.5610026121139526, "module.features.16.conv.3": 0.10532407462596893, "module.features.16.conv.6": 0.5977539420127869, "module.features.17.conv.0": 0.22684895992279053, "module.features.17.conv.3": 0.004398148041218519, "module.features.17.conv.6": 0.4334537982940674, "module.conv.0": 0.26128172874450684, "module.classifier": 0.0, "_timestamp": 1668077696.6144571, "_runtime": 76153.03621315956, "_step": 76, "t_top1": 59.05787457841171, "t_top5": 80.88672280818972, "t_loss": 1.7797302160917765, "v_top1": 65.088, "v_top5": 86.158, "v_loss": 1.4497569713592529, "sparsity": 0.299150675535202, "masking_loss": 0.7190261885069388, "module.features.1.conv.0pruning_point": 0.007932474836707115, "module.features.1.conv.3pruning_point": 1.9155256748199463, "module.features.2.conv.0pruning_point": 1.1925619840621948, "module.features.2.conv.3pruning_point": 6.0025486163794994e-05, "module.features.2.conv.6pruning_point": 0.9579392075538635, "module.features.3.conv.0pruning_point": 0.7327119708061218, "module.features.3.conv.3pruning_point": 0.0004900271887890995, "module.features.3.conv.6pruning_point": 0.7421294450759888, "module.features.4.conv.0pruning_point": 0.8692370057106018, "module.features.4.conv.3pruning_point": 3.852248482871801e-06, "module.features.4.conv.6pruning_point": 0.7434765696525574, "module.features.5.conv.0pruning_point": 0.5327666401863098, "module.features.5.conv.3pruning_point": 0.0007999889203347266, "module.features.5.conv.6pruning_point": 0.5495438575744629, "module.features.6.conv.0pruning_point": 0.5231241583824158, "module.features.6.conv.3pruning_point": 0.00010476904571987689, "module.features.6.conv.6pruning_point": 0.5451844334602356, "module.features.7.conv.0pruning_point": 0.6781677007675171, "module.features.7.conv.3pruning_point": 6.703807594021782e-05, "module.features.7.conv.6pruning_point": 0.46819213032722473, "module.features.8.conv.0pruning_point": 0.286279559135437, "module.features.8.conv.3pruning_point": 0.0009319299133494496, "module.features.8.conv.6pruning_point": 0.29281315207481384, "module.features.9.conv.0pruning_point": 0.2680858075618744, "module.features.9.conv.3pruning_point": 0.004977534059435129, "module.features.9.conv.6pruning_point": 0.28157031536102295, "module.features.10.conv.0pruning_point": 0.26154088973999023, "module.features.10.conv.3pruning_point": 0.0030017588287591934, "module.features.10.conv.6pruning_point": 0.27972492575645447, "module.features.11.conv.0pruning_point": 0.35688868165016174, "module.features.11.conv.3pruning_point": 0.01613469235599041, "module.features.11.conv.6pruning_point": 0.2831053137779236, "module.features.12.conv.0pruning_point": 0.18833309412002563, "module.features.12.conv.3pruning_point": 0.0007325757760554552, "module.features.12.conv.6pruning_point": 0.2083008736371994, "module.features.13.conv.0pruning_point": 0.19155186414718628, "module.features.13.conv.3pruning_point": 0.0011800412321463227, "module.features.13.conv.6pruning_point": 0.20635437965393066, "module.features.14.conv.0pruning_point": 0.24429762363433838, "module.features.14.conv.3pruning_point": 3.478274084045552e-05, "module.features.14.conv.6pruning_point": 0.17085103690624237, "module.features.15.conv.0pruning_point": 0.1380060464143753, "module.features.15.conv.3pruning_point": 3.264422412030399e-05, "module.features.15.conv.6pruning_point": 0.1400826871395111, "module.features.16.conv.0pruning_point": 0.1361800730228424, "module.features.16.conv.3pruning_point": 0.0008877374930307269, "module.features.16.conv.6pruning_point": 0.13820478320121765, "module.features.17.conv.0pruning_point": 0.035415083169937134, "module.features.17.conv.3pruning_point": 0.0021507779601961374, "module.features.17.conv.6pruning_point": 0.05181771144270897, "module.conv.0pruning_point": 0.025963345542550087, "hard_pruning_sparsity": 0.4073999524116516}