{"module.features.1.conv.0": 0.2013888955116272, "module.features.1.conv.3": 0.4375, "module.features.2.conv.0": 0.1341145932674408, "module.features.2.conv.3": 0.08449073880910873, "module.features.2.conv.6": 0.134548619389534, "module.features.3.conv.0": 0.1675347238779068, "module.features.3.conv.3": 0.0486111119389534, "module.features.3.conv.6": 0.21209490299224854, "module.features.4.conv.0": 0.1328125, "module.features.4.conv.3": 0.03163580223917961, "module.features.4.conv.6": 0.1432291716337204, "module.features.5.conv.0": 0.1892903745174408, "module.features.5.conv.3": 0.05844907462596893, "module.features.5.conv.6": 0.1982421875, "module.features.6.conv.0": 0.1787109375, "module.features.6.conv.3": 0.06192129850387573, "module.features.6.conv.6": 0.2571614682674408, "module.features.7.conv.0": 0.11474609375, "module.features.7.conv.3": 0.028356481343507767, "module.features.7.conv.6": 0.1201985701918602, "module.features.8.conv.0": 0.2615966796875, "module.features.8.conv.3": 0.055844906717538834, "module.features.8.conv.6": 0.3110758662223816, "module.features.9.conv.0": 0.2429606169462204, "module.features.9.conv.3": 0.05671296268701553, "module.features.9.conv.6": 0.4149983823299408, "module.features.10.conv.0": 0.2616373896598816, "module.features.10.conv.3": 0.05873842537403107, "module.features.10.conv.6": 0.516845703125, "module.features.11.conv.0": 0.1292724609375, "module.features.11.conv.3": 0.04976851865649223, "module.features.11.conv.6": 0.1996527761220932, "module.features.12.conv.0": 0.69921875, "module.features.12.conv.3": 0.055748458951711655, "module.features.12.conv.6": 0.7926432490348816, "module.features.13.conv.0": 0.7526041865348816, "module.features.13.conv.3": 0.05131172761321068, "module.features.13.conv.6": 0.8292462229728699, "module.features.14.conv.0": 0.26571542024612427, "module.features.14.conv.3": 0.04976851865649223, "module.features.14.conv.6": 0.7206380367279053, "module.features.15.conv.0": 0.8947200775146484, "module.features.15.conv.3": 0.08043981343507767, "module.features.15.conv.6": 0.9273958802223206, "module.features.16.conv.0": 0.9447070360183716, "module.features.16.conv.3": 0.07997684925794601, "module.features.16.conv.6": 0.969225287437439, "module.features.17.conv.0": 0.7797786593437195, "module.features.17.conv.3": 0.07696758955717087, "module.features.17.conv.6": 0.8584993481636047, "module.conv.0": 0.81159907579422, "block_sparsity": 0.7698584198951721, "_timestamp": 1668172471.4490743, "_runtime": 3233.9164912700653, "_step": 156, "t_top1": 98.418, "t_top5": 99.998, "t_loss": 0.0456240598410368, "v_top1": 90.07, "v_top5": 99.57, "v_loss": 0.43465573859214784, "sparsity": 0.7379559874534607, "masking_loss": 0.6351298757362366, "module.features.1.conv.0pruning_point": 0.014964836649596691, "module.features.1.conv.3pruning_point": 0.08582603931427002, "module.features.2.conv.0pruning_point": 0.017564712092280388, "module.features.2.conv.3pruning_point": 0.0028361480217427015, "module.features.2.conv.6pruning_point": 0.019201790913939476, "module.features.3.conv.0pruning_point": 0.021565858274698257, "module.features.3.conv.3pruning_point": 0.00028738993569277227, "module.features.3.conv.6pruning_point": 0.027100026607513428, "module.features.4.conv.0pruning_point": 0.017282407730817795, "module.features.4.conv.3pruning_point": 0.0002004951675189659, "module.features.4.conv.6pruning_point": 0.017413433641195297, "module.features.5.conv.0pruning_point": 0.02102906070649624, "module.features.5.conv.3pruning_point": 0.00022059737239032984, "module.features.5.conv.6pruning_point": 0.021845074370503426, "module.features.6.conv.0pruning_point": 0.01943124458193779, "module.features.6.conv.3pruning_point": 0.00010409634705865756, "module.features.6.conv.6pruning_point": 0.028114642947912216, "module.features.7.conv.0pruning_point": 0.011621936224400997, "module.features.7.conv.3pruning_point": 3.240606076815311e-07, "module.features.7.conv.6pruning_point": 0.010714584030210972, "module.features.8.conv.0pruning_point": 0.020113499835133553, "module.features.8.conv.3pruning_point": 1.4856042071187403e-05, "module.features.8.conv.6pruning_point": 0.024815790355205536, "module.features.9.conv.0pruning_point": 0.01856306567788124, "module.features.9.conv.3pruning_point": 3.9186688809422776e-05, "module.features.9.conv.6pruning_point": 0.03341009467840195, "module.features.10.conv.0pruning_point": 0.019724426791071892, "module.features.10.conv.3pruning_point": 0.00014042698603589088, "module.features.10.conv.6pruning_point": 0.04179375246167183, "module.features.11.conv.0pruning_point": 0.00921861082315445, "module.features.11.conv.3pruning_point": 1.0728966117312666e-05, "module.features.11.conv.6pruning_point": 0.013993400149047375, "module.features.12.conv.0pruning_point": 0.04794121906161308, "module.features.12.conv.3pruning_point": 0.00019147231068927795, "module.features.12.conv.6pruning_point": 0.0521986186504364, "module.features.13.conv.0pruning_point": 0.05121317133307457, "module.features.13.conv.3pruning_point": 7.494209421565756e-05, "module.features.13.conv.6pruning_point": 0.052355654537677765, "module.features.14.conv.0pruning_point": 0.016643930226564407, "module.features.14.conv.3pruning_point": 0.0, "module.features.14.conv.6pruning_point": 0.04372291639447212, "module.features.15.conv.0pruning_point": 0.036409590393304825, "module.features.15.conv.3pruning_point": 2.1802587070851587e-05, "module.features.15.conv.6pruning_point": 0.03862793371081352, "module.features.16.conv.0pruning_point": 0.0384620726108551, "module.features.16.conv.3pruning_point": 1.0263175198588215e-07, "module.features.16.conv.6pruning_point": 0.04038199037313461, "module.features.17.conv.0pruning_point": 0.039301712065935135, "module.features.17.conv.3pruning_point": 1.524133676866768e-05, "module.features.17.conv.6pruning_point": 0.029047293588519096, "module.conv.0pruning_point": 0.020512443035840988, "hard_pruning_sparsity": 0.8298589587211609}