{"module.features.1.conv.0": 0.1979166716337204, "module.features.1.conv.3": 0.435546875, "module.features.2.conv.0": 0.1276041716337204, "module.features.2.conv.3": 0.0902777761220932, "module.features.2.conv.6": 0.1319444477558136, "module.features.3.conv.0": 0.16464120149612427, "module.features.3.conv.3": 0.047067902982234955, "module.features.3.conv.6": 0.20428240299224854, "module.features.4.conv.0": 0.1302083283662796, "module.features.4.conv.3": 0.03163580223917961, "module.features.4.conv.6": 0.140625, "module.features.5.conv.0": 0.1852213591337204, "module.features.5.conv.3": 0.056134261190891266, "module.features.5.conv.6": 0.1912434995174408, "module.features.6.conv.0": 0.1730143278837204, "module.features.6.conv.3": 0.06307870149612427, "module.features.6.conv.6": 0.24755859375, "module.features.7.conv.0": 0.1101888045668602, "module.features.7.conv.3": 0.028356481343507767, "module.features.7.conv.6": 0.1175944060087204, "module.features.8.conv.0": 0.2524821162223816, "module.features.8.conv.3": 0.05844907462596893, "module.features.8.conv.6": 0.2982177734375, "module.features.9.conv.0": 0.235107421875, "module.features.9.conv.3": 0.0572916679084301, "module.features.9.conv.6": 0.3968099057674408, "module.features.10.conv.0": 0.2542317807674408, "module.features.10.conv.3": 0.0598958320915699, "module.features.10.conv.6": 0.497802734375, "module.features.11.conv.0": 0.1272786557674408, "module.features.11.conv.3": 0.05092592537403107, "module.features.11.conv.6": 0.195339635014534, "module.features.12.conv.0": 0.684190571308136, "module.features.12.conv.3": 0.05516975373029709, "module.features.12.conv.6": 0.7884476184844971, "module.features.13.conv.0": 0.7431821823120117, "module.features.13.conv.3": 0.0503472238779068, "module.features.13.conv.6": 0.8257197737693787, "module.features.14.conv.0": 0.25641998648643494, "module.features.14.conv.3": 0.04976851865649223, "module.features.14.conv.6": 0.7118815183639526, "module.features.15.conv.0": 0.8927929997444153, "module.features.15.conv.3": 0.08101851493120193, "module.features.15.conv.6": 0.9267122745513916, "module.features.16.conv.0": 0.9437890648841858, "module.features.16.conv.3": 0.08113425970077515, "module.features.16.conv.6": 0.968737006187439, "module.features.17.conv.0": 0.7774609327316284, "module.features.17.conv.3": 0.07743055373430252, "module.features.17.conv.6": 0.8568229079246521, "module.conv.0": 0.8160107135772705, "block_sparsity": 0.7657687067985535, "_timestamp": 1668172308.7583745, "_runtime": 3071.225791454315, "_step": 148, "t_top1": 98.134, "t_top5": 99.998, "t_loss": 0.05113778562426567, "v_top1": 89.97, "v_top5": 99.55, "v_loss": 0.419745086812973, "sparsity": 0.7356324791908264, "masking_loss": 0.639650073337555, "module.features.1.conv.0pruning_point": 0.014861580915749073, "module.features.1.conv.3pruning_point": 0.08363808691501617, "module.features.2.conv.0pruning_point": 0.01647990010678768, "module.features.2.conv.3pruning_point": 0.0028640939854085445, "module.features.2.conv.6pruning_point": 0.018472392112016678, "module.features.3.conv.0pruning_point": 0.020815903320908546, "module.features.3.conv.3pruning_point": 0.0003117192245554179, "module.features.3.conv.6pruning_point": 0.0259981881827116, "module.features.4.conv.0pruning_point": 0.016614943742752075, "module.features.4.conv.3pruning_point": 0.0001560303062433377, "module.features.4.conv.6pruning_point": 0.016705257818102837, "module.features.5.conv.0pruning_point": 0.02007979527115822, "module.features.5.conv.3pruning_point": 0.00012925255578011274, "module.features.5.conv.6pruning_point": 0.020833982154726982, "module.features.6.conv.0pruning_point": 0.01839417964220047, "module.features.6.conv.3pruning_point": 0.0002926601155195385, "module.features.6.conv.6pruning_point": 0.026754047721624374, "module.features.7.conv.0pruning_point": 0.011091729626059532, "module.features.7.conv.3pruning_point": 6.23979516944928e-08, "module.features.7.conv.6pruning_point": 0.01021221000701189, "module.features.8.conv.0pruning_point": 0.019089460372924805, "module.features.8.conv.3pruning_point": 3.4269134630449116e-05, "module.features.8.conv.6pruning_point": 0.023401526734232903, "module.features.9.conv.0pruning_point": 0.01770917698740959, "module.features.9.conv.3pruning_point": 0.0, "module.features.9.conv.6pruning_point": 0.03137655183672905, "module.features.10.conv.0pruning_point": 0.0188310407102108, "module.features.10.conv.3pruning_point": 0.00015535498096141964, "module.features.10.conv.6pruning_point": 0.03952785208821297, "module.features.11.conv.0pruning_point": 0.00890200026333332, "module.features.11.conv.3pruning_point": 7.490549614885822e-05, "module.features.11.conv.6pruning_point": 0.013451486825942993, "module.features.12.conv.0pruning_point": 0.04606861621141434, "module.features.12.conv.3pruning_point": 0.00022122582595329732, "module.features.12.conv.6pruning_point": 0.05140423774719238, "module.features.13.conv.0pruning_point": 0.049938324838876724, "module.features.13.conv.3pruning_point": 1.2541051546577364e-05, "module.features.13.conv.6pruning_point": 0.05160623788833618, "module.features.14.conv.0pruning_point": 0.015791021287441254, "module.features.14.conv.3pruning_point": 4.900842031929642e-05, "module.features.14.conv.6pruning_point": 0.042610932141542435, "module.features.15.conv.0pruning_point": 0.03582879528403282, "module.features.15.conv.3pruning_point": 2.701002813410014e-05, "module.features.15.conv.6pruning_point": 0.03817908093333244, "module.features.16.conv.0pruning_point": 0.037959225475788116, "module.features.16.conv.3pruning_point": 2.6409401471028104e-05, "module.features.16.conv.6pruning_point": 0.03990517556667328, "module.features.17.conv.0pruning_point": 0.03886239603161812, "module.features.17.conv.3pruning_point": 8.694815733178984e-06, "module.features.17.conv.6pruning_point": 0.028751540929079056, "module.conv.0pruning_point": 0.020589414983987808, "hard_pruning_sparsity": 0.8267016410827637}