{"module.features.0.0": 0.0, "module.features.1.conv.0": 0.3263888955116272, "module.features.1.conv.3": 0.9140625, "module.features.2.conv.0": 0.9205729365348816, "module.features.2.conv.3": 0.039351850748062134, "module.features.2.conv.6": 0.9266493320465088, "module.features.3.conv.0": 0.9661458134651184, "module.features.3.conv.3": 0.08564814925193787, "module.features.3.conv.6": 0.9539930820465088, "module.features.4.conv.0": 0.9184027910232544, "module.features.4.conv.3": 0.016203703358769417, "module.features.4.conv.6": 0.927734375, "module.features.5.conv.0": 0.9817708730697632, "module.features.5.conv.3": 0.1163194477558136, "module.features.5.conv.6": 0.97509765625, "module.features.6.conv.0": 0.9895833730697632, "module.features.6.conv.3": 0.1215277761220932, "module.features.6.conv.6": 0.98388671875, "module.features.7.conv.0": 0.9153646230697632, "module.features.7.conv.3": 0.020254630595445633, "module.features.7.conv.6": 0.939697265625, "module.features.8.conv.0": 0.9906412959098816, "module.features.8.conv.3": 0.18547454476356506, "module.features.8.conv.6": 0.9874674677848816, "module.features.9.conv.0": 0.9950358271598816, "module.features.9.conv.3": 0.1762152761220932, "module.features.9.conv.6": 0.9936116933822632, "module.features.10.conv.0": 0.9933268427848816, "module.features.10.conv.3": 0.234375, "module.features.10.conv.6": 0.9929606318473816, "module.features.11.conv.0": 0.9431966543197632, "module.features.11.conv.3": 0.3255208432674408, "module.features.11.conv.6": 0.9283854365348816, "module.features.12.conv.0": 0.9806677103042603, "module.features.12.conv.3": 0.23707561194896698, "module.features.12.conv.6": 0.9721499085426331, "module.features.13.conv.0": 0.9838143587112427, "module.features.13.conv.3": 0.25540122389793396, "module.features.13.conv.6": 0.9841941595077515, "module.features.14.conv.0": 0.8464446067810059, "module.features.14.conv.3": 0.030671296641230583, "module.features.14.conv.6": 0.7425347566604614, "module.features.15.conv.0": 0.8764062523841858, "module.features.15.conv.3": 0.06828703731298447, "module.features.15.conv.6": 0.84138023853302, "module.features.16.conv.0": 0.8217057585716248, "module.features.16.conv.3": 0.14050926268100739, "module.features.16.conv.6": 0.8370052576065063, "module.features.17.conv.0": 0.4978711009025574, "module.features.17.conv.3": 0.004629629664123058, "module.features.17.conv.6": 0.42338868975639343, "module.conv.0": 0.399116188287735, "module.classifier": 0.0, "_timestamp": 1667902781.38966, "_runtime": 11033.657896995544, "_step": 12, "t_top1": 49.70530773895987, "t_top5": 73.27795673782083, "t_loss": 2.2724596993333694, "v_top1": 50.498, "v_top5": 75.236, "v_loss": 2.180315910949707, "sparsity": 0.4300767183303833, "masking_loss": 3.3191358976759915, "module.features.1.conv.0pruning_point": 0.0005921258707530797, "module.features.1.conv.3pruning_point": 0.9337480664253235, "module.features.2.conv.0pruning_point": 0.6922444701194763, "module.features.2.conv.3pruning_point": 0.0002889373281504959, "module.features.2.conv.6pruning_point": 0.6726553440093994, "module.features.3.conv.0pruning_point": 0.5623769760131836, "module.features.3.conv.3pruning_point": 0.00027664171648211777, "module.features.3.conv.6pruning_point": 0.5608603358268738, "module.features.4.conv.0pruning_point": 0.6260501146316528, "module.features.4.conv.3pruning_point": 0.0002622388710733503, "module.features.4.conv.6pruning_point": 0.5910652279853821, "module.features.5.conv.0pruning_point": 0.4814859926700592, "module.features.5.conv.3pruning_point": 0.0008979021804407239, "module.features.5.conv.6pruning_point": 0.48017704486846924, "module.features.6.conv.0pruning_point": 0.47923359274864197, "module.features.6.conv.3pruning_point": 0.0004682477156165987, "module.features.6.conv.6pruning_point": 0.47684770822525024, "module.features.7.conv.0pruning_point": 0.5442143082618713, "module.features.7.conv.3pruning_point": 6.2527728914574254e-06, "module.features.7.conv.6pruning_point": 0.44749540090560913, "module.features.8.conv.0pruning_point": 0.34752556681632996, "module.features.8.conv.3pruning_point": 0.0004653681244235486, "module.features.8.conv.6pruning_point": 0.3436967730522156, "module.features.9.conv.0pruning_point": 0.3564015328884125, "module.features.9.conv.3pruning_point": 0.0, "module.features.9.conv.6pruning_point": 0.34154513478279114, "module.features.10.conv.0pruning_point": 0.34655582904815674, "module.features.10.conv.3pruning_point": 0.0003586224920582026, "module.features.10.conv.6pruning_point": 0.34022626280784607, "module.features.11.conv.0pruning_point": 0.3487465977668762, "module.features.11.conv.3pruning_point": 0.0015204185619950294, "module.features.11.conv.6pruning_point": 0.28297093510627747, "module.features.12.conv.0pruning_point": 0.2583477199077606, "module.features.12.conv.3pruning_point": 0.000265751063125208, "module.features.12.conv.6pruning_point": 0.23754793405532837, "module.features.13.conv.0pruning_point": 0.2648461163043976, "module.features.13.conv.3pruning_point": 0.0009318216471001506, "module.features.13.conv.6pruning_point": 0.27157336473464966, "module.features.14.conv.0pruning_point": 0.18441501259803772, "module.features.14.conv.3pruning_point": 0.0, "module.features.14.conv.6pruning_point": 0.11215777695178986, "module.features.15.conv.0pruning_point": 0.10411760210990906, "module.features.15.conv.3pruning_point": 4.7646844905102625e-06, "module.features.15.conv.6pruning_point": 0.0955633893609047, "module.features.16.conv.0pruning_point": 0.09497892111539841, "module.features.16.conv.3pruning_point": 0.00015142922347877175, "module.features.16.conv.6pruning_point": 0.09405075758695602, "module.features.17.conv.0pruning_point": 0.054243072867393494, "module.features.17.conv.3pruning_point": 0.0, "module.features.17.conv.6pruning_point": 0.02914181910455227, "module.conv.0pruning_point": 0.020203910768032074, "hard_pruning_sparsity": 0.47789761424064636, "_wandb": {"runtime": 12181}}