{"module.features.0.0": 0.0, "module.features.1.conv.0": 0.3368055522441864, "module.features.1.conv.3": 0.87109375, "module.features.2.conv.0": 0.8235677480697632, "module.features.2.conv.3": 0.04282407462596893, "module.features.2.conv.6": 0.8654513955116272, "module.features.3.conv.0": 0.8075810074806213, "module.features.3.conv.3": 0.08256173133850098, "module.features.3.conv.6": 0.850694477558136, "module.features.4.conv.0": 0.8631365895271301, "module.features.4.conv.3": 0.011574074625968933, "module.features.4.conv.6": 0.8537326455116272, "module.features.5.conv.0": 0.81591796875, "module.features.5.conv.3": 0.08622685074806213, "module.features.5.conv.6": 0.841796875, "module.features.6.conv.0": 0.8123372793197632, "module.features.6.conv.3": 0.109375, "module.features.6.conv.6": 0.8367513418197632, "module.features.7.conv.0": 0.826171875, "module.features.7.conv.3": 0.015046296641230583, "module.features.7.conv.6": 0.8084310293197632, "module.features.8.conv.0": 0.8333740234375, "module.features.8.conv.3": 0.13773147761821747, "module.features.8.conv.6": 0.8380534052848816, "module.features.9.conv.0": 0.8272298574447632, "module.features.9.conv.3": 0.18547454476356506, "module.features.9.conv.6": 0.85205078125, "module.features.10.conv.0": 0.822998046875, "module.features.10.conv.3": 0.1927083283662796, "module.features.10.conv.6": 0.8734537959098816, "module.features.11.conv.0": 0.8277994990348816, "module.features.11.conv.3": 0.12615740299224854, "module.features.11.conv.6": 0.8092448115348816, "module.features.12.conv.0": 0.8079788684844971, "module.features.12.conv.3": 0.17785494029521942, "module.features.12.conv.6": 0.8343641757965088, "module.features.13.conv.0": 0.7991898059844971, "module.features.13.conv.3": 0.1805555522441864, "module.features.13.conv.6": 0.8395724892616272, "module.features.14.conv.0": 0.7883391380310059, "module.features.14.conv.3": 0.0329861119389534, "module.features.14.conv.6": 0.7654079794883728, "module.features.15.conv.0": 0.7890755534172058, "module.features.15.conv.3": 0.06851851940155029, "module.features.15.conv.6": 0.7884049415588379, "module.features.16.conv.0": 0.7920117378234863, "module.features.16.conv.3": 0.10706018656492233, "module.features.16.conv.6": 0.78787761926651, "module.features.17.conv.0": 0.6706250309944153, "module.features.17.conv.3": 0.005092592444270849, "module.features.17.conv.6": 0.6955631971359253, "module.conv.0": 0.6589599251747131, "module.classifier": 0.0, "_timestamp": 1667968518, "_runtime": 4691, "_step": 4, "t_top1": 31.264308243960752, "t_top5": 55.40956019004548, "t_loss": 3.3437765052457107, "v_top1": 10.124, "v_top5": 25.182, "v_loss": 5.24651551361084, "sparsity": 0.4609699249267578, "masking_loss": 2.9644368114745197, "module.features.1.conv.0pruning_point": 0.006866006180644035, "module.features.1.conv.3pruning_point": 1.4464566707611084, "module.features.2.conv.0pruning_point": 0.8832157850265503, "module.features.2.conv.3pruning_point": 0.0007223819266073406, "module.features.2.conv.6pruning_point": 0.6188482046127319, "module.features.3.conv.0pruning_point": 0.42910829186439514, "module.features.3.conv.3pruning_point": 0.0008641833555884659, "module.features.3.conv.6pruning_point": 0.4652665853500366, "module.features.4.conv.0pruning_point": 0.5579928159713745, "module.features.4.conv.3pruning_point": 9.807428796193562e-06, "module.features.4.conv.6pruning_point": 0.4478456974029541, "module.features.5.conv.0pruning_point": 0.3195761740207672, "module.features.5.conv.3pruning_point": 0.0002516480744816363, "module.features.5.conv.6pruning_point": 0.34861788153648376, "module.features.6.conv.0pruning_point": 0.3009916841983795, "module.features.6.conv.3pruning_point": 0.0005002687103115022, "module.features.6.conv.6pruning_point": 0.33365097641944885, "module.features.7.conv.0pruning_point": 0.4224018454551697, "module.features.7.conv.3pruning_point": 0.0, "module.features.7.conv.6pruning_point": 0.2969227433204651, "module.features.8.conv.0pruning_point": 0.1916453242301941, "module.features.8.conv.3pruning_point": 0.001757342484779656, "module.features.8.conv.6pruning_point": 0.18695856630802155, "module.features.9.conv.0pruning_point": 0.1753210425376892, "module.features.9.conv.3pruning_point": 0.0035855676978826523, "module.features.9.conv.6pruning_point": 0.17979827523231506, "module.features.10.conv.0pruning_point": 0.17127086222171783, "module.features.10.conv.3pruning_point": 3.8046009649406187e-06, "module.features.10.conv.6pruning_point": 0.17880693078041077, "module.features.11.conv.0pruning_point": 0.2273634970188141, "module.features.11.conv.3pruning_point": 0.009392920881509781, "module.features.11.conv.6pruning_point": 0.18839803338050842, "module.features.12.conv.0pruning_point": 0.13363300263881683, "module.features.12.conv.3pruning_point": 0.0006558298482559621, "module.features.12.conv.6pruning_point": 0.1425331085920334, "module.features.13.conv.0pruning_point": 0.1313886046409607, "module.features.13.conv.3pruning_point": 0.00021633972937706858, "module.features.13.conv.6pruning_point": 0.14167575538158417, "module.features.14.conv.0pruning_point": 0.15895365178585052, "module.features.14.conv.3pruning_point": 0.000172768413904123, "module.features.14.conv.6pruning_point": 0.12129080295562744, "module.features.15.conv.0pruning_point": 0.09829557687044144, "module.features.15.conv.3pruning_point": 0.00019303703447803855, "module.features.15.conv.6pruning_point": 0.09842569380998611, "module.features.16.conv.0pruning_point": 0.09712871164083481, "module.features.16.conv.3pruning_point": 0.00030704744858667254, "module.features.16.conv.6pruning_point": 0.09799718856811523, "module.features.17.conv.0pruning_point": 0.07765254378318787, "module.features.17.conv.3pruning_point": 0.0, "module.features.17.conv.6pruning_point": 0.0664370134472847, "module.conv.0pruning_point": 0.05825059488415718, "hard_pruning_sparsity": 0.5435606837272644}