{"module.features.0.0": 0.0, "module.features.1.conv.0": 0.3402777910232544, "module.features.1.conv.3": 0.701171875, "module.features.2.conv.0": 0.66796875, "module.features.2.conv.3": 0.039351850748062134, "module.features.2.conv.6": 0.7118055820465088, "module.features.3.conv.0": 0.7225115895271301, "module.features.3.conv.3": 0.08024691045284271, "module.features.3.conv.6": 0.7349537014961243, "module.features.4.conv.0": 0.6782407164573669, "module.features.4.conv.3": 0.012345679104328156, "module.features.4.conv.6": 0.7287326455116272, "module.features.5.conv.0": 0.7433268427848816, "module.features.5.conv.3": 0.09259259700775146, "module.features.5.conv.6": 0.7364909052848816, "module.features.6.conv.0": 0.7249349355697632, "module.features.6.conv.3": 0.10648148506879807, "module.features.6.conv.6": 0.75732421875, "module.features.7.conv.0": 0.7091471552848816, "module.features.7.conv.3": 0.0173611119389534, "module.features.7.conv.6": 0.71923828125, "module.features.8.conv.0": 0.7899577021598816, "module.features.8.conv.3": 0.1388888955116272, "module.features.8.conv.6": 0.7900797724723816, "module.features.9.conv.0": 0.7576904296875, "module.features.9.conv.3": 0.1848958283662796, "module.features.9.conv.6": 0.7977294921875, "module.features.10.conv.0": 0.7388509511947632, "module.features.10.conv.3": 0.20457175374031067, "module.features.10.conv.6": 0.8233642578125, "module.features.11.conv.0": 0.7137044668197632, "module.features.11.conv.3": 0.14525462687015533, "module.features.11.conv.6": 0.7219780683517456, "module.features.12.conv.0": 0.7375036478042603, "module.features.12.conv.3": 0.19560185074806213, "module.features.12.conv.6": 0.7662579417228699, "module.features.13.conv.0": 0.7137767672538757, "module.features.13.conv.3": 0.1861496865749359, "module.features.13.conv.6": 0.7721354365348816, "module.features.14.conv.0": 0.7121853232383728, "module.features.14.conv.3": 0.02816358022391796, "module.features.14.conv.6": 0.6788303256034851, "module.features.15.conv.0": 0.7014257907867432, "module.features.15.conv.3": 0.06921295821666718, "module.features.15.conv.6": 0.70145183801651, "module.features.16.conv.0": 0.7057942748069763, "module.features.16.conv.3": 0.1119212955236435, "module.features.16.conv.6": 0.7135026454925537, "module.features.17.conv.0": 0.5586133003234863, "module.features.17.conv.3": 0.004398148041218519, "module.features.17.conv.6": 0.5969336032867432, "module.conv.0": 0.5380053520202637, "module.classifier": 0.0, "_timestamp": 1668000827, "_runtime": 23260, "_step": 20, "t_top1": 46.80154890032363, "t_top5": 71.3981861849392, "t_loss": 2.4049851665102366, "v_top1": 53.224, "v_top5": 77.906, "v_loss": 2.0120453746795652, "sparsity": 0.40398702025413513, "masking_loss": 0.7193530130938608, "module.features.1.conv.0pruning_point": 0.007324406877160072, "module.features.1.conv.3pruning_point": 1.841164469718933, "module.features.2.conv.0pruning_point": 1.0897102355957031, "module.features.2.conv.3pruning_point": 0.00036528296186588705, "module.features.2.conv.6pruning_point": 0.8796101808547974, "module.features.3.conv.0pruning_point": 0.6203877329826355, "module.features.3.conv.3pruning_point": 0.0032864827662706375, "module.features.3.conv.6pruning_point": 0.6846010088920593, "module.features.4.conv.0pruning_point": 0.7895780205726624, "module.features.4.conv.3pruning_point": 0.00012156961747677997, "module.features.4.conv.6pruning_point": 0.6724908947944641, "module.features.5.conv.0pruning_point": 0.4614546298980713, "module.features.5.conv.3pruning_point": 0.0007115081534720957, "module.features.5.conv.6pruning_point": 0.48889511823654175, "module.features.6.conv.0pruning_point": 0.4459187984466553, "module.features.6.conv.3pruning_point": 0.00016612058971077204, "module.features.6.conv.6pruning_point": 0.4692012369632721, "module.features.7.conv.0pruning_point": 0.6404682397842407, "module.features.7.conv.3pruning_point": 0.00011618436110438779, "module.features.7.conv.6pruning_point": 0.430210679769516, "module.features.8.conv.0pruning_point": 0.26093682646751404, "module.features.8.conv.3pruning_point": 0.0034336531534790993, "module.features.8.conv.6pruning_point": 0.26378121972084045, "module.features.9.conv.0pruning_point": 0.24169637262821198, "module.features.9.conv.3pruning_point": 0.004069369751960039, "module.features.9.conv.6pruning_point": 0.25144222378730774, "module.features.10.conv.0pruning_point": 0.23696079850196838, "module.features.10.conv.3pruning_point": 0.0012534800916910172, "module.features.10.conv.6pruning_point": 0.24840520322322845, "module.features.11.conv.0pruning_point": 0.33027300238609314, "module.features.11.conv.3pruning_point": 0.0165078267455101, "module.features.11.conv.6pruning_point": 0.27327197790145874, "module.features.12.conv.0pruning_point": 0.17531795799732208, "module.features.12.conv.3pruning_point": 0.0033165309578180313, "module.features.12.conv.6pruning_point": 0.194541797041893, "module.features.13.conv.0pruning_point": 0.1789107620716095, "module.features.13.conv.3pruning_point": 0.0004892770084552467, "module.features.13.conv.6pruning_point": 0.19376567006111145, "module.features.14.conv.0pruning_point": 0.2533157169818878, "module.features.14.conv.3pruning_point": 1.925329524965491e-05, "module.features.14.conv.6pruning_point": 0.17906977236270905, "module.features.15.conv.0pruning_point": 0.13074547052383423, "module.features.15.conv.3pruning_point": 0.00018509911024011672, "module.features.15.conv.6pruning_point": 0.13365839421749115, "module.features.16.conv.0pruning_point": 0.1314595341682434, "module.features.16.conv.3pruning_point": 0.0012853937223553658, "module.features.16.conv.6pruning_point": 0.1325153261423111, "module.features.17.conv.0pruning_point": 0.09169211238622665, "module.features.17.conv.3pruning_point": 0.0006820624112151563, "module.features.17.conv.6pruning_point": 0.08252031356096268, "module.conv.0pruning_point": 0.06092102453112602, "hard_pruning_sparsity": 0.516907811164856}