{"module.features.0.0": 0.0, "module.features.1.conv.0": 0.2569444477558136, "module.features.1.conv.3": 0.3828125, "module.features.2.conv.0": 0.0677083358168602, "module.features.2.conv.3": 0.10879629850387573, "module.features.2.conv.6": 0.06640625, "module.features.3.conv.0": 0.0651041641831398, "module.features.3.conv.3": 0.054012347012758255, "module.features.3.conv.6": 0.0625, "module.features.4.conv.0": 0.055844906717538834, "module.features.4.conv.3": 0.030092593282461166, "module.features.4.conv.6": 0.0631510391831398, "module.features.5.conv.0": 0.0615234375, "module.features.5.conv.3": 0.0451388880610466, "module.features.5.conv.6": 0.0709635466337204, "module.features.6.conv.0": 0.0652669295668602, "module.features.6.conv.3": 0.0607638880610466, "module.features.6.conv.6": 0.060546875, "module.features.7.conv.0": 0.0673828125, "module.features.7.conv.3": 0.027199074625968933, "module.features.7.conv.6": 0.05908203125, "module.features.8.conv.0": 0.0714518278837204, "module.features.8.conv.3": 0.0520833320915699, "module.features.8.conv.6": 0.0659586638212204, "module.features.9.conv.0": 0.0780436247587204, "module.features.9.conv.3": 0.0555555559694767, "module.features.9.conv.6": 0.0743408203125, "module.features.10.conv.0": 0.5931803584098816, "module.features.10.conv.3": 0.062210649251937866, "module.features.10.conv.6": 0.8921305537223816, "module.features.11.conv.0": 0.077392578125, "module.features.11.conv.3": 0.055266205221414566, "module.features.11.conv.6": 0.8014865517616272, "module.features.12.conv.0": 0.9471028447151184, "module.features.12.conv.3": 0.05787036940455437, "module.features.12.conv.6": 0.9593822360038757, "module.features.13.conv.0": 0.9387840032577515, "module.features.13.conv.3": 0.05787036940455437, "module.features.13.conv.6": 0.9623481035232544, "module.features.14.conv.0": 0.11499927937984467, "module.features.14.conv.3": 0.05092592537403107, "module.features.14.conv.6": 0.9122287631034851, "module.features.15.conv.0": 0.9857226610183716, "module.features.15.conv.3": 0.08576388657093048, "module.features.15.conv.6": 0.988854169845581, "module.features.16.conv.0": 0.9880989789962769, "module.features.16.conv.3": 0.08379629254341125, "module.features.16.conv.6": 0.9927929639816284, "module.features.17.conv.0": 0.9361914396286011, "module.features.17.conv.3": 0.08784721791744232, "module.features.17.conv.6": 0.9684961438179016, "module.conv.0": 0.9720214605331421, "module.classifier": 0.0, "_timestamp": 1667482856, "_runtime": 2753, "_step": 181, "t_top1": 97.968, "t_top5": 99.996, "t_loss": 0.05774574779033661, "v_top1": 90.6, "v_top5": 99.6, "v_loss": 0.3719570806026459, "sparsity": 0.8315541744232178, "masking_loss": 8.63912700958252, "module.features.1.conv.0pruning_point": 0.024495938792824745, "module.features.1.conv.3pruning_point": 0.0854877308011055, "module.features.2.conv.0pruning_point": 0.0012943156762048602, "module.features.2.conv.3pruning_point": 0.01034990418702364, "module.features.2.conv.6pruning_point": 0.0027594082057476044, "module.features.3.conv.0pruning_point": 0.0010203842539340258, "module.features.3.conv.3pruning_point": 0.0008931481861509383, "module.features.3.conv.6pruning_point": 0.000854790152516216, "module.features.4.conv.0pruning_point": 0.0014378202613443136, "module.features.4.conv.3pruning_point": 7.630829713889398e-06, "module.features.4.conv.6pruning_point": 0.0011388829443603754, "module.features.5.conv.0pruning_point": 0.0004354203410912305, "module.features.5.conv.3pruning_point": 0.00024135742569342256, "module.features.5.conv.6pruning_point": 0.0009826611494645476, "module.features.6.conv.0pruning_point": 0.0013767804484814405, "module.features.6.conv.3pruning_point": 0.0007530067814514041, "module.features.6.conv.6pruning_point": 0.00023247022181749344, "module.features.7.conv.0pruning_point": 0.001990912016481161, "module.features.7.conv.3pruning_point": 1.6129992218338884e-05, "module.features.7.conv.6pruning_point": 0.0002750373969320208, "module.features.8.conv.0pruning_point": 0.0009717184584587812, "module.features.8.conv.3pruning_point": 0.00018759720842354, "module.features.8.conv.6pruning_point": 0.0003866330371238291, "module.features.9.conv.0pruning_point": 0.0015908374916762114, "module.features.9.conv.3pruning_point": 0.00046523925266228616, "module.features.9.conv.6pruning_point": 0.0011384915560483932, "module.features.10.conv.0pruning_point": 0.06850594282150269, "module.features.10.conv.3pruning_point": 4.524837549979566e-06, "module.features.10.conv.6pruning_point": 0.13325321674346924, "module.features.11.conv.0pruning_point": 0.0015503119211643934, "module.features.11.conv.3pruning_point": 0.0001988329750020057, "module.features.11.conv.6pruning_point": 0.12981615960597992, "module.features.12.conv.0pruning_point": 0.10964611172676086, "module.features.12.conv.3pruning_point": 0.000518695218488574, "module.features.12.conv.6pruning_point": 0.09997008740901947, "module.features.13.conv.0pruning_point": 0.09825638681650162, "module.features.13.conv.3pruning_point": 0.00033888613688759506, "module.features.13.conv.6pruning_point": 0.09145956486463547, "module.features.14.conv.0pruning_point": 0.004200986120849848, "module.features.14.conv.3pruning_point": 4.20341029894189e-06, "module.features.14.conv.6pruning_point": 0.0786009132862091, "module.features.15.conv.0pruning_point": 0.0514289066195488, "module.features.15.conv.3pruning_point": 0.00027825511642731726, "module.features.15.conv.6pruning_point": 0.052654147148132324, "module.features.16.conv.0pruning_point": 0.05240027606487274, "module.features.16.conv.3pruning_point": 9.738232620293275e-05, "module.features.16.conv.6pruning_point": 0.05031079798936844, "module.features.17.conv.0pruning_point": 0.06443885713815689, "module.features.17.conv.3pruning_point": 0.0011920332908630371, "module.features.17.conv.6pruning_point": 0.04227777197957039, "module.conv.0pruning_point": 0.034312788397073746, "_wandb": {"runtime": 2754}}