{"module.features.0.0": 0.0, "module.features.1.conv.0": 0.315972238779068, "module.features.1.conv.3": 0.751953125, "module.features.2.conv.0": 0.7643229365348816, "module.features.2.conv.3": 0.0381944440305233, "module.features.2.conv.6": 0.640625, "module.features.3.conv.0": 0.8200231790542603, "module.features.3.conv.3": 0.08024691045284271, "module.features.3.conv.6": 0.8275462985038757, "module.features.4.conv.0": 0.5789930820465088, "module.features.4.conv.3": 0.014660494402050972, "module.features.4.conv.6": 0.0657552108168602, "module.features.5.conv.0": 0.87841796875, "module.features.5.conv.3": 0.09143518656492233, "module.features.5.conv.6": 0.8478190302848816, "module.features.6.conv.0": 0.9500325918197632, "module.features.6.conv.3": 0.14178240299224854, "module.features.6.conv.6": 0.943359375, "module.features.7.conv.0": 0.08154296875, "module.features.7.conv.3": 0.014467592351138592, "module.features.7.conv.6": 0.0565592460334301, "module.features.8.conv.0": 0.8601481318473816, "module.features.8.conv.3": 0.18171297013759613, "module.features.8.conv.6": 0.8695068359375, "module.features.9.conv.0": 0.9176839590072632, "module.features.9.conv.3": 0.2109375, "module.features.9.conv.6": 0.925048828125, "module.features.10.conv.0": 0.93896484375, "module.features.10.conv.3": 0.2248263955116272, "module.features.10.conv.6": 0.9449869990348816, "module.features.11.conv.0": 0.143310546875, "module.features.11.conv.3": 0.31134259700775146, "module.features.11.conv.6": 0.2517361044883728, "module.features.12.conv.0": 0.8342194557189941, "module.features.12.conv.3": 0.22472994029521942, "module.features.12.conv.6": 0.8594292402267456, "module.features.13.conv.0": 0.804796040058136, "module.features.13.conv.3": 0.2413194477558136, "module.features.13.conv.6": 0.858995258808136, "module.features.14.conv.0": 0.20612703263759613, "module.features.14.conv.3": 0.031828705221414566, "module.features.14.conv.6": 0.2986002564430237, "module.features.15.conv.0": 0.1366731822490692, "module.features.15.conv.3": 0.06180555373430252, "module.features.15.conv.6": 0.6426432728767395, "module.features.16.conv.0": 0.5787435173988342, "module.features.16.conv.3": 0.11643518507480621, "module.features.16.conv.6": 0.655358076095581, "module.features.17.conv.0": 0.0518684908747673, "module.features.17.conv.3": 0.00416666641831398, "module.features.17.conv.6": 0.10560546815395355, "module.conv.0": 0.046965330839157104, "module.classifier": 0.0, "_timestamp": 1667902707.725461, "_runtime": 10999.891448020935, "_step": 12, "t_top1": 54.831805689626606, "t_top5": 77.6800370287402, "t_loss": 1.9922663879309002, "v_top1": 55.612, "v_top5": 79.52, "v_loss": 1.9095254642486572, "sparsity": 0.22563059628009796, "masking_loss": 2.308172760264887, "module.features.1.conv.0pruning_point": 0.0011271925177425146, "module.features.1.conv.3pruning_point": 0.23598536849021912, "module.features.2.conv.0pruning_point": 0.21058425307273865, "module.features.2.conv.3pruning_point": 0.00017635987023822963, "module.features.2.conv.6pruning_point": 0.17803172767162323, "module.features.3.conv.0pruning_point": 0.18592189252376556, "module.features.3.conv.3pruning_point": 0.0005956155364401639, "module.features.3.conv.6pruning_point": 0.18612442910671234, "module.features.4.conv.0pruning_point": 0.14875850081443787, "module.features.4.conv.3pruning_point": 0.0, "module.features.4.conv.6pruning_point": 0.0003616014146246016, "module.features.5.conv.0pruning_point": 0.15505415201187134, "module.features.5.conv.3pruning_point": 0.0, "module.features.5.conv.6pruning_point": 0.14168411493301392, "module.features.6.conv.0pruning_point": 0.1751125305891037, "module.features.6.conv.3pruning_point": 0.000927915156353265, "module.features.6.conv.6pruning_point": 0.182266503572464, "module.features.7.conv.0pruning_point": 0.0007186639704741538, "module.features.7.conv.3pruning_point": 2.9043882022961043e-05, "module.features.7.conv.6pruning_point": 0.0004399532626848668, "module.features.8.conv.0pruning_point": 0.08876343816518784, "module.features.8.conv.3pruning_point": 0.00019225232244934887, "module.features.8.conv.6pruning_point": 0.09310194849967957, "module.features.9.conv.0pruning_point": 0.10819792747497559, "module.features.9.conv.3pruning_point": 0.0003426926559768617, "module.features.9.conv.6pruning_point": 0.10546062886714935, "module.features.10.conv.0pruning_point": 0.11604733020067215, "module.features.10.conv.3pruning_point": 0.00023713447444606572, "module.features.10.conv.6pruning_point": 0.10566698759794235, "module.features.11.conv.0pruning_point": 0.0005130148492753506, "module.features.11.conv.3pruning_point": 0.002220951020717621, "module.features.11.conv.6pruning_point": 0.005602044053375721, "module.features.12.conv.0pruning_point": 0.07074198126792908, "module.features.12.conv.3pruning_point": 0.00020007608691230416, "module.features.12.conv.6pruning_point": 0.07804930955171585, "module.features.13.conv.0pruning_point": 0.06928285956382751, "module.features.13.conv.3pruning_point": 0.0003659925714600831, "module.features.13.conv.6pruning_point": 0.0783928781747818, "module.features.14.conv.0pruning_point": 0.0013896339805796742, "module.features.14.conv.3pruning_point": 0.0, "module.features.14.conv.6pruning_point": 0.005472549237310886, "module.features.15.conv.0pruning_point": 0.0002109221532009542, "module.features.15.conv.3pruning_point": 4.675432592193829e-06, "module.features.15.conv.6pruning_point": 0.043653108179569244, "module.features.16.conv.0pruning_point": 0.04026661440730095, "module.features.16.conv.3pruning_point": 0.000378837255993858, "module.features.16.conv.6pruning_point": 0.046542275696992874, "module.features.17.conv.0pruning_point": 4.175251888227649e-05, "module.features.17.conv.3pruning_point": 4.1363497871316213e-07, "module.features.17.conv.6pruning_point": 6.477380520664155e-05, "module.conv.0pruning_point": 6.562252383446321e-05, "hard_pruning_sparsity": 0.25253620743751526, "_wandb": {"runtime": 12222}}