{"module.features.0.0": 0.0, "module.features.1.conv.0": 0.2743055522441864, "module.features.1.conv.3": 0.419921875, "module.features.2.conv.0": 0.0611979179084301, "module.features.2.conv.3": 0.13078704476356506, "module.features.2.conv.6": 0.15625, "module.features.3.conv.0": 0.0616319440305233, "module.features.3.conv.3": 0.054012347012758255, "module.features.3.conv.6": 0.0581597238779068, "module.features.4.conv.0": 0.0607638880610466, "module.features.4.conv.3": 0.022376542910933495, "module.features.4.conv.6": 0.060546875, "module.features.5.conv.0": 0.0579427108168602, "module.features.5.conv.3": 0.05324074253439903, "module.features.5.conv.6": 0.0655924528837204, "module.features.6.conv.0": 0.060546875, "module.features.6.conv.3": 0.056134261190891266, "module.features.6.conv.6": 0.0589192733168602, "module.features.7.conv.0": 0.0693359375, "module.features.7.conv.3": 0.027199074625968933, "module.features.7.conv.6": 0.0584309920668602, "module.features.8.conv.0": 0.0675862655043602, "module.features.8.conv.3": 0.048321761190891266, "module.features.8.conv.6": 0.0666910856962204, "module.features.9.conv.0": 0.0684407576918602, "module.features.9.conv.3": 0.05758101865649223, "module.features.9.conv.6": 0.9510905146598816, "module.features.10.conv.0": 0.990966796875, "module.features.10.conv.3": 0.06192129850387573, "module.features.10.conv.6": 0.969482421875, "module.features.11.conv.0": 0.0735270231962204, "module.features.11.conv.3": 0.047453705221414566, "module.features.11.conv.6": 0.9124891757965088, "module.features.12.conv.0": 0.9981192350387573, "module.features.12.conv.3": 0.05690586566925049, "module.features.12.conv.6": 0.9947735667228699, "module.features.13.conv.0": 0.9984085559844971, "module.features.13.conv.3": 0.05594135820865631, "module.features.13.conv.6": 0.9953703880310059, "module.features.14.conv.0": 0.8791232705116272, "module.features.14.conv.3": 0.04783950746059418, "module.features.14.conv.6": 0.9796224236488342, "module.features.15.conv.0": 0.9996094107627869, "module.features.15.conv.3": 0.09039351344108582, "module.features.15.conv.6": 0.9986914396286011, "module.features.16.conv.0": 0.9999219179153442, "module.features.16.conv.3": 0.08182870596647263, "module.features.16.conv.6": 0.9987890720367432, "module.features.17.conv.0": 0.9917122721672058, "module.features.17.conv.3": 0.10173610597848892, "module.features.17.conv.6": 0.992942750453949, "module.conv.0": 0.9901806712150574, "module.classifier": 0.0, "_timestamp": 1667498728, "_runtime": 2388, "_step": 241, "t_top1": 98.948, "t_top5": 100.0, "t_loss": 0.030466004455089568, "v_top1": 90.5, "v_top5": 99.61, "v_loss": 0.42400876033306123, "sparsity": 0.8884570598602295, "masking_loss": 0, "module.features.1.conv.0pruning_point": 0.02891802042722702, "module.features.1.conv.3pruning_point": 0.12397458404302597, "module.features.2.conv.0pruning_point": 0.0013638937380164862, "module.features.2.conv.3pruning_point": 0.016143102198839188, "module.features.2.conv.6pruning_point": 0.03947388753294945, "module.features.3.conv.0pruning_point": 0.001003146986477077, "module.features.3.conv.3pruning_point": 0.002726356266066432, "module.features.3.conv.6pruning_point": 0.00023836288892198354, "module.features.4.conv.0pruning_point": 0.0022418771404772997, "module.features.4.conv.3pruning_point": 8.033923950279132e-05, "module.features.4.conv.6pruning_point": 0.0009041028679348528, "module.features.5.conv.0pruning_point": 0.0003573515568859875, "module.features.5.conv.3pruning_point": 0.0005359908100217581, "module.features.5.conv.6pruning_point": 0.0005414091283455491, "module.features.6.conv.0pruning_point": 0.001248885178938508, "module.features.6.conv.3pruning_point": 0.00029933566111139953, "module.features.6.conv.6pruning_point": 0.00021031727374065667, "module.features.7.conv.0pruning_point": 0.002290389034897089, "module.features.7.conv.3pruning_point": 1.110006593307844e-07, "module.features.7.conv.6pruning_point": 0.00019921452621929348, "module.features.8.conv.0pruning_point": 0.000813571794424206, "module.features.8.conv.3pruning_point": 0.0001555881171952933, "module.features.8.conv.6pruning_point": 0.0006588844698853791, "module.features.9.conv.0pruning_point": 0.0007849533576518297, "module.features.9.conv.3pruning_point": 0.0005532762734219432, "module.features.9.conv.6pruning_point": 0.13705898821353912, "module.features.10.conv.0pruning_point": 0.16157932579517365, "module.features.10.conv.3pruning_point": 0.00041447498369961977, "module.features.10.conv.6pruning_point": 0.14088240265846252, "module.features.11.conv.0pruning_point": 0.001355667831376195, "module.features.11.conv.3pruning_point": 5.270843030302785e-05, "module.features.11.conv.6pruning_point": 0.13071542978286743, "module.features.12.conv.0pruning_point": 0.11470985412597656, "module.features.12.conv.3pruning_point": 0.00029583144350908697, "module.features.12.conv.6pruning_point": 0.11551681160926819, "module.features.13.conv.0pruning_point": 0.11193126440048218, "module.features.13.conv.3pruning_point": 0.0005664132186211646, "module.features.13.conv.6pruning_point": 0.10778750479221344, "module.features.14.conv.0pruning_point": 0.07536196708679199, "module.features.14.conv.3pruning_point": 3.79382818493923e-08, "module.features.14.conv.6pruning_point": 0.08268265426158905, "module.features.15.conv.0pruning_point": 0.051225099712610245, "module.features.15.conv.3pruning_point": 0.0004495044704526663, "module.features.15.conv.6pruning_point": 0.05426746606826782, "module.features.16.conv.0pruning_point": 0.05447416380047798, "module.features.16.conv.3pruning_point": 4.0616869227960706e-05, "module.features.16.conv.6pruning_point": 0.05179142951965332, "module.features.17.conv.0pruning_point": 0.06710044294595718, "module.features.17.conv.3pruning_point": 0.0020561660639941692, "module.features.17.conv.6pruning_point": 0.043961845338344574, "module.conv.0pruning_point": 0.03600554168224335, "_wandb": {"runtime": 2389}}