{"module.features.0.0": 0.0, "module.features.1.conv.0": 0.375, "module.features.1.conv.3": 0.384765625, "module.features.2.conv.0": 0.1263020932674408, "module.features.2.conv.3": 0.0381944440305233, "module.features.2.conv.6": 0.0846354141831398, "module.features.3.conv.0": 0.9105902910232544, "module.features.3.conv.3": 0.06790123879909515, "module.features.3.conv.6": 0.9123263955116272, "module.features.4.conv.0": 0.18287037312984467, "module.features.4.conv.3": 0.01697530969977379, "module.features.4.conv.6": 0.0590277798473835, "module.features.5.conv.0": 0.9305013418197632, "module.features.5.conv.3": 0.08391203731298447, "module.features.5.conv.6": 0.9306640625, "module.features.6.conv.0": 0.9894205927848816, "module.features.6.conv.3": 0.118055559694767, "module.features.6.conv.6": 0.97998046875, "module.features.7.conv.0": 0.12255859375, "module.features.7.conv.3": 0.017939815297722816, "module.features.7.conv.6": 0.0714518278837204, "module.features.8.conv.0": 0.9634196162223816, "module.features.8.conv.3": 0.14728009700775146, "module.features.8.conv.6": 0.9491373896598816, "module.features.9.conv.0": 0.9791259765625, "module.features.9.conv.3": 0.18894675374031067, "module.features.9.conv.6": 0.9624430537223816, "module.features.10.conv.0": 0.9733073115348816, "module.features.10.conv.3": 0.2013888955116272, "module.features.10.conv.6": 0.9727783203125, "module.features.11.conv.0": 0.1508382260799408, "module.features.11.conv.3": 0.126736119389534, "module.features.11.conv.6": 0.781982421875, "module.features.12.conv.0": 0.9568142294883728, "module.features.12.conv.3": 0.1965663582086563, "module.features.12.conv.6": 0.9549153447151184, "module.features.13.conv.0": 0.9495623707771301, "module.features.13.conv.3": 0.20717592537403107, "module.features.13.conv.6": 0.9626736044883728, "module.features.14.conv.0": 0.7179904580116272, "module.features.14.conv.3": 0.030671296641230583, "module.features.14.conv.6": 0.7250325679779053, "module.features.15.conv.0": 0.8534765839576721, "module.features.15.conv.3": 0.07777777314186096, "module.features.15.conv.6": 0.8932031393051147, "module.features.16.conv.0": 0.8872265815734863, "module.features.16.conv.3": 0.13344907760620117, "module.features.16.conv.6": 0.9163997769355774, "module.features.17.conv.0": 0.06505859643220901, "module.features.17.conv.3": 0.004629629664123058, "module.features.17.conv.6": 0.6421158909797668, "module.conv.0": 0.06010497733950615, "module.classifier": 0.0, "_timestamp": 1667814799.5467062, "_runtime": 6630.093291282654, "_step": 8, "t_top1": 47.1991551452699, "t_top5": 71.11929982586189, "t_loss": 2.410693768225271, "v_top1": 50.522, "v_top5": 75.46, "v_loss": 2.176936409301758, "sparsity": 0.377619206905365, "masking_loss": 11.08080928906364, "module.features.1.conv.0pruning_point": 0.07943755388259888, "module.features.1.conv.3pruning_point": 0.052683502435684204, "module.features.2.conv.0pruning_point": 0.021369490772485733, "module.features.2.conv.3pruning_point": 0.00010854543506866321, "module.features.2.conv.6pruning_point": 0.009202309884130955, "module.features.3.conv.0pruning_point": 0.2290162295103073, "module.features.3.conv.3pruning_point": 0.00024281488731503487, "module.features.3.conv.6pruning_point": 0.2601494789123535, "module.features.4.conv.0pruning_point": 0.034224651753902435, "module.features.4.conv.3pruning_point": 6.979576573939994e-05, "module.features.4.conv.6pruning_point": 0.0022378768771886826, "module.features.5.conv.0pruning_point": 0.19020357728004456, "module.features.5.conv.3pruning_point": 0.0004131433670409024, "module.features.5.conv.6pruning_point": 0.2114664614200592, "module.features.6.conv.0pruning_point": 0.23021778464317322, "module.features.6.conv.3pruning_point": 0.0011503295972943306, "module.features.6.conv.6pruning_point": 0.21712227165699005, "module.features.7.conv.0pruning_point": 0.018286027014255524, "module.features.7.conv.3pruning_point": 0.00015808963507879525, "module.features.7.conv.6pruning_point": 0.0027842449489980936, "module.features.8.conv.0pruning_point": 0.14475467801094055, "module.features.8.conv.3pruning_point": 0.0033198436722159386, "module.features.8.conv.6pruning_point": 0.1396263986825943, "module.features.9.conv.0pruning_point": 0.152736634016037, "module.features.9.conv.3pruning_point": 0.003668807679787278, "module.features.9.conv.6pruning_point": 0.13018912076950073, "module.features.10.conv.0pruning_point": 0.14369820058345795, "module.features.10.conv.3pruning_point": 0.0003014083195012063, "module.features.10.conv.6pruning_point": 0.13474902510643005, "module.features.11.conv.0pruning_point": 0.014866316691040993, "module.features.11.conv.3pruning_point": 0.016555042937397957, "module.features.11.conv.6pruning_point": 0.12530478835105896, "module.features.12.conv.0pruning_point": 0.12069270014762878, "module.features.12.conv.3pruning_point": 0.002039010403677821, "module.features.12.conv.6pruning_point": 0.11760152876377106, "module.features.13.conv.0pruning_point": 0.12189576774835587, "module.features.13.conv.3pruning_point": 0.0027192889247089624, "module.features.13.conv.6pruning_point": 0.12118330597877502, "module.features.14.conv.0pruning_point": 0.10060819983482361, "module.features.14.conv.3pruning_point": 0.0, "module.features.14.conv.6pruning_point": 0.09363213926553726, "module.features.15.conv.0pruning_point": 0.07502477616071701, "module.features.15.conv.3pruning_point": 0.0015895580872893333, "module.features.15.conv.6pruning_point": 0.08930587768554688, "module.features.16.conv.0pruning_point": 0.08643869310617447, "module.features.16.conv.3pruning_point": 0.00409663375467062, "module.features.16.conv.6pruning_point": 0.09185202419757843, "module.features.17.conv.0pruning_point": 0.0008079201797954738, "module.features.17.conv.3pruning_point": 2.910874854933354e-06, "module.features.17.conv.6pruning_point": 0.05494106933474541, "module.conv.0pruning_point": 0.00047676110989414155, "hard_pruning_sparsity": 0.41128435730934143}