{"module.features.0.0": 0.0, "module.features.1.conv.0": 0.284722238779068, "module.features.1.conv.3": 0.337890625, "module.features.2.conv.0": 0.0696614608168602, "module.features.2.conv.3": 0.09606481343507767, "module.features.2.conv.6": 0.1701388955116272, "module.features.3.conv.0": 0.07002314925193787, "module.features.3.conv.3": 0.06790123879909515, "module.features.3.conv.6": 0.05873842537403107, "module.features.4.conv.0": 0.05873842537403107, "module.features.4.conv.3": 0.02777777798473835, "module.features.4.conv.6": 0.0659722238779068, "module.features.5.conv.0": 0.0628255233168602, "module.features.5.conv.3": 0.048032406717538834, "module.features.5.conv.6": 0.06298828125, "module.features.6.conv.0": 0.0725911483168602, "module.features.6.conv.3": 0.0659722238779068, "module.features.6.conv.6": 0.0584309920668602, "module.features.7.conv.0": 0.0546875, "module.features.7.conv.3": 0.032407406717538834, "module.features.7.conv.6": 0.060791015625, "module.features.8.conv.0": 0.074951171875, "module.features.8.conv.3": 0.05873842537403107, "module.features.8.conv.6": 0.06103515625, "module.features.9.conv.0": 0.0654703825712204, "module.features.9.conv.3": 0.054398149251937866, "module.features.9.conv.6": 0.0973307341337204, "module.features.10.conv.0": 0.1386311948299408, "module.features.10.conv.3": 0.06047453731298447, "module.features.10.conv.6": 0.9502360224723816, "module.features.11.conv.0": 0.06982421875, "module.features.11.conv.3": 0.053530093282461166, "module.features.11.conv.6": 0.8939887285232544, "module.features.12.conv.0": 0.9963288307189941, "module.features.12.conv.3": 0.059220679104328156, "module.features.12.conv.6": 0.9909396767616272, "module.features.13.conv.0": 0.9962203502655029, "module.features.13.conv.3": 0.06172839552164078, "module.features.13.conv.6": 0.9903971552848816, "module.features.14.conv.0": 0.07884837687015533, "module.features.14.conv.3": 0.05092592537403107, "module.features.14.conv.6": 0.9702256917953491, "module.features.15.conv.0": 0.9994726777076721, "module.features.15.conv.3": 0.09062499552965164, "module.features.15.conv.6": 0.9984440207481384, "module.features.16.conv.0": 0.9998177289962769, "module.features.16.conv.3": 0.08888888359069824, "module.features.16.conv.6": 0.9984831213951111, "module.features.17.conv.0": 0.9874218702316284, "module.features.17.conv.3": 0.08298610895872116, "module.features.17.conv.6": 0.9907682538032532, "module.conv.0": 0.987841784954071, "module.classifier": 0.0, "_timestamp": 1667496331, "_runtime": 2391, "_step": 241, "t_top1": 99.466, "t_top5": 100.0, "t_loss": 0.01604700427532196, "v_top1": 90.83, "v_top5": 99.65, "v_loss": 0.4536177187681198, "sparsity": 0.8469839692115784, "masking_loss": 0, "module.features.1.conv.0pruning_point": 0.02881753072142601, "module.features.1.conv.3pruning_point": 0.05542795732617378, "module.features.2.conv.0pruning_point": 0.0015961425378918648, "module.features.2.conv.3pruning_point": 0.009227669797837734, "module.features.2.conv.6pruning_point": 0.03901736065745354, "module.features.3.conv.0pruning_point": 0.0025738871190696955, "module.features.3.conv.3pruning_point": 0.0023509215097874403, "module.features.3.conv.6pruning_point": 0.00026616224204190075, "module.features.4.conv.0pruning_point": 0.0006551616825163364, "module.features.4.conv.3pruning_point": 0.0001088137723854743, "module.features.4.conv.6pruning_point": 0.0012453675735741854, "module.features.5.conv.0pruning_point": 0.0011940489057451487, "module.features.5.conv.3pruning_point": 0.0005781220970675349, "module.features.5.conv.6pruning_point": 0.0004578573571052402, "module.features.6.conv.0pruning_point": 0.0023544165305793285, "module.features.6.conv.3pruning_point": 0.0009435603278689086, "module.features.6.conv.6pruning_point": 0.0001817949378164485, "module.features.7.conv.0pruning_point": 0.00018388553871773183, "module.features.7.conv.3pruning_point": 0.0, "module.features.7.conv.6pruning_point": 0.0009418115369044244, "module.features.8.conv.0pruning_point": 0.001350795733742416, "module.features.8.conv.3pruning_point": 0.0006901049055159092, "module.features.8.conv.6pruning_point": 0.00012213386071380228, "module.features.9.conv.0pruning_point": 0.00025786241167224944, "module.features.9.conv.3pruning_point": 3.5739888062380487e-06, "module.features.9.conv.6pruning_point": 0.0030432261992245913, "module.features.10.conv.0pruning_point": 0.008322949521243572, "module.features.10.conv.3pruning_point": 0.00013323043822310865, "module.features.10.conv.6pruning_point": 0.12614116072654724, "module.features.11.conv.0pruning_point": 0.000683385122101754, "module.features.11.conv.3pruning_point": 3.282082616351545e-05, "module.features.11.conv.6pruning_point": 0.12539725005626678, "module.features.12.conv.0pruning_point": 0.10422125458717346, "module.features.12.conv.3pruning_point": 0.0009943884797394276, "module.features.12.conv.6pruning_point": 0.10385816544294357, "module.features.13.conv.0pruning_point": 0.09761451184749603, "module.features.13.conv.3pruning_point": 0.0006525384960696101, "module.features.13.conv.6pruning_point": 0.09340803325176239, "module.features.14.conv.0pruning_point": 0.0013189382152631879, "module.features.14.conv.3pruning_point": 4.1745305878748695e-08, "module.features.14.conv.6pruning_point": 0.07407854497432709, "module.features.15.conv.0pruning_point": 0.050905775278806686, "module.features.15.conv.3pruning_point": 0.0005131484940648079, "module.features.15.conv.6pruning_point": 0.05240500345826149, "module.features.16.conv.0pruning_point": 0.05120714381337166, "module.features.16.conv.3pruning_point": 0.00024957198183983564, "module.features.16.conv.6pruning_point": 0.048039257526397705, "module.features.17.conv.0pruning_point": 0.06092282012104988, "module.features.17.conv.3pruning_point": 0.0009122180636040866, "module.features.17.conv.6pruning_point": 0.041123561561107635, "module.conv.0pruning_point": 0.0337289460003376, "_wandb": {"runtime": 2392}}