{"module.features.1.conv.0": 0.1666666716337204, "module.features.1.conv.3": 0.513671875, "module.features.2.conv.0": 0.2057291716337204, "module.features.2.conv.3": 0.09375, "module.features.2.conv.6": 0.2170138955116272, "module.features.3.conv.0": 0.27575230598449707, "module.features.3.conv.3": 0.060956791043281555, "module.features.3.conv.6": 0.37962964177131653, "module.features.4.conv.0": 0.20804397761821747, "module.features.4.conv.3": 0.033179011195898056, "module.features.4.conv.6": 0.228515625, "module.features.5.conv.0": 0.3650716245174408, "module.features.5.conv.3": 0.05671296268701553, "module.features.5.conv.6": 0.3958333432674408, "module.features.6.conv.0": 0.328125, "module.features.6.conv.3": 0.06481481343507767, "module.features.6.conv.6": 0.4794921875, "module.features.7.conv.0": 0.1619466245174408, "module.features.7.conv.3": 0.030671296641230583, "module.features.7.conv.6": 0.2000325620174408, "module.features.8.conv.0": 0.5898844599723816, "module.features.8.conv.3": 0.05700231343507767, "module.features.8.conv.6": 0.6366373896598816, "module.features.9.conv.0": 0.5725504755973816, "module.features.9.conv.3": 0.0590277798473835, "module.features.9.conv.6": 0.7047119140625, "module.features.10.conv.0": 0.5677083730697632, "module.features.10.conv.3": 0.0538194440305233, "module.features.10.conv.6": 0.7415364980697632, "module.features.11.conv.0": 0.1922200620174408, "module.features.11.conv.3": 0.05005786940455437, "module.features.11.conv.6": 0.3844400942325592, "module.features.12.conv.0": 0.8048321604728699, "module.features.12.conv.3": 0.05459104850888252, "module.features.12.conv.6": 0.8655418157577515, "module.features.13.conv.0": 0.8215422630310059, "module.features.13.conv.3": 0.0538194440305233, "module.features.13.conv.6": 0.8807689547538757, "module.features.14.conv.0": 0.61328125, "module.features.14.conv.3": 0.05111882835626602, "module.features.14.conv.6": 0.796788215637207, "module.features.15.conv.0": 0.9439908862113953, "module.features.15.conv.3": 0.08078703284263611, "module.features.15.conv.6": 0.9659374952316284, "module.features.16.conv.0": 0.9718424677848816, "module.features.16.conv.3": 0.08055555075407028, "module.features.16.conv.6": 0.9858203530311584, "module.features.17.conv.0": 0.8140690326690674, "module.features.17.conv.3": 0.0773148164153099, "module.features.17.conv.6": 0.8949804902076721, "module.conv.0": 0.8563964366912842, "block_sparsity": 0.8549624681472778, "_timestamp": 1668172476.814525, "_runtime": 3282.540673971176, "_step": 144, "t_top1": 97.028, "t_top5": 99.994, "t_loss": 0.08212581954360008, "v_top1": 89.05, "v_top5": 99.55, "v_loss": 0.4224920131444931, "sparsity": 0.8102874755859375, "masking_loss": 1.020598479423523, "module.features.1.conv.0pruning_point": 0.011282075196504593, "module.features.1.conv.3pruning_point": 0.1341509371995926, "module.features.2.conv.0pruning_point": 0.04274643585085869, "module.features.2.conv.3pruning_point": 0.002099471166729927, "module.features.2.conv.6pruning_point": 0.04066435620188713, "module.features.3.conv.0pruning_point": 0.047624364495277405, "module.features.3.conv.3pruning_point": 0.0006837161490693688, "module.features.3.conv.6pruning_point": 0.06292208284139633, "module.features.4.conv.0pruning_point": 0.03652672842144966, "module.features.4.conv.3pruning_point": 6.3026950556377415e-06, "module.features.4.conv.6pruning_point": 0.03703003376722336, "module.features.5.conv.0pruning_point": 0.05459539219737053, "module.features.5.conv.3pruning_point": 0.0009867380140349269, "module.features.5.conv.6pruning_point": 0.060238782316446304, "module.features.6.conv.0pruning_point": 0.04915444925427437, "module.features.6.conv.3pruning_point": 0.0004632016352843493, "module.features.6.conv.6pruning_point": 0.0731222853064537, "module.features.7.conv.0pruning_point": 0.02285592071712017, "module.features.7.conv.3pruning_point": 8.67832568474114e-05, "module.features.7.conv.6pruning_point": 0.02519817091524601, "module.features.8.conv.0pruning_point": 0.06501209735870361, "module.features.8.conv.3pruning_point": 0.0007216233061626554, "module.features.8.conv.6pruning_point": 0.07176323235034943, "module.features.9.conv.0pruning_point": 0.06317757815122604, "module.features.9.conv.3pruning_point": 0.00021203033975325525, "module.features.9.conv.6pruning_point": 0.07859726995229721, "module.features.10.conv.0pruning_point": 0.06094912067055702, "module.features.10.conv.3pruning_point": 0.00014286905934568495, "module.features.10.conv.6pruning_point": 0.08182364702224731, "module.features.11.conv.0pruning_point": 0.018804384395480156, "module.features.11.conv.3pruning_point": 9.148071694653481e-05, "module.features.11.conv.6pruning_point": 0.03727966174483299, "module.features.12.conv.0pruning_point": 0.06777733564376831, "module.features.12.conv.3pruning_point": 0.0002572719822637737, "module.features.12.conv.6pruning_point": 0.06982748955488205, "module.features.13.conv.0pruning_point": 0.06697066873311996, "module.features.13.conv.3pruning_point": 0.00010662827116902918, "module.features.13.conv.6pruning_point": 0.06774495542049408, "module.features.14.conv.0pruning_point": 0.055948324501514435, "module.features.14.conv.3pruning_point": 7.34453124096035e-06, "module.features.14.conv.6pruning_point": 0.057048749178647995, "module.features.15.conv.0pruning_point": 0.05219060555100441, "module.features.15.conv.3pruning_point": 3.256618219893426e-05, "module.features.15.conv.6pruning_point": 0.05498260259628296, "module.features.16.conv.0pruning_point": 0.05383272469043732, "module.features.16.conv.3pruning_point": 9.626241990190465e-06, "module.features.16.conv.6pruning_point": 0.05577177181839943, "module.features.17.conv.0pruning_point": 0.04751494899392128, "module.features.17.conv.3pruning_point": 0.0002175311528844759, "module.features.17.conv.6pruning_point": 0.03780905902385712, "module.conv.0pruning_point": 0.027800854295492172, "hard_pruning_sparsity": 0.8963710069656372}