{"module.features.1.conv.0": 0.1701388955116272, "module.features.1.conv.3": 0.517578125, "module.features.2.conv.0": 0.19921875, "module.features.2.conv.3": 0.09143518656492233, "module.features.2.conv.6": 0.2083333283662796, "module.features.3.conv.0": 0.2638888955116272, "module.features.3.conv.3": 0.0555555559694767, "module.features.3.conv.6": 0.35966435074806213, "module.features.4.conv.0": 0.20109954476356506, "module.features.4.conv.3": 0.03395061939954758, "module.features.4.conv.6": 0.222439244389534, "module.features.5.conv.0": 0.3450520932674408, "module.features.5.conv.3": 0.054976850748062134, "module.features.5.conv.6": 0.38037109375, "module.features.6.conv.0": 0.31298828125, "module.features.6.conv.3": 0.0625, "module.features.6.conv.6": 0.462890625, "module.features.7.conv.0": 0.1565755307674408, "module.features.7.conv.3": 0.030671296641230583, "module.features.7.conv.6": 0.1935221403837204, "module.features.8.conv.0": 0.5652262568473816, "module.features.8.conv.3": 0.05700231343507767, "module.features.8.conv.6": 0.6197509765625, "module.features.9.conv.0": 0.5456950068473816, "module.features.9.conv.3": 0.05671296268701553, "module.features.9.conv.6": 0.6940104365348816, "module.features.10.conv.0": 0.5406087636947632, "module.features.10.conv.3": 0.054398149251937866, "module.features.10.conv.6": 0.7348226308822632, "module.features.11.conv.0": 0.1864827573299408, "module.features.11.conv.3": 0.05092592537403107, "module.features.11.conv.6": 0.3681098222732544, "module.features.12.conv.0": 0.8039460182189941, "module.features.12.conv.3": 0.05478395149111748, "module.features.12.conv.6": 0.863389790058136, "module.features.13.conv.0": 0.8226454257965088, "module.features.13.conv.3": 0.054976850748062134, "module.features.13.conv.6": 0.8796839118003845, "module.features.14.conv.0": 0.5887587070465088, "module.features.14.conv.3": 0.051890432834625244, "module.features.14.conv.6": 0.7971028685569763, "module.features.15.conv.0": 0.9439062476158142, "module.features.15.conv.3": 0.0798611119389534, "module.features.15.conv.6": 0.96512371301651, "module.features.16.conv.0": 0.9719921946525574, "module.features.16.conv.3": 0.08078703284263611, "module.features.16.conv.6": 0.9854557514190674, "module.features.17.conv.0": 0.8156901001930237, "module.features.17.conv.3": 0.07916666567325592, "module.features.17.conv.6": 0.8948795795440674, "module.conv.0": 0.8533300757408142, "block_sparsity": 0.8496831655502319, "_timestamp": 1668172295.2416563, "_runtime": 3100.9678053855896, "_step": 136, "t_top1": 97.022, "t_top5": 99.998, "t_loss": 0.08295986837625503, "v_top1": 89.19, "v_top5": 99.49, "v_loss": 0.41819829161167144, "sparsity": 0.8071200847625732, "masking_loss": 1.044695580329895, "module.features.1.conv.0pruning_point": 0.011185937561094761, "module.features.1.conv.3pruning_point": 0.13049142062664032, "module.features.2.conv.0pruning_point": 0.04054566100239754, "module.features.2.conv.3pruning_point": 0.002131406683474779, "module.features.2.conv.6pruning_point": 0.03872431069612503, "module.features.3.conv.0pruning_point": 0.0448153018951416, "module.features.3.conv.3pruning_point": 0.0004414006834849715, "module.features.3.conv.6pruning_point": 0.058755189180374146, "module.features.4.conv.0pruning_point": 0.034654244780540466, "module.features.4.conv.3pruning_point": 0.0, "module.features.4.conv.6pruning_point": 0.035364650189876556, "module.features.5.conv.0pruning_point": 0.05061978101730347, "module.features.5.conv.3pruning_point": 0.0011134336236864328, "module.features.5.conv.6pruning_point": 0.056202713400125504, "module.features.6.conv.0pruning_point": 0.04580292850732803, "module.features.6.conv.3pruning_point": 0.0004627410671673715, "module.features.6.conv.6pruning_point": 0.06893982738256454, "module.features.7.conv.0pruning_point": 0.02178594470024109, "module.features.7.conv.3pruning_point": 6.346218287944794e-05, "module.features.7.conv.6pruning_point": 0.023948639631271362, "module.features.8.conv.0pruning_point": 0.06092245504260063, "module.features.8.conv.3pruning_point": 0.0006676599732600152, "module.features.8.conv.6pruning_point": 0.06853292882442474, "module.features.9.conv.0pruning_point": 0.059015482664108276, "module.features.9.conv.3pruning_point": 0.00014664068294223398, "module.features.9.conv.6pruning_point": 0.07609696686267853, "module.features.10.conv.0pruning_point": 0.056513868272304535, "module.features.10.conv.3pruning_point": 0.00027593629783950746, "module.features.10.conv.6pruning_point": 0.07993906736373901, "module.features.11.conv.0pruning_point": 0.0179909598082304, "module.features.11.conv.3pruning_point": 3.859249409288168e-05, "module.features.11.conv.6pruning_point": 0.03492690995335579, "module.features.12.conv.0pruning_point": 0.06719032675027847, "module.features.12.conv.3pruning_point": 0.00023643267923034728, "module.features.12.conv.6pruning_point": 0.06913520395755768, "module.features.13.conv.0pruning_point": 0.06669081002473831, "module.features.13.conv.3pruning_point": 0.00016973845777101815, "module.features.13.conv.6pruning_point": 0.06679177284240723, "module.features.14.conv.0pruning_point": 0.05248390883207321, "module.features.14.conv.3pruning_point": 1.434663590771379e-05, "module.features.14.conv.6pruning_point": 0.05673122778534889, "module.features.15.conv.0pruning_point": 0.05143379792571068, "module.features.15.conv.3pruning_point": 9.48629531194456e-06, "module.features.15.conv.6pruning_point": 0.05404544621706009, "module.features.16.conv.0pruning_point": 0.053015612065792084, "module.features.16.conv.3pruning_point": 1.3638471500598826e-05, "module.features.16.conv.6pruning_point": 0.05482913553714752, "module.features.17.conv.0pruning_point": 0.0472954586148262, "module.features.17.conv.3pruning_point": 0.0003038774011656642, "module.features.17.conv.6pruning_point": 0.03737371042370796, "module.conv.0pruning_point": 0.02736782841384411, "hard_pruning_sparsity": 0.8926106691360474}