{"module.features.0.0": 0.0, "module.features.1.conv.0": 0.4166666567325592, "module.features.1.conv.3": 0.37890625, "module.features.2.conv.0": 0.109375, "module.features.2.conv.3": 0.04282407462596893, "module.features.2.conv.6": 0.0954861119389534, "module.features.3.conv.0": 0.0894097238779068, "module.features.3.conv.3": 0.05787036940455437, "module.features.3.conv.6": 0.0963541641831398, "module.features.4.conv.0": 0.09230323880910873, "module.features.4.conv.3": 0.014660494402050972, "module.features.4.conv.6": 0.0655381977558136, "module.features.5.conv.0": 0.1193033903837204, "module.features.5.conv.3": 0.08449073880910873, "module.features.5.conv.6": 0.7893880605697632, "module.features.6.conv.0": 0.9417318105697632, "module.features.6.conv.3": 0.10821759700775146, "module.features.6.conv.6": 0.81298828125, "module.features.7.conv.0": 0.0670572966337204, "module.features.7.conv.3": 0.011574074625968933, "module.features.7.conv.6": 0.0625813826918602, "module.features.8.conv.0": 0.9394124746322632, "module.features.8.conv.3": 0.13686342537403107, "module.features.8.conv.6": 0.930908203125, "module.features.9.conv.0": 0.9720458984375, "module.features.9.conv.3": 0.17853009700775146, "module.features.9.conv.6": 0.9562581777572632, "module.features.10.conv.0": 0.9879964590072632, "module.features.10.conv.3": 0.20196759700775146, "module.features.10.conv.6": 0.9764811396598816, "module.features.11.conv.0": 0.0760091170668602, "module.features.11.conv.3": 0.15162037312984467, "module.features.11.conv.6": 0.6122775673866272, "module.features.12.conv.0": 0.9577546119689941, "module.features.12.conv.3": 0.19907407462596893, "module.features.12.conv.6": 0.9578450322151184, "module.features.13.conv.0": 0.9659830927848816, "module.features.13.conv.3": 0.21508488059043884, "module.features.13.conv.6": 0.9599066972732544, "module.features.14.conv.0": 0.5274703502655029, "module.features.14.conv.3": 0.031828705221414566, "module.features.14.conv.6": 0.13587239384651184, "module.features.15.conv.0": 0.11376953125, "module.features.15.conv.3": 0.06388888508081436, "module.features.15.conv.6": 0.6269726753234863, "module.features.16.conv.0": 0.718346357345581, "module.features.16.conv.3": 0.12141203135251999, "module.features.16.conv.6": 0.7964388132095337, "module.features.17.conv.0": 0.05682943016290665, "module.features.17.conv.3": 0.004629629664123058, "module.features.17.conv.6": 0.06826172024011612, "module.conv.0": 0.05278320237994194, "module.classifier": 0.0, "_timestamp": 1667915494.323951, "_runtime": 11253.833641052246, "_step": 12, "t_top1": 52.826680674728586, "t_top5": 76.25836444423226, "t_loss": 2.0876101508506797, "v_top1": 59.98, "v_top5": 82.558, "v_loss": 1.6999318180847167, "sparsity": 0.24330444633960724, "masking_loss": 10.90102961763163, "module.features.1.conv.0pruning_point": 0.12457069009542465, "module.features.1.conv.3pruning_point": 0.06167268380522728, "module.features.2.conv.0pruning_point": 0.018206151202321053, "module.features.2.conv.3pruning_point": 0.00017876761557999998, "module.features.2.conv.6pruning_point": 0.015105916187167168, "module.features.3.conv.0pruning_point": 0.006427466869354248, "module.features.3.conv.3pruning_point": 0.001077325432561338, "module.features.3.conv.6pruning_point": 0.008418363519012928, "module.features.4.conv.0pruning_point": 0.011708197183907032, "module.features.4.conv.3pruning_point": 9.303294973506127e-06, "module.features.4.conv.6pruning_point": 0.0040757074020802975, "module.features.5.conv.0pruning_point": 0.006025447975844145, "module.features.5.conv.3pruning_point": 0.0006161634810268879, "module.features.5.conv.6pruning_point": 0.10820245742797852, "module.features.6.conv.0pruning_point": 0.1405380815267563, "module.features.6.conv.3pruning_point": 0.0007202989654615521, "module.features.6.conv.6pruning_point": 0.1005392074584961, "module.features.7.conv.0pruning_point": 0.0041442085057497025, "module.features.7.conv.3pruning_point": 0.00027729757130146027, "module.features.7.conv.6pruning_point": 0.0024129028897732496, "module.features.8.conv.0pruning_point": 0.09091168642044067, "module.features.8.conv.3pruning_point": 0.0032822394277900457, "module.features.8.conv.6pruning_point": 0.10571712255477905, "module.features.9.conv.0pruning_point": 0.11234672367572784, "module.features.9.conv.3pruning_point": 0.003733797697350383, "module.features.9.conv.6pruning_point": 0.10645581036806107, "module.features.10.conv.0pruning_point": 0.11309192329645157, "module.features.10.conv.3pruning_point": 0.000330313021549955, "module.features.10.conv.6pruning_point": 0.09592714160680771, "module.features.11.conv.0pruning_point": 0.0038573862984776497, "module.features.11.conv.3pruning_point": 0.02540656179189682, "module.features.11.conv.6pruning_point": 0.0768180713057518, "module.features.12.conv.0pruning_point": 0.08829659968614578, "module.features.12.conv.3pruning_point": 0.0029276954010128975, "module.features.12.conv.6pruning_point": 0.0926312804222107, "module.features.13.conv.0pruning_point": 0.10274789482355118, "module.features.13.conv.3pruning_point": 0.0032565814908593893, "module.features.13.conv.6pruning_point": 0.09895826131105423, "module.features.14.conv.0pruning_point": 0.06474278122186661, "module.features.14.conv.3pruning_point": 0.0, "module.features.14.conv.6pruning_point": 0.008533698506653309, "module.features.15.conv.0pruning_point": 0.0019178343936800957, "module.features.15.conv.3pruning_point": 9.422482980880886e-05, "module.features.15.conv.6pruning_point": 0.04432844743132591, "module.features.16.conv.0pruning_point": 0.05117720365524292, "module.features.16.conv.3pruning_point": 0.0024878624826669693, "module.features.16.conv.6pruning_point": 0.06200859695672989, "module.features.17.conv.0pruning_point": 0.00036409206222742796, "module.features.17.conv.3pruning_point": 2.2321341930364724e-07, "module.features.17.conv.6pruning_point": 0.001235690899193287, "module.conv.0pruning_point": 0.000160530922585167, "hard_pruning_sparsity": 0.2556055784225464}