{"module.conv1": 0.0, "module.layer1.0.conv1": 0.9813910722732544, "module.layer1.0.conv2": 0.9658745527267456, "module.layer1.1.conv1": 0.9861382246017456, "module.layer1.1.conv2": 0.9727376103401184, "module.layer2.0.conv1": 0.95556640625, "module.layer2.0.conv2": 0.9716796875, "module.layer2.0.downsample.0": 0.991455078125, "module.layer2.1.conv1": 0.9751518964767456, "module.layer2.1.conv2": 0.97979736328125, "module.layer3.0.conv1": 0.971160888671875, "module.layer3.0.conv2": 0.9686940312385559, "module.layer3.0.downsample.0": 0.998870849609375, "module.layer3.1.conv1": 0.9806569218635559, "module.layer3.1.conv2": 0.983110249042511, "module.layer4.0.conv1": 0.969590961933136, "module.layer4.0.conv2": 0.9710358381271362, "module.layer4.0.downsample.0": 0.9802932739257812, "module.layer4.1.conv1": 0.963670551776886, "module.layer4.1.conv2": 0.9921820163726807, "module.fc": 0.0, "_timestamp": 1667887974.893953, "_runtime": 53899.2768330574, "_step": 108, "t_top1": 47.6684928662398, "t_top5": 70.91745260369936, "t_loss": 2.4319845582103294, "v_top1": 52.512, "v_top5": 76.356, "v_loss": 2.092590560684204, "sparsity": 0.9316410422325134, "masking_loss": 0.7882598469579498, "module.layer1.0.conv1pruning_point": 0.3147607147693634, "module.layer1.0.conv2pruning_point": 0.0466463677585125, "module.layer1.1.conv1pruning_point": 0.25840917229652405, "module.layer1.1.conv2pruning_point": 0.07049430906772614, "module.layer2.0.conv1pruning_point": 0.08318942040205002, "module.layer2.0.conv2pruning_point": 0.06450293958187103, "module.layer2.0.downsample.0pruning_point": 0.5706084370613098, "module.layer2.1.conv1pruning_point": 0.05559595301747322, "module.layer2.1.conv2pruning_point": 0.04552552103996277, "module.layer3.0.conv1pruning_point": 0.05221867561340332, "module.layer3.0.conv2pruning_point": 0.030557235702872276, "module.layer3.0.downsample.0pruning_point": 0.08443215489387512, "module.layer3.1.conv1pruning_point": 0.02140842191874981, "module.layer3.1.conv2pruning_point": 0.0203161109238863, "module.layer4.0.conv1pruning_point": 0.01619965210556984, "module.layer4.0.conv2pruning_point": 0.01297194603830576, "module.layer4.0.downsample.0pruning_point": 0.09379827976226807, "module.layer4.1.conv1pruning_point": 0.013575616292655468, "module.layer4.1.conv2pruning_point": 0.035538963973522186, "hard_pruning_sparsity": 0.9319712519645691, "_wandb": {"runtime": 55503}}