{"module.features.0.0": 0.0, "module.features.1.conv.0": 0.40625, "module.features.1.conv.3": 0.3828125, "module.features.2.conv.0": 0.107421875, "module.features.2.conv.3": 0.040509261190891266, "module.features.2.conv.6": 0.0802951380610466, "module.features.3.conv.0": 0.08912037312984467, "module.features.3.conv.3": 0.07870370149612427, "module.features.3.conv.6": 0.1223958358168602, "module.features.4.conv.0": 0.0989583358168602, "module.features.4.conv.3": 0.012345679104328156, "module.features.4.conv.6": 0.0490451380610466, "module.features.5.conv.0": 0.1194661483168602, "module.features.5.conv.3": 0.078125, "module.features.5.conv.6": 0.8214518427848816, "module.features.6.conv.0": 0.9430338740348816, "module.features.6.conv.3": 0.1006944477558136, "module.features.6.conv.6": 0.8909505605697632, "module.features.7.conv.0": 0.0828450545668602, "module.features.7.conv.3": 0.020254630595445633, "module.features.7.conv.6": 0.0619303397834301, "module.features.8.conv.0": 0.9554036855697632, "module.features.8.conv.3": 0.13078704476356506, "module.features.8.conv.6": 0.9422200918197632, "module.features.9.conv.0": 0.9711507558822632, "module.features.9.conv.3": 0.17390047013759613, "module.features.9.conv.6": 0.96435546875, "module.features.10.conv.0": 0.9897868037223816, "module.features.10.conv.3": 0.19039352238178253, "module.features.10.conv.6": 0.983642578125, "module.features.11.conv.0": 0.1033935546875, "module.features.11.conv.3": 0.16001157462596893, "module.features.11.conv.6": 0.659912109375, "module.features.12.conv.0": 0.9765986800193787, "module.features.12.conv.3": 0.1896219104528427, "module.features.12.conv.6": 0.9692202210426331, "module.features.13.conv.0": 0.9852069020271301, "module.features.13.conv.3": 0.1979166716337204, "module.features.13.conv.6": 0.9827473759651184, "module.features.14.conv.0": 0.5862811207771301, "module.features.14.conv.3": 0.028549382463097572, "module.features.14.conv.6": 0.16161024570465088, "module.features.15.conv.0": 0.7763606905937195, "module.features.15.conv.3": 0.0659722238779068, "module.features.15.conv.6": 0.7211588621139526, "module.features.16.conv.0": 0.8504557609558105, "module.features.16.conv.3": 0.11840277910232544, "module.features.16.conv.6": 0.888378918170929, "module.features.17.conv.0": 0.0594075545668602, "module.features.17.conv.3": 0.00486111082136631, "module.features.17.conv.6": 0.07147786766290665, "module.conv.0": 0.05245117098093033, "module.classifier": 0.0, "_timestamp": 1667916017.7541957, "_runtime": 7992.516698598862, "_step": 8, "t_top1": 49.95695330897533, "t_top5": 73.9398532743826, "t_loss": 2.2387627532836922, "v_top1": 55.704, "v_top5": 79.338, "v_loss": 1.9187132176208497, "sparsity": 0.2910299301147461, "masking_loss": 16.307230755329492, "module.features.1.conv.0pruning_point": 0.08383907377719879, "module.features.1.conv.3pruning_point": 0.06320442259311676, "module.features.2.conv.0pruning_point": 0.016618648543953896, "module.features.2.conv.3pruning_point": 0.00027476073591969907, "module.features.2.conv.6pruning_point": 0.010204697027802467, "module.features.3.conv.0pruning_point": 0.005545950494706631, "module.features.3.conv.3pruning_point": 0.00345384469255805, "module.features.3.conv.6pruning_point": 0.012688836082816124, "module.features.4.conv.0pruning_point": 0.010627885349094868, "module.features.4.conv.3pruning_point": 9.69621105468832e-05, "module.features.4.conv.6pruning_point": 0.0003263978869654238, "module.features.5.conv.0pruning_point": 0.006386691238731146, "module.features.5.conv.3pruning_point": 0.00025214380002580583, "module.features.5.conv.6pruning_point": 0.11703845858573914, "module.features.6.conv.0pruning_point": 0.13319222629070282, "module.features.6.conv.3pruning_point": 0.00047487151459790766, "module.features.6.conv.6pruning_point": 0.11597112566232681, "module.features.7.conv.0pruning_point": 0.007138482760637999, "module.features.7.conv.3pruning_point": 4.869265103479847e-05, "module.features.7.conv.6pruning_point": 0.001421986729837954, "module.features.8.conv.0pruning_point": 0.0947345569729805, "module.features.8.conv.3pruning_point": 0.0015036847908049822, "module.features.8.conv.6pruning_point": 0.10917671024799347, "module.features.9.conv.0pruning_point": 0.10624535381793976, "module.features.9.conv.3pruning_point": 0.002652487950399518, "module.features.9.conv.6pruning_point": 0.11016009002923965, "module.features.10.conv.0pruning_point": 0.11348060518503189, "module.features.10.conv.3pruning_point": 7.352291140705347e-05, "module.features.10.conv.6pruning_point": 0.10414528101682663, "module.features.11.conv.0pruning_point": 0.007231320254504681, "module.features.11.conv.3pruning_point": 0.02116764336824417, "module.features.11.conv.6pruning_point": 0.07913593202829361, "module.features.12.conv.0pruning_point": 0.09997007995843887, "module.features.12.conv.3pruning_point": 0.0014191297814249992, "module.features.12.conv.6pruning_point": 0.09703703969717026, "module.features.13.conv.0pruning_point": 0.11094894260168076, "module.features.13.conv.3pruning_point": 0.0012120913015678525, "module.features.13.conv.6pruning_point": 0.113472118973732, "module.features.14.conv.0pruning_point": 0.06927663087844849, "module.features.14.conv.3pruning_point": 3.686234776978381e-06, "module.features.14.conv.6pruning_point": 0.010973265394568443, "module.features.15.conv.0pruning_point": 0.05237438902258873, "module.features.15.conv.3pruning_point": 0.00014906034630257636, "module.features.15.conv.6pruning_point": 0.04957655444741249, "module.features.16.conv.0pruning_point": 0.06248999759554863, "module.features.16.conv.3pruning_point": 0.0024619796313345432, "module.features.16.conv.6pruning_point": 0.07189612090587616, "module.features.17.conv.0pruning_point": 0.00034495681757107377, "module.features.17.conv.3pruning_point": 1.3418654134511598e-06, "module.features.17.conv.6pruning_point": 0.001339028705842793, "module.conv.0pruning_point": 4.6600453060818836e-05, "hard_pruning_sparsity": 0.30409422516822815}