{"module.features.0.0": 0.0, "module.features.1.conv.0": 0.3715277910232544, "module.features.1.conv.3": 0.908203125, "module.features.2.conv.0": 0.9654948115348816, "module.features.2.conv.3": 0.04976851865649223, "module.features.2.conv.6": 0.9453125, "module.features.3.conv.0": 0.9864004850387573, "module.features.3.conv.3": 0.09645061939954758, "module.features.3.conv.6": 0.9487847089767456, "module.features.4.conv.0": 0.881944477558136, "module.features.4.conv.3": 0.011574074625968933, "module.features.4.conv.6": 0.861328125, "module.features.5.conv.0": 0.9962565302848816, "module.features.5.conv.3": 0.2552083432674408, "module.features.5.conv.6": 0.9718424677848816, "module.features.6.conv.0": 0.9982096552848816, "module.features.6.conv.3": 0.18634259700775146, "module.features.6.conv.6": 0.9873046875, "module.features.7.conv.0": 0.873046875, "module.features.7.conv.3": 0.013310185633599758, "module.features.7.conv.6": 0.9019368886947632, "module.features.8.conv.0": 0.9951171875, "module.features.8.conv.3": 0.34346064925193787, "module.features.8.conv.6": 0.9828695058822632, "module.features.9.conv.0": 0.9978434443473816, "module.features.9.conv.3": 0.18778935074806213, "module.features.9.conv.6": 0.9914957880973816, "module.features.10.conv.0": 0.998046875, "module.features.10.conv.3": 0.27112269401550293, "module.features.10.conv.6": 0.9932861328125, "module.features.11.conv.0": 0.8987223505973816, "module.features.11.conv.3": 0.21903935074806213, "module.features.11.conv.6": 0.8978949785232544, "module.features.12.conv.0": 0.9959852695465088, "module.features.12.conv.3": 0.22472994029521942, "module.features.12.conv.6": 0.987413227558136, "module.features.13.conv.0": 0.9950810074806213, "module.features.13.conv.3": 0.23726852238178253, "module.features.13.conv.6": 0.9887514710426331, "module.features.14.conv.0": 0.8417245149612427, "module.features.14.conv.3": 0.026234567165374756, "module.features.14.conv.6": 0.8295681476593018, "module.features.15.conv.0": 0.9505664110183716, "module.features.15.conv.3": 0.06539351493120193, "module.features.15.conv.6": 0.9414258003234863, "module.features.16.conv.0": 0.9798112511634827, "module.features.16.conv.3": 0.13055555522441864, "module.features.16.conv.6": 0.9660742282867432, "module.features.17.conv.0": 0.0343424491584301, "module.features.17.conv.3": 0.004398148041218519, "module.features.17.conv.6": 0.7138639688491821, "module.conv.0": 0.029897460713982582, "module.classifier": 0.0, "_timestamp": 1667712039, "_runtime": 78106, "_step": 68, "t_top1": 49.394965683623184, "t_top5": 72.71909126600981, "t_loss": 2.309698950009829, "v_top1": 8.206, "v_top5": 19.166, "v_loss": 6.0655544662475585, "sparsity": 0.41436612606048584, "masking_loss": 4.642750668974948, "module.features.1.conv.0pruning_point": 0.1075933501124382, "module.features.1.conv.3pruning_point": 0.5539945363998413, "module.features.2.conv.0pruning_point": 0.8075172305107117, "module.features.2.conv.3pruning_point": 0.0034801107831299305, "module.features.2.conv.6pruning_point": 0.4436351954936981, "module.features.3.conv.0pruning_point": 0.49181342124938965, "module.features.3.conv.3pruning_point": 0.007568701170384884, "module.features.3.conv.6pruning_point": 0.27410435676574707, "module.features.4.conv.0pruning_point": 0.3996637463569641, "module.features.4.conv.3pruning_point": 6.0193568060640246e-05, "module.features.4.conv.6pruning_point": 0.38721567392349243, "module.features.5.conv.0pruning_point": 0.6177428960800171, "module.features.5.conv.3pruning_point": 0.019595500081777573, "module.features.5.conv.6pruning_point": 0.21896487474441528, "module.features.6.conv.0pruning_point": 0.34628841280937195, "module.features.6.conv.3pruning_point": 0.008718783035874367, "module.features.6.conv.6pruning_point": 0.20281586050987244, "module.features.7.conv.0pruning_point": 0.3900991380214691, "module.features.7.conv.3pruning_point": 0.00027725656400434673, "module.features.7.conv.6pruning_point": 0.32040083408355713, "module.features.8.conv.0pruning_point": 0.2390284389257431, "module.features.8.conv.3pruning_point": 0.022524692118167877, "module.features.8.conv.6pruning_point": 0.16507507860660553, "module.features.9.conv.0pruning_point": 0.17049632966518402, "module.features.9.conv.3pruning_point": 0.0021561826579272747, "module.features.9.conv.6pruning_point": 0.14078150689601898, "module.features.10.conv.0pruning_point": 0.14602187275886536, "module.features.10.conv.3pruning_point": 0.005026405677199364, "module.features.10.conv.6pruning_point": 0.11722824722528458, "module.features.11.conv.0pruning_point": 0.22878779470920563, "module.features.11.conv.3pruning_point": 0.08567892014980316, "module.features.11.conv.6pruning_point": 0.1926489770412445, "module.features.12.conv.0pruning_point": 0.13166572153568268, "module.features.12.conv.3pruning_point": 0.003920292481780052, "module.features.12.conv.6pruning_point": 0.10593200474977493, "module.features.13.conv.0pruning_point": 0.1288779228925705, "module.features.13.conv.3pruning_point": 0.00378629844635725, "module.features.13.conv.6pruning_point": 0.10360106825828552, "module.features.14.conv.0pruning_point": 0.14573055505752563, "module.features.14.conv.3pruning_point": 1.682103902567178e-05, "module.features.14.conv.6pruning_point": 0.10650229454040527, "module.features.15.conv.0pruning_point": 0.07571208477020264, "module.features.15.conv.3pruning_point": 0.0008676507277414203, "module.features.15.conv.6pruning_point": 0.0801047831773758, "module.features.16.conv.0pruning_point": 0.09431209415197372, "module.features.16.conv.3pruning_point": 0.0037822190206497908, "module.features.16.conv.6pruning_point": 0.07598762959241867, "module.features.17.conv.0pruning_point": 0.001184685854241252, "module.features.17.conv.3pruning_point": 2.825612682499923e-06, "module.features.17.conv.6pruning_point": 0.04674363508820534, "module.conv.0pruning_point": 0.000628447683993727, "hard_pruning_sparsity": 0.42191967368125916}