{"module.features.0.0": 0.0, "module.features.1.conv.0": 0.2604166567325592, "module.features.1.conv.3": 0.357421875, "module.features.2.conv.0": 0.0703125, "module.features.2.conv.3": 0.10648148506879807, "module.features.2.conv.6": 0.1571180522441864, "module.features.3.conv.0": 0.06047453731298447, "module.features.3.conv.3": 0.04783950746059418, "module.features.3.conv.6": 0.0625, "module.features.4.conv.0": 0.0598958320915699, "module.features.4.conv.3": 0.0416666679084301, "module.features.4.conv.6": 0.0598958320915699, "module.features.5.conv.0": 0.0550130233168602, "module.features.5.conv.3": 0.05266203731298447, "module.features.5.conv.6": 0.0613606795668602, "module.features.6.conv.0": 0.0597330741584301, "module.features.6.conv.3": 0.05960648134350777, "module.features.6.conv.6": 0.05908203125, "module.features.7.conv.0": 0.0641276091337204, "module.features.7.conv.3": 0.0381944440305233, "module.features.7.conv.6": 0.0677897185087204, "module.features.8.conv.0": 0.0629475936293602, "module.features.8.conv.3": 0.054398149251937866, "module.features.8.conv.6": 0.0645345076918602, "module.features.9.conv.0": 0.07373046875, "module.features.9.conv.3": 0.05758101865649223, "module.features.9.conv.6": 0.8873291015625, "module.features.10.conv.0": 0.9444173574447632, "module.features.10.conv.3": 0.07175926119089127, "module.features.10.conv.6": 0.9614664912223816, "module.features.11.conv.0": 0.0703938826918602, "module.features.11.conv.3": 0.054976850748062134, "module.features.11.conv.6": 0.8340657353401184, "module.features.12.conv.0": 0.9679723978042603, "module.features.12.conv.3": 0.06365741044282913, "module.features.12.conv.6": 0.9801251292228699, "module.features.13.conv.0": 0.9734700322151184, "module.features.13.conv.3": 0.052276235073804855, "module.features.13.conv.6": 0.9838686585426331, "module.features.14.conv.0": 0.8601707220077515, "module.features.14.conv.3": 0.048418208956718445, "module.features.14.conv.6": 0.9402235746383667, "module.features.15.conv.0": 0.9904688000679016, "module.features.15.conv.3": 0.09375, "module.features.15.conv.6": 0.9934375286102295, "module.features.16.conv.0": 0.9897981882095337, "module.features.16.conv.3": 0.08865740895271301, "module.features.16.conv.6": 0.9943684935569763, "module.features.17.conv.0": 0.9548047184944153, "module.features.17.conv.3": 0.10347221791744232, "module.features.17.conv.6": 0.979687511920929, "module.conv.0": 0.9801049828529358, "module.classifier": 0.0, "_timestamp": 1667490933, "_runtime": 4228, "_step": 241, "t_top1": 97.238, "t_top5": 99.976, "t_loss": 0.07753845715403557, "v_top1": 90.06, "v_top5": 99.69, "v_loss": 0.36656815986037256, "sparsity": 0.8734045624732971, "masking_loss": 10.023270839233398, "module.features.1.conv.0pruning_point": 0.031092938035726547, "module.features.1.conv.3pruning_point": 0.08579011261463165, "module.features.2.conv.0pruning_point": 0.0023257399443536997, "module.features.2.conv.3pruning_point": 0.01308587659150362, "module.features.2.conv.6pruning_point": 0.039974067360162735, "module.features.3.conv.0pruning_point": 9.43341656238772e-05, "module.features.3.conv.3pruning_point": 0.0011295388685539365, "module.features.3.conv.6pruning_point": 0.00044182813144288957, "module.features.4.conv.0pruning_point": 0.001991365570574999, "module.features.4.conv.3pruning_point": 0.00010614102939143777, "module.features.4.conv.6pruning_point": 0.0007040167693048716, "module.features.5.conv.0pruning_point": 4.6546065277652815e-05, "module.features.5.conv.3pruning_point": 0.0006110971444286406, "module.features.5.conv.6pruning_point": 2.9284630727488548e-05, "module.features.6.conv.0pruning_point": 0.0006927995709702373, "module.features.6.conv.3pruning_point": 0.00011356176401022822, "module.features.6.conv.6pruning_point": 0.00011777818872360513, "module.features.7.conv.0pruning_point": 0.0017223766772076488, "module.features.7.conv.3pruning_point": 0.0, "module.features.7.conv.6pruning_point": 0.0021377739030867815, "module.features.8.conv.0pruning_point": 0.0001184966167784296, "module.features.8.conv.3pruning_point": 7.294448732864112e-05, "module.features.8.conv.6pruning_point": 0.00020192547526676208, "module.features.9.conv.0pruning_point": 0.0010473347501829267, "module.features.9.conv.3pruning_point": 0.0006819170666858554, "module.features.9.conv.6pruning_point": 0.14072254300117493, "module.features.10.conv.0pruning_point": 0.1793472170829773, "module.features.10.conv.3pruning_point": 0.0017743585631251335, "module.features.10.conv.6pruning_point": 0.17605985701084137, "module.features.11.conv.0pruning_point": 0.0011031641624867916, "module.features.11.conv.3pruning_point": 1.1064235394542266e-07, "module.features.11.conv.6pruning_point": 0.140204519033432, "module.features.12.conv.0pruning_point": 0.1241268739104271, "module.features.12.conv.3pruning_point": 0.0012365170987322927, "module.features.12.conv.6pruning_point": 0.11849867552518845, "module.features.13.conv.0pruning_point": 0.12194148451089859, "module.features.13.conv.3pruning_point": 3.2740699680289254e-05, "module.features.13.conv.6pruning_point": 0.1131746917963028, "module.features.14.conv.0pruning_point": 0.1120530441403389, "module.features.14.conv.3pruning_point": 0.0, "module.features.14.conv.6pruning_point": 0.08767568320035934, "module.features.15.conv.0pruning_point": 0.05547849461436272, "module.features.15.conv.3pruning_point": 0.0006687463028356433, "module.features.15.conv.6pruning_point": 0.058253366500139236, "module.features.16.conv.0pruning_point": 0.05443701893091202, "module.features.16.conv.3pruning_point": 0.00021036126418039203, "module.features.16.conv.6pruning_point": 0.0524323433637619, "module.features.17.conv.0pruning_point": 0.0700184628367424, "module.features.17.conv.3pruning_point": 0.00208998448215425, "module.features.17.conv.6pruning_point": 0.046504270285367966, "module.conv.0pruning_point": 0.037532396614551544, "_wandb": {"runtime": 4229}}