{"module.features.0.0": 0.0, "module.features.1.conv.0": 0.2638888955116272, "module.features.1.conv.3": 0.431640625, "module.features.2.conv.0": 0.0677083358168602, "module.features.2.conv.3": 0.1145833358168602, "module.features.2.conv.6": 0.2013888955116272, "module.features.3.conv.0": 0.06741898506879807, "module.features.3.conv.3": 0.05169752985239029, "module.features.3.conv.6": 0.0564236119389534, "module.features.4.conv.0": 0.05873842537403107, "module.features.4.conv.3": 0.023148149251937866, "module.features.4.conv.6": 0.0629340261220932, "module.features.5.conv.0": 0.06201171875, "module.features.5.conv.3": 0.0451388880610466, "module.features.5.conv.6": 0.0670572966337204, "module.features.6.conv.0": 0.0633138045668602, "module.features.6.conv.3": 0.0572916679084301, "module.features.6.conv.6": 0.0615234375, "module.features.7.conv.0": 0.0598958358168602, "module.features.7.conv.3": 0.026620371267199516, "module.features.7.conv.6": 0.0677897185087204, "module.features.8.conv.0": 0.0627848356962204, "module.features.8.conv.3": 0.0520833320915699, "module.features.8.conv.6": 0.0624186210334301, "module.features.9.conv.0": 0.0911051481962204, "module.features.9.conv.3": 0.06047453731298447, "module.features.9.conv.6": 0.8942464590072632, "module.features.10.conv.0": 0.948486328125, "module.features.10.conv.3": 0.06712962687015533, "module.features.10.conv.6": 0.9501139521598816, "module.features.11.conv.0": 0.0980631560087204, "module.features.11.conv.3": 0.0572916679084301, "module.features.11.conv.6": 0.8764919638633728, "module.features.12.conv.0": 0.9734157919883728, "module.features.12.conv.3": 0.05825617164373398, "module.features.12.conv.6": 0.9847366809844971, "module.features.13.conv.0": 0.9714807868003845, "module.features.13.conv.3": 0.05285494029521942, "module.features.13.conv.6": 0.9829282760620117, "module.features.14.conv.0": 0.8916196823120117, "module.features.14.conv.3": 0.050540123134851456, "module.features.14.conv.6": 0.9474501013755798, "module.features.15.conv.0": 0.9918555021286011, "module.features.15.conv.3": 0.08796296268701553, "module.features.15.conv.6": 0.9941015839576721, "module.features.16.conv.0": 0.9914518594741821, "module.features.16.conv.3": 0.0910879597067833, "module.features.16.conv.6": 0.9943034052848816, "module.features.17.conv.0": 0.9658789038658142, "module.features.17.conv.3": 0.11331018060445786, "module.features.17.conv.6": 0.984290361404419, "module.conv.0": 0.9824511408805847, "module.classifier": 0.0, "_timestamp": 1667500741, "_runtime": 4251, "_step": 241, "t_top1": 97.382, "t_top5": 99.99, "t_loss": 0.07336129086017609, "v_top1": 90.33, "v_top5": 99.69, "v_loss": 0.365427072429657, "sparsity": 0.8780655264854431, "masking_loss": 12.418151931457519, "module.features.1.conv.0pruning_point": 0.028916122391819954, "module.features.1.conv.3pruning_point": 0.14080311357975006, "module.features.2.conv.0pruning_point": 0.0028068528044968843, "module.features.2.conv.3pruning_point": 0.014084216207265854, "module.features.2.conv.6pruning_point": 0.05788386985659599, "module.features.3.conv.0pruning_point": 0.0016070943092927337, "module.features.3.conv.3pruning_point": 0.0007381632458418608, "module.features.3.conv.6pruning_point": 3.188678965670988e-05, "module.features.4.conv.0pruning_point": 0.0009969500824809074, "module.features.4.conv.3pruning_point": 4.4098389480495825e-05, "module.features.4.conv.6pruning_point": 0.0005376612534746528, "module.features.5.conv.0pruning_point": 0.0009171125129796565, "module.features.5.conv.3pruning_point": 0.0003946603974327445, "module.features.5.conv.6pruning_point": 0.0006833728984929621, "module.features.6.conv.0pruning_point": 0.00110706000123173, "module.features.6.conv.3pruning_point": 0.00013053200382273644, "module.features.6.conv.6pruning_point": 0.00012549871462397277, "module.features.7.conv.0pruning_point": 0.0015580432955175638, "module.features.7.conv.3pruning_point": 3.7874130498494196e-07, "module.features.7.conv.6pruning_point": 0.0015177748864516616, "module.features.8.conv.0pruning_point": 0.0003697752545122057, "module.features.8.conv.3pruning_point": 0.0002294104197062552, "module.features.8.conv.6pruning_point": 1.9182072719559073e-05, "module.features.9.conv.0pruning_point": 0.0033279384952038527, "module.features.9.conv.3pruning_point": 6.838053377578035e-05, "module.features.9.conv.6pruning_point": 0.14307166635990143, "module.features.10.conv.0pruning_point": 0.1809237003326416, "module.features.10.conv.3pruning_point": 0.0007233264041133225, "module.features.10.conv.6pruning_point": 0.16433466970920563, "module.features.11.conv.0pruning_point": 0.00487296050414443, "module.features.11.conv.3pruning_point": 7.082673982949927e-05, "module.features.11.conv.6pruning_point": 0.15601329505443573, "module.features.12.conv.0pruning_point": 0.1299964040517807, "module.features.12.conv.3pruning_point": 0.0007257226970978081, "module.features.12.conv.6pruning_point": 0.12697818875312805, "module.features.13.conv.0pruning_point": 0.12028571218252182, "module.features.13.conv.3pruning_point": 1.7222226233570836e-05, "module.features.13.conv.6pruning_point": 0.11077004671096802, "module.features.14.conv.0pruning_point": 0.12380973994731903, "module.features.14.conv.3pruning_point": 0.0, "module.features.14.conv.6pruning_point": 0.09068116545677185, "module.features.15.conv.0pruning_point": 0.057421959936618805, "module.features.15.conv.3pruning_point": 0.00037428512587212026, "module.features.15.conv.6pruning_point": 0.0589887760579586, "module.features.16.conv.0pruning_point": 0.05719830468297005, "module.features.16.conv.3pruning_point": 0.0002973542141262442, "module.features.16.conv.6pruning_point": 0.05275170877575874, "module.features.17.conv.0pruning_point": 0.07578261941671371, "module.features.17.conv.3pruning_point": 0.003056033281609416, "module.features.17.conv.6pruning_point": 0.04966278746724129, "module.conv.0pruning_point": 0.039042744785547256, "_wandb": {"runtime": 4252}}