{"module.features.0.0": 0.0, "module.features.1.conv.0": 0.3576388955116272, "module.features.1.conv.3": 0.912109375, "module.features.2.conv.0": 0.9205729365348816, "module.features.2.conv.3": 0.039351850748062134, "module.features.2.conv.6": 0.924913227558136, "module.features.3.conv.0": 0.9673032760620117, "module.features.3.conv.3": 0.10339505970478058, "module.features.3.conv.6": 0.9513888955116272, "module.features.4.conv.0": 0.9033564925193787, "module.features.4.conv.3": 0.01774691417813301, "module.features.4.conv.6": 0.915147602558136, "module.features.5.conv.0": 0.9814453125, "module.features.5.conv.3": 0.09317129850387573, "module.features.5.conv.6": 0.9728190302848816, "module.features.6.conv.0": 0.9884440302848816, "module.features.6.conv.3": 0.12615740299224854, "module.features.6.conv.6": 0.9837239980697632, "module.features.7.conv.0": 0.9005534052848816, "module.features.7.conv.3": 0.013310185633599758, "module.features.7.conv.6": 0.9256998896598816, "module.features.8.conv.0": 0.9885661005973816, "module.features.8.conv.3": 0.1927083283662796, "module.features.8.conv.6": 0.9834798574447632, "module.features.9.conv.0": 0.993408203125, "module.features.9.conv.3": 0.22251157462596893, "module.features.9.conv.6": 0.9913330078125, "module.features.10.conv.0": 0.9911702871322632, "module.features.10.conv.3": 0.23061342537403107, "module.features.10.conv.6": 0.9901123046875, "module.features.11.conv.0": 0.9161784052848816, "module.features.11.conv.3": 0.2717013955116272, "module.features.11.conv.6": 0.8910861611366272, "module.features.12.conv.0": 0.9638491272926331, "module.features.12.conv.3": 0.20158179104328156, "module.features.12.conv.6": 0.9471752047538757, "module.features.13.conv.0": 0.9690212607383728, "module.features.13.conv.3": 0.20679011940956116, "module.features.13.conv.6": 0.9731987714767456, "module.features.14.conv.0": 0.7651186585426331, "module.features.14.conv.3": 0.030285494402050972, "module.features.14.conv.6": 0.6367404460906982, "module.features.15.conv.0": 0.7693750262260437, "module.features.15.conv.3": 0.06875000149011612, "module.features.15.conv.6": 0.7321745157241821, "module.features.16.conv.0": 0.7060612440109253, "module.features.16.conv.3": 0.11527777463197708, "module.features.16.conv.6": 0.7324479222297668, "module.features.17.conv.0": 0.4100586175918579, "module.features.17.conv.3": 0.00486111082136631, "module.features.17.conv.6": 0.3543815314769745, "module.conv.0": 0.33272460103034973, "module.classifier": 0.0, "_timestamp": 1667901535.5418928, "_runtime": 7552.031463861465, "_step": 8, "t_top1": 46.08798072382445, "t_top5": 70.48238051710811, "t_loss": 2.4530201412420154, "v_top1": 45.1, "v_top5": 70.386, "v_loss": 2.4802626740264895, "sparsity": 0.38673368096351624, "masking_loss": 4.518584987903948, "module.features.1.conv.0pruning_point": 0.0010194723727181554, "module.features.1.conv.3pruning_point": 0.8653298616409302, "module.features.2.conv.0pruning_point": 0.6532613635063171, "module.features.2.conv.3pruning_point": 0.0, "module.features.2.conv.6pruning_point": 0.6186933517456055, "module.features.3.conv.0pruning_point": 0.5185426473617554, "module.features.3.conv.3pruning_point": 0.0009727406431920826, "module.features.3.conv.6pruning_point": 0.5096791982650757, "module.features.4.conv.0pruning_point": 0.5669868588447571, "module.features.4.conv.3pruning_point": 2.2371015802491456e-05, "module.features.4.conv.6pruning_point": 0.5304890275001526, "module.features.5.conv.0pruning_point": 0.43398982286453247, "module.features.5.conv.3pruning_point": 0.0003845369501505047, "module.features.5.conv.6pruning_point": 0.42417407035827637, "module.features.6.conv.0pruning_point": 0.4326203465461731, "module.features.6.conv.3pruning_point": 0.00028080862830393016, "module.features.6.conv.6pruning_point": 0.4241405427455902, "module.features.7.conv.0pruning_point": 0.4752659201622009, "module.features.7.conv.3pruning_point": 0.00018380145775154233, "module.features.7.conv.6pruning_point": 0.3771442770957947, "module.features.8.conv.0pruning_point": 0.289689838886261, "module.features.8.conv.3pruning_point": 0.0004426107043400407, "module.features.8.conv.6pruning_point": 0.2840379774570465, "module.features.9.conv.0pruning_point": 0.303201287984848, "module.features.9.conv.3pruning_point": 0.00044783635530620813, "module.features.9.conv.6pruning_point": 0.27859124541282654, "module.features.10.conv.0pruning_point": 0.2874927520751953, "module.features.10.conv.3pruning_point": 8.042694389587268e-05, "module.features.10.conv.6pruning_point": 0.2835565209388733, "module.features.11.conv.0pruning_point": 0.268942654132843, "module.features.11.conv.3pruning_point": 0.0015586327062919736, "module.features.11.conv.6pruning_point": 0.21018709242343903, "module.features.12.conv.0pruning_point": 0.19097554683685303, "module.features.12.conv.3pruning_point": 0.0006301627145148814, "module.features.12.conv.6pruning_point": 0.1695260852575302, "module.features.13.conv.0pruning_point": 0.20103736221790314, "module.features.13.conv.3pruning_point": 0.0002560461580287665, "module.features.13.conv.6pruning_point": 0.20810607075691223, "module.features.14.conv.0pruning_point": 0.1304732859134674, "module.features.14.conv.3pruning_point": 1.933440398715902e-05, "module.features.14.conv.6pruning_point": 0.07950334995985031, "module.features.15.conv.0pruning_point": 0.06936968863010406, "module.features.15.conv.3pruning_point": 9.781679545994848e-05, "module.features.15.conv.6pruning_point": 0.06488809734582901, "module.features.16.conv.0pruning_point": 0.06475632637739182, "module.features.16.conv.3pruning_point": 8.32866135169752e-05, "module.features.16.conv.6pruning_point": 0.06490736454725266, "module.features.17.conv.0pruning_point": 0.03938112035393715, "module.features.17.conv.3pruning_point": 1.1139057960463106e-06, "module.features.17.conv.6pruning_point": 0.021983375772833824, "module.conv.0pruning_point": 0.01469096727669239, "hard_pruning_sparsity": 0.4364045560359955, "_wandb": {"runtime": 9944}}