{"module.features.0.0": 0.0, "module.features.1.conv.0": 0.2395833283662796, "module.features.1.conv.3": 0.384765625, "module.features.2.conv.0": 0.064453125, "module.features.2.conv.3": 0.10532407462596893, "module.features.2.conv.6": 0.1627604216337204, "module.features.3.conv.0": 0.06481481343507767, "module.features.3.conv.3": 0.06172839552164078, "module.features.3.conv.6": 0.0607638880610466, "module.features.4.conv.0": 0.06105324253439903, "module.features.4.conv.3": 0.036265432834625244, "module.features.4.conv.6": 0.0601128488779068, "module.features.5.conv.0": 0.0642903670668602, "module.features.5.conv.3": 0.04629629850387573, "module.features.5.conv.6": 0.0633138045668602, "module.features.6.conv.0": 0.0665690153837204, "module.features.6.conv.3": 0.054976850748062134, "module.features.6.conv.6": 0.0636393278837204, "module.features.7.conv.0": 0.05810546875, "module.features.7.conv.3": 0.028356481343507767, "module.features.7.conv.6": 0.0572916679084301, "module.features.8.conv.0": 0.0705973356962204, "module.features.8.conv.3": 0.05960648134350777, "module.features.8.conv.6": 0.959716796875, "module.features.9.conv.0": 0.0641276091337204, "module.features.9.conv.3": 0.06278935074806213, "module.features.9.conv.6": 0.9621175527572632, "module.features.10.conv.0": 0.0976155623793602, "module.features.10.conv.3": 0.0607638880610466, "module.features.10.conv.6": 0.9706217646598816, "module.features.11.conv.0": 0.0697428435087204, "module.features.11.conv.3": 0.05237268656492233, "module.features.11.conv.6": 0.9442274570465088, "module.features.12.conv.0": 0.9986798167228699, "module.features.12.conv.3": 0.05516975373029709, "module.features.12.conv.6": 0.9958948493003845, "module.features.13.conv.0": 0.9989691972732544, "module.features.13.conv.3": 0.05516975373029709, "module.features.13.conv.6": 0.996202290058136, "module.features.14.conv.0": 0.9774305820465088, "module.features.14.conv.3": 0.05092592537403107, "module.features.14.conv.6": 0.9859158396720886, "module.features.15.conv.0": 0.9997461438179016, "module.features.15.conv.3": 0.08229166269302368, "module.features.15.conv.6": 0.9991927146911621, "module.features.16.conv.0": 0.9998893737792969, "module.features.16.conv.3": 0.09444444626569748, "module.features.16.conv.6": 0.9987695813179016, "module.features.17.conv.0": 0.9946549534797668, "module.features.17.conv.3": 0.11539351940155029, "module.features.17.conv.6": 0.9950879216194153, "module.conv.0": 0.99183589220047, "module.classifier": 0.0, "_timestamp": 1667502253, "_runtime": 1503, "_step": 181, "t_top1": 97.51, "t_top5": 99.988, "t_loss": 0.07242362951993943, "v_top1": 90.01, "v_top5": 99.61, "v_loss": 0.37824663200378417, "sparsity": 0.8928356170654297, "masking_loss": 0, "module.features.1.conv.0pruning_point": 0.019732996821403503, "module.features.1.conv.3pruning_point": 0.0935513824224472, "module.features.2.conv.0pruning_point": 0.001914854277856648, "module.features.2.conv.3pruning_point": 0.00976804830133915, "module.features.2.conv.6pruning_point": 0.03987729549407959, "module.features.3.conv.0pruning_point": 0.0013837190344929695, "module.features.3.conv.3pruning_point": 0.0029554441571235657, "module.features.3.conv.6pruning_point": 3.902038588421419e-05, "module.features.4.conv.0pruning_point": 0.0021862760186195374, "module.features.4.conv.3pruning_point": 2.0453965134947794e-06, "module.features.4.conv.6pruning_point": 0.0005227618967182934, "module.features.5.conv.0pruning_point": 0.000828233954962343, "module.features.5.conv.3pruning_point": 0.0009002215228974819, "module.features.5.conv.6pruning_point": 0.001023379503749311, "module.features.6.conv.0pruning_point": 0.002134218579158187, "module.features.6.conv.3pruning_point": 0.000441682554082945, "module.features.6.conv.6pruning_point": 3.228479909012094e-05, "module.features.7.conv.0pruning_point": 0.000685886770952493, "module.features.7.conv.3pruning_point": 1.258782162949501e-07, "module.features.7.conv.6pruning_point": 0.0003417660773266107, "module.features.8.conv.0pruning_point": 0.0009103679331019521, "module.features.8.conv.3pruning_point": 0.0011533183278515935, "module.features.8.conv.6pruning_point": 0.14206048846244812, "module.features.9.conv.0pruning_point": 0.00016190852329600602, "module.features.9.conv.3pruning_point": 0.0009389544138684869, "module.features.9.conv.6pruning_point": 0.14131969213485718, "module.features.10.conv.0pruning_point": 0.003841812489554286, "module.features.10.conv.3pruning_point": 0.0007470025448128581, "module.features.10.conv.6pruning_point": 0.14254526793956757, "module.features.11.conv.0pruning_point": 0.0007057473412714899, "module.features.11.conv.3pruning_point": 8.185777460312238e-07, "module.features.11.conv.6pruning_point": 0.14515705406665802, "module.features.12.conv.0pruning_point": 0.12201514840126038, "module.features.12.conv.3pruning_point": 0.0003211022703908384, "module.features.12.conv.6pruning_point": 0.11854196339845657, "module.features.13.conv.0pruning_point": 0.11515725404024124, "module.features.13.conv.3pruning_point": 0.0005395428161136806, "module.features.13.conv.6pruning_point": 0.11176322400569916, "module.features.14.conv.0pruning_point": 0.11711025983095169, "module.features.14.conv.3pruning_point": 2.7543243049876764e-05, "module.features.14.conv.6pruning_point": 0.08692167699337006, "module.features.15.conv.0pruning_point": 0.05498305335640907, "module.features.15.conv.3pruning_point": 0.0001514190371381119, "module.features.15.conv.6pruning_point": 0.05708475410938263, "module.features.16.conv.0pruning_point": 0.0565619021654129, "module.features.16.conv.3pruning_point": 0.00042747167753987014, "module.features.16.conv.6pruning_point": 0.05293039232492447, "module.features.17.conv.0pruning_point": 0.07185663282871246, "module.features.17.conv.3pruning_point": 0.003173369448632002, "module.features.17.conv.6pruning_point": 0.04712166637182236, "module.conv.0pruning_point": 0.03777056932449341, "_wandb": {"runtime": 1505}}