{"module.features.0.0": 0.0, "module.features.1.conv.0": 0.2604166567325592, "module.features.1.conv.3": 0.3515625, "module.features.2.conv.0": 0.064453125, "module.features.2.conv.3": 0.1076388880610466, "module.features.2.conv.6": 0.157986119389534, "module.features.3.conv.0": 0.062210649251937866, "module.features.3.conv.3": 0.057098764926195145, "module.features.3.conv.6": 0.06394676119089127, "module.features.4.conv.0": 0.071180559694767, "module.features.4.conv.3": 0.036265432834625244, "module.features.4.conv.6": 0.0627170130610466, "module.features.5.conv.0": 0.0662434920668602, "module.features.5.conv.3": 0.0538194440305233, "module.features.5.conv.6": 0.0667317733168602, "module.features.6.conv.0": 0.0647786483168602, "module.features.6.conv.3": 0.06192129850387573, "module.features.6.conv.6": 0.0625, "module.features.7.conv.0": 0.06005859375, "module.features.7.conv.3": 0.025462962687015533, "module.features.7.conv.6": 0.0628255233168602, "module.features.8.conv.0": 0.0660400390625, "module.features.8.conv.3": 0.04976851865649223, "module.features.8.conv.6": 0.0646565780043602, "module.features.9.conv.0": 0.0669759139418602, "module.features.9.conv.3": 0.056134261190891266, "module.features.9.conv.6": 0.0652669295668602, "module.features.10.conv.0": 0.0714111328125, "module.features.10.conv.3": 0.0616319440305233, "module.features.10.conv.6": 0.0748291015625, "module.features.11.conv.0": 0.0790608748793602, "module.features.11.conv.3": 0.05700231343507767, "module.features.11.conv.6": 0.8663737177848816, "module.features.12.conv.0": 0.9875940680503845, "module.features.12.conv.3": 0.05864197760820389, "module.features.12.conv.6": 0.9762550592422485, "module.features.13.conv.0": 0.8261899948120117, "module.features.13.conv.3": 0.05787036940455437, "module.features.13.conv.6": 0.9777018427848816, "module.features.14.conv.0": 0.07946325093507767, "module.features.14.conv.3": 0.05111882835626602, "module.features.14.conv.6": 0.956163227558136, "module.features.15.conv.0": 0.9989323019981384, "module.features.15.conv.3": 0.08310185372829437, "module.features.15.conv.6": 0.997265636920929, "module.features.16.conv.0": 0.999427080154419, "module.features.16.conv.3": 0.07881944626569748, "module.features.16.conv.6": 0.9977409243583679, "module.features.17.conv.0": 0.9781054854393005, "module.features.17.conv.3": 0.07708333432674408, "module.features.17.conv.6": 0.9855892062187195, "module.conv.0": 0.98322993516922, "module.classifier": 0.0, "_timestamp": 1667493930, "_runtime": 2409, "_step": 241, "t_top1": 99.614, "t_top5": 99.998, "t_loss": 0.013043582534193993, "v_top1": 90.92, "v_top5": 99.56, "v_loss": 0.4572215058326721, "sparsity": 0.827451229095459, "masking_loss": 0, "module.features.1.conv.0pruning_point": 0.02623889595270157, "module.features.1.conv.3pruning_point": 0.053869783878326416, "module.features.2.conv.0pruning_point": 0.000804771319963038, "module.features.2.conv.3pruning_point": 0.011566439643502235, "module.features.2.conv.6pruning_point": 0.03875713050365448, "module.features.3.conv.0pruning_point": 0.0014133281074464321, "module.features.3.conv.3pruning_point": 0.0016848304076120257, "module.features.3.conv.6pruning_point": 0.0004602583940140903, "module.features.4.conv.0pruning_point": 0.0026445130351930857, "module.features.4.conv.3pruning_point": 9.027998748933896e-05, "module.features.4.conv.6pruning_point": 0.0015046020271256566, "module.features.5.conv.0pruning_point": 0.0009194497833959758, "module.features.5.conv.3pruning_point": 0.0003089899546466768, "module.features.5.conv.6pruning_point": 0.0003639562928583473, "module.features.6.conv.0pruning_point": 0.000993062392808497, "module.features.6.conv.3pruning_point": 0.0006218418711796403, "module.features.6.conv.6pruning_point": 0.00013470236444845796, "module.features.7.conv.0pruning_point": 0.00045572369708679616, "module.features.7.conv.3pruning_point": 1.5527820096394862e-07, "module.features.7.conv.6pruning_point": 0.0011627435451373458, "module.features.8.conv.0pruning_point": 0.0004631272458937019, "module.features.8.conv.3pruning_point": 4.329581497586332e-05, "module.features.8.conv.6pruning_point": 0.00031671891338191926, "module.features.9.conv.0pruning_point": 0.0005284017533995211, "module.features.9.conv.3pruning_point": 9.123480413109064e-05, "module.features.9.conv.6pruning_point": 0.000167263817274943, "module.features.10.conv.0pruning_point": 0.0011328146792948246, "module.features.10.conv.3pruning_point": 7.08213119651191e-05, "module.features.10.conv.6pruning_point": 0.0011673981789499521, "module.features.11.conv.0pruning_point": 0.0020545306615531445, "module.features.11.conv.3pruning_point": 0.0004387711815070361, "module.features.11.conv.6pruning_point": 0.10688889026641846, "module.features.12.conv.0pruning_point": 0.08425810188055038, "module.features.12.conv.3pruning_point": 0.00046232607564888895, "module.features.12.conv.6pruning_point": 0.08044183254241943, "module.features.13.conv.0pruning_point": 0.04211270436644554, "module.features.13.conv.3pruning_point": 0.00026735011488199234, "module.features.13.conv.6pruning_point": 0.07453221082687378, "module.features.14.conv.0pruning_point": 0.0013422478223219514, "module.features.14.conv.3pruning_point": 1.3390261983659002e-06, "module.features.14.conv.6pruning_point": 0.06646475195884705, "module.features.15.conv.0pruning_point": 0.04640987515449524, "module.features.15.conv.3pruning_point": 0.0002644607156980783, "module.features.15.conv.6pruning_point": 0.046712033450603485, "module.features.16.conv.0pruning_point": 0.0450669601559639, "module.features.16.conv.3pruning_point": 6.457552785832377e-07, "module.features.16.conv.6pruning_point": 0.044377751648426056, "module.features.17.conv.0pruning_point": 0.053514596074819565, "module.features.17.conv.3pruning_point": 0.00035551204928196967, "module.features.17.conv.6pruning_point": 0.036689259111881256, "module.conv.0pruning_point": 0.029987294226884842, "_wandb": {"runtime": 2410}}