{"module.features.0.0": 0.0, "module.features.1.conv.0": 0.378472238779068, "module.features.1.conv.3": 0.814453125, "module.features.2.conv.0": 0.9270833730697632, "module.features.2.conv.3": 0.028935184702277184, "module.features.2.conv.6": 0.8993055820465088, "module.features.3.conv.0": 0.9754050970077515, "module.features.3.conv.3": 0.13966049253940582, "module.features.3.conv.6": 0.9328703880310059, "module.features.4.conv.0": 0.8000578880310059, "module.features.4.conv.3": 0.0069444444961845875, "module.features.4.conv.6": 0.767578125, "module.features.5.conv.0": 0.9928385615348816, "module.features.5.conv.3": 0.11053241044282913, "module.features.5.conv.6": 0.9501953125, "module.features.6.conv.0": 0.99853515625, "module.features.6.conv.3": 0.1944444477558136, "module.features.6.conv.6": 0.9861654043197632, "module.features.7.conv.0": 0.763671875, "module.features.7.conv.3": 0.0052083334885537624, "module.features.7.conv.6": 0.7880859375, "module.features.8.conv.0": 0.9897868037223816, "module.features.8.conv.3": 0.3810763955116272, "module.features.8.conv.6": 0.9736328125, "module.features.9.conv.0": 0.9979655146598816, "module.features.9.conv.3": 0.29311344027519226, "module.features.9.conv.6": 0.9917806386947632, "module.features.10.conv.0": 0.9989827871322632, "module.features.10.conv.3": 0.26967594027519226, "module.features.10.conv.6": 0.9975993037223816, "module.features.11.conv.0": 0.7939046621322632, "module.features.11.conv.3": 0.16203704476356506, "module.features.11.conv.6": 0.7942708134651184, "module.features.12.conv.0": 0.9949725270271301, "module.features.12.conv.3": 0.4454089403152466, "module.features.12.conv.6": 0.9860388040542603, "module.features.13.conv.0": 0.9892759323120117, "module.features.13.conv.3": 0.2642746865749359, "module.features.13.conv.6": 0.9877567887306213, "module.features.14.conv.0": 0.6815321445465088, "module.features.14.conv.3": 0.025848764926195145, "module.features.14.conv.6": 0.6124457716941833, "module.features.15.conv.0": 0.8868685364723206, "module.features.15.conv.3": 0.05648148059844971, "module.features.15.conv.6": 0.8920508027076721, "module.features.16.conv.0": 0.9284049868583679, "module.features.16.conv.3": 0.1390046328306198, "module.features.16.conv.6": 0.9222396016120911, "module.features.17.conv.0": 0.028899740427732468, "module.features.17.conv.3": 0.004398148041218519, "module.features.17.conv.6": 0.4808105528354645, "module.conv.0": 0.020473632961511612, "module.classifier": 0.0, "_timestamp": 1667629453, "_runtime": 87893, "_step": 57, "t_top1": 53.29820390314528, "t_top5": 76.05597084530109, "t_loss": 2.09336464763927, "v_top1": 48.59, "v_top5": 73.64, "v_loss": 2.2825054389953614, "sparsity": 0.3722378611564636, "masking_loss": 2.51600822375686, "module.features.1.conv.0pruning_point": 0.20673364400863647, "module.features.1.conv.3pruning_point": 0.6801149249076843, "module.features.2.conv.0pruning_point": 0.4276546537876129, "module.features.2.conv.3pruning_point": 0.0012977239675819874, "module.features.2.conv.6pruning_point": 0.36944058537483215, "module.features.3.conv.0pruning_point": 0.24203075468540192, "module.features.3.conv.3pruning_point": 0.014744739048182964, "module.features.3.conv.6pruning_point": 0.24378721415996552, "module.features.4.conv.0pruning_point": 0.34550604224205017, "module.features.4.conv.3pruning_point": 4.2547650082269683e-05, "module.features.4.conv.6pruning_point": 0.3172874450683594, "module.features.5.conv.0pruning_point": 0.36874058842658997, "module.features.5.conv.3pruning_point": 0.003933765459805727, "module.features.5.conv.6pruning_point": 0.17223699390888214, "module.features.6.conv.0pruning_point": 0.31880515813827515, "module.features.6.conv.3pruning_point": 0.009328865446150303, "module.features.6.conv.6pruning_point": 0.19436515867710114, "module.features.7.conv.0pruning_point": 0.2982078492641449, "module.features.7.conv.3pruning_point": 3.680749432533048e-05, "module.features.7.conv.6pruning_point": 0.2478635162115097, "module.features.8.conv.0pruning_point": 0.16547930240631104, "module.features.8.conv.3pruning_point": 0.027813365682959557, "module.features.8.conv.6pruning_point": 0.1341925859451294, "module.features.9.conv.0pruning_point": 0.1485150009393692, "module.features.9.conv.3pruning_point": 0.008883727714419365, "module.features.9.conv.6pruning_point": 0.10109255462884903, "module.features.10.conv.0pruning_point": 0.14311368763446808, "module.features.10.conv.3pruning_point": 0.0043800934217870235, "module.features.10.conv.6pruning_point": 0.2096136212348938, "module.features.11.conv.0pruning_point": 0.1904427856206894, "module.features.11.conv.3pruning_point": 0.1028033047914505, "module.features.11.conv.6pruning_point": 0.1281236857175827, "module.features.12.conv.0pruning_point": 0.11306257545948029, "module.features.12.conv.3pruning_point": 0.020648285746574402, "module.features.12.conv.6pruning_point": 0.0983259305357933, "module.features.13.conv.0pruning_point": 0.09934039413928986, "module.features.13.conv.3pruning_point": 0.006120344623923302, "module.features.13.conv.6pruning_point": 0.10855227708816528, "module.features.14.conv.0pruning_point": 0.08143072575330734, "module.features.14.conv.3pruning_point": 4.267402800905984e-06, "module.features.14.conv.6pruning_point": 0.04936175048351288, "module.features.15.conv.0pruning_point": 0.051458340138196945, "module.features.15.conv.3pruning_point": 1.4572068721463438e-05, "module.features.15.conv.6pruning_point": 0.05620041862130165, "module.features.16.conv.0pruning_point": 0.06278295814990997, "module.features.16.conv.3pruning_point": 0.006403614766895771, "module.features.16.conv.6pruning_point": 0.05392159894108772, "module.features.17.conv.0pruning_point": 0.0006157559109851718, "module.features.17.conv.3pruning_point": 0.0, "module.features.17.conv.6pruning_point": 0.04138394817709923, "module.conv.0pruning_point": 6.611643766518682e-05}