{"module.features.1.conv.0": 0.1944444477558136, "module.features.1.conv.3": 0.583984375, "module.features.2.conv.0": 0.3053385615348816, "module.features.2.conv.3": 0.0729166641831398, "module.features.2.conv.6": 0.3307291567325592, "module.features.3.conv.0": 0.46209490299224854, "module.features.3.conv.3": 0.05169752985239029, "module.features.3.conv.6": 0.5679976940155029, "module.features.4.conv.0": 0.32262730598449707, "module.features.4.conv.3": 0.032407406717538834, "module.features.4.conv.6": 0.3352864682674408, "module.features.5.conv.0": 0.5887044668197632, "module.features.5.conv.3": 0.05266203731298447, "module.features.5.conv.6": 0.5872396230697632, "module.features.6.conv.0": 0.5270182490348816, "module.features.6.conv.3": 0.05671296268701553, "module.features.6.conv.6": 0.6549479365348816, "module.features.7.conv.0": 0.2159830778837204, "module.features.7.conv.3": 0.02777777798473835, "module.features.7.conv.6": 0.2939453125, "module.features.8.conv.0": 0.720458984375, "module.features.8.conv.3": 0.0564236119389534, "module.features.8.conv.6": 0.7467855215072632, "module.features.9.conv.0": 0.7191162109375, "module.features.9.conv.3": 0.06452546268701553, "module.features.9.conv.6": 0.7725423574447632, "module.features.10.conv.0": 0.7314046621322632, "module.features.10.conv.3": 0.06018518656492233, "module.features.10.conv.6": 0.7933756709098816, "module.features.11.conv.0": 0.2803548276424408, "module.features.11.conv.3": 0.055844906717538834, "module.features.11.conv.6": 0.6007758378982544, "module.features.12.conv.0": 0.8190104365348816, "module.features.12.conv.3": 0.05594135820865631, "module.features.12.conv.6": 0.8745840787887573, "module.features.13.conv.0": 0.8405671119689941, "module.features.13.conv.3": 0.0520833320915699, "module.features.13.conv.6": 0.8935366272926331, "module.features.14.conv.0": 0.7219328880310059, "module.features.14.conv.3": 0.0503472238779068, "module.features.14.conv.6": 0.814366340637207, "module.features.15.conv.0": 0.9625455737113953, "module.features.15.conv.3": 0.08009259402751923, "module.features.15.conv.6": 0.9769401550292969, "module.features.16.conv.0": 0.9804753065109253, "module.features.16.conv.3": 0.08414351940155029, "module.features.16.conv.6": 0.9905468821525574, "module.features.17.conv.0": 0.8279427289962769, "module.features.17.conv.3": 0.08599536865949631, "module.features.17.conv.6": 0.9114648699760437, "module.conv.0": 0.89459228515625, "block_sparsity": 0.8997631669044495, "_timestamp": 1668172461.8193, "_runtime": 3257.256933927536, "_step": 144, "t_top1": 94.892, "t_top5": 99.984, "t_loss": 0.13861728434085846, "v_top1": 87.81, "v_top5": 99.61, "v_loss": 0.4201795313715935, "sparsity": 0.8449163436889648, "masking_loss": 1.1695368130111694, "module.features.1.conv.0pruning_point": 0.010129520669579506, "module.features.1.conv.3pruning_point": 0.18469080328941345, "module.features.2.conv.0pruning_point": 0.07429645210504532, "module.features.2.conv.3pruning_point": 0.0009630621061660349, "module.features.2.conv.6pruning_point": 0.0750197246670723, "module.features.3.conv.0pruning_point": 0.09642726927995682, "module.features.3.conv.3pruning_point": 0.0011143297888338566, "module.features.3.conv.6pruning_point": 0.11976546794176102, "module.features.4.conv.0pruning_point": 0.06742864102125168, "module.features.4.conv.3pruning_point": 6.252427556319162e-05, "module.features.4.conv.6pruning_point": 0.066884346306324, "module.features.5.conv.0pruning_point": 0.11063879728317261, "module.features.5.conv.3pruning_point": 0.0006417141994461417, "module.features.5.conv.6pruning_point": 0.10928952693939209, "module.features.6.conv.0pruning_point": 0.09697772562503815, "module.features.6.conv.3pruning_point": 0.0004608338640537113, "module.features.6.conv.6pruning_point": 0.12198285013437271, "module.features.7.conv.0pruning_point": 0.038572970777750015, "module.features.7.conv.3pruning_point": 8.890092431101948e-06, "module.features.7.conv.6pruning_point": 0.04458989202976227, "module.features.8.conv.0pruning_point": 0.09471383690834045, "module.features.8.conv.3pruning_point": 0.0007496905163861811, "module.features.8.conv.6pruning_point": 0.09819695353507996, "module.features.9.conv.0pruning_point": 0.09514780342578888, "module.features.9.conv.3pruning_point": 0.0011838867794722319, "module.features.9.conv.6pruning_point": 0.09896108508110046, "module.features.10.conv.0pruning_point": 0.09691903740167618, "module.features.10.conv.3pruning_point": 0.0006510362145490944, "module.features.10.conv.6pruning_point": 0.09927576035261154, "module.features.11.conv.0pruning_point": 0.03324098140001297, "module.features.11.conv.3pruning_point": 2.2618831280851737e-05, "module.features.11.conv.6pruning_point": 0.07244385778903961, "module.features.12.conv.0pruning_point": 0.0764717310667038, "module.features.12.conv.3pruning_point": 0.0005276502924971282, "module.features.12.conv.6pruning_point": 0.07946791499853134, "module.features.13.conv.0pruning_point": 0.07699832320213318, "module.features.13.conv.3pruning_point": 1.7743168712058832e-07, "module.features.13.conv.6pruning_point": 0.07908128201961517, "module.features.14.conv.0pruning_point": 0.07699518650770187, "module.features.14.conv.3pruning_point": 6.57705186313251e-07, "module.features.14.conv.6pruning_point": 0.06467817723751068, "module.features.15.conv.0pruning_point": 0.06575951725244522, "module.features.15.conv.3pruning_point": 9.194848757942964e-07, "module.features.15.conv.6pruning_point": 0.0668531209230423, "module.features.16.conv.0pruning_point": 0.06592924147844315, "module.features.16.conv.3pruning_point": 6.975721134949708e-06, "module.features.16.conv.6pruning_point": 0.06781069934368134, "module.features.17.conv.0pruning_point": 0.0544053390622139, "module.features.17.conv.3pruning_point": 0.0006199939525686204, "module.features.17.conv.6pruning_point": 0.04533575475215912, "module.conv.0pruning_point": 0.03641077131032944, "hard_pruning_sparsity": 0.9269787073135376}