{"module.features.1.conv.0": 0.1701388955116272, "module.features.1.conv.3": 0.57421875, "module.features.2.conv.0": 0.2916666865348816, "module.features.2.conv.3": 0.0833333358168602, "module.features.2.conv.6": 0.3190104067325592, "module.features.3.conv.0": 0.44039350748062134, "module.features.3.conv.3": 0.050154320895671844, "module.features.3.conv.6": 0.5526620149612427, "module.features.4.conv.0": 0.3107638955116272, "module.features.4.conv.3": 0.03163580223917961, "module.features.4.conv.6": 0.3266059160232544, "module.features.5.conv.0": 0.5704752802848816, "module.features.5.conv.3": 0.05266203731298447, "module.features.5.conv.6": 0.5696614980697632, "module.features.6.conv.0": 0.5089518427848816, "module.features.6.conv.3": 0.05844907462596893, "module.features.6.conv.6": 0.63916015625, "module.features.7.conv.0": 0.21044921875, "module.features.7.conv.3": 0.026620371267199516, "module.features.7.conv.6": 0.2826334834098816, "module.features.8.conv.0": 0.7167155146598816, "module.features.8.conv.3": 0.055266205221414566, "module.features.8.conv.6": 0.7440185546875, "module.features.9.conv.0": 0.7135009765625, "module.features.9.conv.3": 0.06568287312984467, "module.features.9.conv.6": 0.771240234375, "module.features.10.conv.0": 0.7291259765625, "module.features.10.conv.3": 0.0598958320915699, "module.features.10.conv.6": 0.7930501699447632, "module.features.11.conv.0": 0.2718912959098816, "module.features.11.conv.3": 0.0546875, "module.features.11.conv.6": 0.5811903476715088, "module.features.12.conv.0": 0.821885883808136, "module.features.12.conv.3": 0.057098764926195145, "module.features.12.conv.6": 0.8744393587112427, "module.features.13.conv.0": 0.8438946604728699, "module.features.13.conv.3": 0.05285494029521942, "module.features.13.conv.6": 0.8944408297538757, "module.features.14.conv.0": 0.7184606790542603, "module.features.14.conv.3": 0.05111882835626602, "module.features.14.conv.6": 0.8140191435813904, "module.features.15.conv.0": 0.9621289372444153, "module.features.15.conv.3": 0.08032407611608505, "module.features.15.conv.6": 0.9772331118583679, "module.features.16.conv.0": 0.9804101586341858, "module.features.16.conv.3": 0.08425925672054291, "module.features.16.conv.6": 0.9906575679779053, "module.features.17.conv.0": 0.8305078148841858, "module.features.17.conv.3": 0.08784721791744232, "module.features.17.conv.6": 0.91120445728302, "module.conv.0": 0.8975146412849426, "block_sparsity": 0.8973400592803955, "_timestamp": 1668172284.2217145, "_runtime": 3079.659348487854, "_step": 136, "t_top1": 94.888, "t_top5": 99.964, "t_loss": 0.14288627121925354, "v_top1": 88.25, "v_top5": 99.66, "v_loss": 0.41238035464286804, "sparsity": 0.844688355922699, "masking_loss": 1.2028834448623658, "module.features.1.conv.0pruning_point": 0.009817014448344707, "module.features.1.conv.3pruning_point": 0.17925263941287994, "module.features.2.conv.0pruning_point": 0.06953348964452744, "module.features.2.conv.3pruning_point": 0.0011404900578781962, "module.features.2.conv.6pruning_point": 0.07088417559862137, "module.features.3.conv.0pruning_point": 0.09031199663877487, "module.features.3.conv.3pruning_point": 0.0010442736092954874, "module.features.3.conv.6pruning_point": 0.11333458870649338, "module.features.4.conv.0pruning_point": 0.06342148035764694, "module.features.4.conv.3pruning_point": 5.328426050255075e-05, "module.features.4.conv.6pruning_point": 0.06284309178590775, "module.features.5.conv.0pruning_point": 0.10524731129407883, "module.features.5.conv.3pruning_point": 0.0005698456661775708, "module.features.5.conv.6pruning_point": 0.10368265211582184, "module.features.6.conv.0pruning_point": 0.09158866107463837, "module.features.6.conv.3pruning_point": 0.0003423194866627455, "module.features.6.conv.6pruning_point": 0.1173454001545906, "module.features.7.conv.0pruning_point": 0.03668038919568062, "module.features.7.conv.3pruning_point": 9.620992386771832e-06, "module.features.7.conv.6pruning_point": 0.042058542370796204, "module.features.8.conv.0pruning_point": 0.09326779842376709, "module.features.8.conv.3pruning_point": 0.000464214535895735, "module.features.8.conv.6pruning_point": 0.09652220457792282, "module.features.9.conv.0pruning_point": 0.09323231875896454, "module.features.9.conv.3pruning_point": 0.001261489000171423, "module.features.9.conv.6pruning_point": 0.09773419797420502, "module.features.10.conv.0pruning_point": 0.09564995765686035, "module.features.10.conv.3pruning_point": 0.0006135368603281677, "module.features.10.conv.6pruning_point": 0.09848985075950623, "module.features.11.conv.0pruning_point": 0.03151531517505646, "module.features.11.conv.3pruning_point": 6.335278885671869e-05, "module.features.11.conv.6pruning_point": 0.06876028329133987, "module.features.12.conv.0pruning_point": 0.07627443969249725, "module.features.12.conv.3pruning_point": 0.0006190898711793125, "module.features.12.conv.6pruning_point": 0.07852930575609207, "module.features.13.conv.0pruning_point": 0.07667369395494461, "module.features.13.conv.3pruning_point": 1.0360268731801625e-07, "module.features.13.conv.6pruning_point": 0.07834670692682266, "module.features.14.conv.0pruning_point": 0.07584333419799805, "module.features.14.conv.3pruning_point": 7.618376457685372e-06, "module.features.14.conv.6pruning_point": 0.06406210362911224, "module.features.15.conv.0pruning_point": 0.06461489200592041, "module.features.15.conv.3pruning_point": 0.0, "module.features.15.conv.6pruning_point": 0.06591937690973282, "module.features.16.conv.0pruning_point": 0.06489107012748718, "module.features.16.conv.3pruning_point": 1.1254950038619427e-07, "module.features.16.conv.6pruning_point": 0.06665540486574173, "module.features.17.conv.0pruning_point": 0.05424479767680168, "module.features.17.conv.3pruning_point": 0.0007509324932470918, "module.features.17.conv.6pruning_point": 0.04469647258520126, "module.conv.0pruning_point": 0.03630564361810684, "hard_pruning_sparsity": 0.9253294467926025}