{"module.conv1": 0.0, "module.layer1.0.conv1": 0.1854383647441864, "module.layer1.0.conv2": 0.0719672292470932, "module.layer1.1.conv1": 0.072889544069767, "module.layer1.1.conv2": 0.0679524764418602, "module.layer2.0.conv1": 0.0699327290058136, "module.layer2.0.conv2": 0.0668606236577034, "module.layer2.0.downsample.0": 0.0792236328125, "module.layer2.1.conv1": 0.0667656809091568, "module.layer2.1.conv2": 0.0637613907456398, "module.layer3.0.conv1": 0.0650872141122818, "module.layer3.0.conv2": 0.0631900355219841, "module.layer3.0.downsample.0": 0.0662841796875, "module.layer3.1.conv1": 0.0622711181640625, "module.layer3.1.conv2": 0.062042236328125, "module.layer4.0.conv1": 0.06003909558057785, "module.layer4.0.conv2": 0.058841705322265625, "module.layer4.0.downsample.0": 0.06479644775390625, "module.layer4.1.conv1": 0.058403439819812775, "module.layer4.1.conv2": 0.0593024380505085, "module.fc": 0.0, "_timestamp": 1667891124.2428188, "_runtime": 95.0400938987732, "_step": 0, "_wandb": {"runtime": 94}}