{"module.features.1.conv.0": 0.1458333283662796, "module.features.1.conv.3": 0.578125, "module.features.2.conv.0": 0.2740885615348816, "module.features.2.conv.3": 0.08796296268701553, "module.features.2.conv.6": 0.3055555522441864, "module.features.3.conv.0": 0.43373844027519226, "module.features.3.conv.3": 0.05092592537403107, "module.features.3.conv.6": 0.5434027910232544, "module.features.4.conv.0": 0.30439814925193787, "module.features.4.conv.3": 0.03780864179134369, "module.features.4.conv.6": 0.314453125, "module.features.5.conv.0": 0.5445963740348816, "module.features.5.conv.3": 0.056134261190891266, "module.features.5.conv.6": 0.5556640625, "module.features.6.conv.0": 0.49609375, "module.features.6.conv.3": 0.06192129850387573, "module.features.6.conv.6": 0.6346029043197632, "module.features.7.conv.0": 0.2210286557674408, "module.features.7.conv.3": 0.0329861119389534, "module.features.7.conv.6": 0.2745768427848816, "module.features.8.conv.0": 0.733154296875, "module.features.8.conv.3": 0.0685763880610466, "module.features.8.conv.6": 0.7521566152572632, "module.features.9.conv.0": 0.7288004755973816, "module.features.9.conv.3": 0.06365741044282913, "module.features.9.conv.6": 0.7867025136947632, "module.features.10.conv.0": 0.741455078125, "module.features.10.conv.3": 0.05787036940455437, "module.features.10.conv.6": 0.8115641474723816, "module.features.11.conv.0": 0.2822265625, "module.features.11.conv.3": 0.0546875, "module.features.11.conv.6": 0.5699055790901184, "module.features.12.conv.0": 0.8411639332771301, "module.features.12.conv.3": 0.0538194440305233, "module.features.12.conv.6": 0.8874602317810059, "module.features.13.conv.0": 0.8513816595077515, "module.features.13.conv.3": 0.05266203731298447, "module.features.13.conv.6": 0.9017108082771301, "module.features.14.conv.0": 0.734375, "module.features.14.conv.3": 0.0503472238779068, "module.features.14.conv.6": 0.8309787511825562, "module.features.15.conv.0": 0.9611002802848816, "module.features.15.conv.3": 0.0771990716457367, "module.features.15.conv.6": 0.9784244894981384, "module.features.16.conv.0": 0.9812695384025574, "module.features.16.conv.3": 0.08287037163972855, "module.features.16.conv.6": 0.9911914467811584, "module.features.17.conv.0": 0.8517708778381348, "module.features.17.conv.3": 0.08912036567926407, "module.features.17.conv.6": 0.928955078125, "module.conv.0": 0.9128783941268921, "block_sparsity": 0.9008924961090088, "_timestamp": 1668172343.2226489, "_runtime": 3159.0587317943573, "_step": 152, "t_top1": 93.12, "t_top5": 99.928, "t_loss": 0.1901866704750061, "v_top1": 87.54, "v_top5": 99.56, "v_loss": 0.41083293654918673, "sparsity": 0.8545965552330017, "masking_loss": 2.0249665422821046, "module.features.1.conv.0pruning_point": 0.004843884613364935, "module.features.1.conv.3pruning_point": 0.17198899388313293, "module.features.2.conv.0pruning_point": 0.06443794071674347, "module.features.2.conv.3pruning_point": 0.001369199831970036, "module.features.2.conv.6pruning_point": 0.06597763299942017, "module.features.3.conv.0pruning_point": 0.08569438010454178, "module.features.3.conv.3pruning_point": 0.001095890416763723, "module.features.3.conv.6pruning_point": 0.10743815451860428, "module.features.4.conv.0pruning_point": 0.06163430213928223, "module.features.4.conv.3pruning_point": 2.6515697754803114e-05, "module.features.4.conv.6pruning_point": 0.05869603529572487, "module.features.5.conv.0pruning_point": 0.09608425199985504, "module.features.5.conv.3pruning_point": 0.00039338989881798625, "module.features.5.conv.6pruning_point": 0.09753650426864624, "module.features.6.conv.0pruning_point": 0.08775733411312103, "module.features.6.conv.3pruning_point": 0.0003802579885814339, "module.features.6.conv.6pruning_point": 0.11340252310037613, "module.features.7.conv.0pruning_point": 0.03831648454070091, "module.features.7.conv.3pruning_point": 2.369780486333184e-05, "module.features.7.conv.6pruning_point": 0.04014895111322403, "module.features.8.conv.0pruning_point": 0.0945872887969017, "module.features.8.conv.3pruning_point": 0.0010010222904384136, "module.features.8.conv.6pruning_point": 0.096594899892807, "module.features.9.conv.0pruning_point": 0.09446702897548676, "module.features.9.conv.3pruning_point": 0.0007952437154017389, "module.features.9.conv.6pruning_point": 0.09879737347364426, "module.features.10.conv.0pruning_point": 0.09675917029380798, "module.features.10.conv.3pruning_point": 0.00037421053275465965, "module.features.10.conv.6pruning_point": 0.09946347028017044, "module.features.11.conv.0pruning_point": 0.03353976830840111, "module.features.11.conv.3pruning_point": 1.1322036698402371e-05, "module.features.11.conv.6pruning_point": 0.06647177040576935, "module.features.12.conv.0pruning_point": 0.07748416066169739, "module.features.12.conv.3pruning_point": 0.0005044863210059702, "module.features.12.conv.6pruning_point": 0.07751837372779846, "module.features.13.conv.0pruning_point": 0.07609009742736816, "module.features.13.conv.3pruning_point": 1.1243733752053231e-05, "module.features.13.conv.6pruning_point": 0.07600310444831848, "module.features.14.conv.0pruning_point": 0.07774941623210907, "module.features.14.conv.3pruning_point": 2.54665737884352e-05, "module.features.14.conv.6pruning_point": 0.06427379697561264, "module.features.15.conv.0pruning_point": 0.06015920639038086, "module.features.15.conv.3pruning_point": 8.298909051518422e-06, "module.features.15.conv.6pruning_point": 0.06224675476551056, "module.features.16.conv.0pruning_point": 0.06192435324192047, "module.features.16.conv.3pruning_point": 4.283630460122367e-06, "module.features.16.conv.6pruning_point": 0.06384438276290894, "module.features.17.conv.0pruning_point": 0.054553959518671036, "module.features.17.conv.3pruning_point": 0.001078906119801104, "module.features.17.conv.6pruning_point": 0.04455941542983055, "module.conv.0pruning_point": 0.03370828926563263, "hard_pruning_sparsity": 0.9275918006896973}