{"module.features.1.conv.0": 0.1458333283662796, "module.features.1.conv.3": 0.580078125, "module.features.2.conv.0": 0.28515625, "module.features.2.conv.3": 0.08912037312984467, "module.features.2.conv.6": 0.312065988779068, "module.features.3.conv.0": 0.45196759700775146, "module.features.3.conv.3": 0.05246913433074951, "module.features.3.conv.6": 0.5590277910232544, "module.features.4.conv.0": 0.3203125, "module.features.4.conv.3": 0.03703703731298447, "module.features.4.conv.6": 0.3255208432674408, "module.features.5.conv.0": 0.5626627802848816, "module.features.5.conv.3": 0.05671296268701553, "module.features.5.conv.6": 0.5719401240348816, "module.features.6.conv.0": 0.515625, "module.features.6.conv.3": 0.0590277798473835, "module.features.6.conv.6": 0.6515299677848816, "module.features.7.conv.0": 0.2277018278837204, "module.features.7.conv.3": 0.0329861119389534, "module.features.7.conv.6": 0.284423828125, "module.features.8.conv.0": 0.7401530146598816, "module.features.8.conv.3": 0.06799768656492233, "module.features.8.conv.6": 0.7584228515625, "module.features.9.conv.0": 0.7375081777572632, "module.features.9.conv.3": 0.0651041641831398, "module.features.9.conv.6": 0.79052734375, "module.features.10.conv.0": 0.75, "module.features.10.conv.3": 0.05700231343507767, "module.features.10.conv.6": 0.8135986328125, "module.features.11.conv.0": 0.29150390625, "module.features.11.conv.3": 0.054398149251937866, "module.features.11.conv.6": 0.5891926884651184, "module.features.12.conv.0": 0.8380352854728699, "module.features.12.conv.3": 0.05459104850888252, "module.features.12.conv.6": 0.8870804309844971, "module.features.13.conv.0": 0.8512188792228699, "module.features.13.conv.3": 0.05266203731298447, "module.features.13.conv.6": 0.9013310074806213, "module.features.14.conv.0": 0.7386791110038757, "module.features.14.conv.3": 0.050540123134851456, "module.features.14.conv.6": 0.8320204019546509, "module.features.15.conv.0": 0.9603450894355774, "module.features.15.conv.3": 0.07824073731899261, "module.features.15.conv.6": 0.9785677194595337, "module.features.16.conv.0": 0.9815104603767395, "module.features.16.conv.3": 0.08229166269302368, "module.features.16.conv.6": 0.9913541674613953, "module.features.17.conv.0": 0.8527539372444153, "module.features.17.conv.3": 0.08842592686414719, "module.features.17.conv.6": 0.9286491274833679, "module.conv.0": 0.9127856492996216, "block_sparsity": 0.9037359356880188, "_timestamp": 1668172511.5142136, "_runtime": 3327.350296497345, "_step": 160, "t_top1": 93.23, "t_top5": 99.932, "t_loss": 0.18829764422416687, "v_top1": 87.89, "v_top5": 99.51, "v_loss": 0.40651440048217774, "sparsity": 0.8558679819107056, "masking_loss": 1.9735763291549682, "module.features.1.conv.0pruning_point": 0.004695358220487833, "module.features.1.conv.3pruning_point": 0.17651422321796417, "module.features.2.conv.0pruning_point": 0.06812744587659836, "module.features.2.conv.3pruning_point": 0.0011122135911136866, "module.features.2.conv.6pruning_point": 0.06937263906002045, "module.features.3.conv.0pruning_point": 0.09086634963750839, "module.features.3.conv.3pruning_point": 0.0010461618658155203, "module.features.3.conv.6pruning_point": 0.11298411339521408, "module.features.4.conv.0pruning_point": 0.0651778057217598, "module.features.4.conv.3pruning_point": 2.9251659725559875e-05, "module.features.4.conv.6pruning_point": 0.06199933588504791, "module.features.5.conv.0pruning_point": 0.1013525053858757, "module.features.5.conv.3pruning_point": 0.0006404822925105691, "module.features.5.conv.6pruning_point": 0.1025008037686348, "module.features.6.conv.0pruning_point": 0.09247522056102753, "module.features.6.conv.3pruning_point": 0.0003814426017925143, "module.features.6.conv.6pruning_point": 0.11817985028028488, "module.features.7.conv.0pruning_point": 0.03979600593447685, "module.features.7.conv.3pruning_point": 2.9848729354853276e-06, "module.features.7.conv.6pruning_point": 0.04223393276333809, "module.features.8.conv.0pruning_point": 0.09635309129953384, "module.features.8.conv.3pruning_point": 0.0009655794128775597, "module.features.8.conv.6pruning_point": 0.09866582602262497, "module.features.9.conv.0pruning_point": 0.09679632633924484, "module.features.9.conv.3pruning_point": 0.0007980360533110797, "module.features.9.conv.6pruning_point": 0.1001981645822525, "module.features.10.conv.0pruning_point": 0.09903684258460999, "module.features.10.conv.3pruning_point": 0.00035485756234265864, "module.features.10.conv.6pruning_point": 0.10056095570325851, "module.features.11.conv.0pruning_point": 0.035134803503751755, "module.features.11.conv.3pruning_point": 3.6008564165967982e-06, "module.features.11.conv.6pruning_point": 0.06992949545383453, "module.features.12.conv.0pruning_point": 0.0775720626115799, "module.features.12.conv.3pruning_point": 0.0004764884652104229, "module.features.12.conv.6pruning_point": 0.07813981920480728, "module.features.13.conv.0pruning_point": 0.07673675566911697, "module.features.13.conv.3pruning_point": 4.5066524762660265e-05, "module.features.13.conv.6pruning_point": 0.0765756145119667, "module.features.14.conv.0pruning_point": 0.0789475068449974, "module.features.14.conv.3pruning_point": 1.3455680800689152e-06, "module.features.14.conv.6pruning_point": 0.06475232541561127, "module.features.15.conv.0pruning_point": 0.06077415123581886, "module.features.15.conv.3pruning_point": 2.738512739597354e-05, "module.features.15.conv.6pruning_point": 0.06308414041996002, "module.features.16.conv.0pruning_point": 0.06289312243461609, "module.features.16.conv.3pruning_point": 0.0, "module.features.16.conv.6pruning_point": 0.06485030055046082, "module.features.17.conv.0pruning_point": 0.05508225038647652, "module.features.17.conv.3pruning_point": 0.001039514085277915, "module.features.17.conv.6pruning_point": 0.04503050819039345, "module.conv.0pruning_point": 0.03401107341051102, "hard_pruning_sparsity": 0.9295197129249573}