{"module.features.0.0": 0.0, "module.features.1.conv.0": 0.253472238779068, "module.features.1.conv.3": 0.369140625, "module.features.2.conv.0": 0.0729166716337204, "module.features.2.conv.3": 0.11226852238178253, "module.features.2.conv.6": 0.1480034738779068, "module.features.3.conv.0": 0.05700231343507767, "module.features.3.conv.3": 0.04398148134350777, "module.features.3.conv.6": 0.05844907462596893, "module.features.4.conv.0": 0.06394676119089127, "module.features.4.conv.3": 0.036265432834625244, "module.features.4.conv.6": 0.0618489570915699, "module.features.5.conv.0": 0.0559895858168602, "module.features.5.conv.3": 0.04456018656492233, "module.features.5.conv.6": 0.0633138045668602, "module.features.6.conv.0": 0.060546875, "module.features.6.conv.3": 0.05266203731298447, "module.features.6.conv.6": 0.0592447929084301, "module.features.7.conv.0": 0.06396484375, "module.features.7.conv.3": 0.03414351865649223, "module.features.7.conv.6": 0.0686848983168602, "module.features.8.conv.0": 0.0607503280043602, "module.features.8.conv.3": 0.0538194440305233, "module.features.8.conv.6": 0.0621337890625, "module.features.9.conv.0": 0.0721028670668602, "module.features.9.conv.3": 0.0572916679084301, "module.features.9.conv.6": 0.957763671875, "module.features.10.conv.0": 0.9949544668197632, "module.features.10.conv.3": 0.07089120149612427, "module.features.10.conv.6": 0.9857991933822632, "module.features.11.conv.0": 0.0701904296875, "module.features.11.conv.3": 0.05266203731298447, "module.features.11.conv.6": 0.9296875, "module.features.12.conv.0": 0.9988425970077515, "module.features.12.conv.3": 0.0642361119389534, "module.features.12.conv.6": 0.9954246282577515, "module.features.13.conv.0": 0.9994212985038757, "module.features.13.conv.3": 0.05169752985239029, "module.features.13.conv.6": 0.9956958889961243, "module.features.14.conv.0": 0.971788227558136, "module.features.14.conv.3": 0.04783950746059418, "module.features.14.conv.6": 0.9840494990348816, "module.features.15.conv.0": 0.9998242259025574, "module.features.15.conv.3": 0.09467592090368271, "module.features.15.conv.6": 0.9990494847297668, "module.features.16.conv.0": 0.9998372793197632, "module.features.16.conv.3": 0.08912036567926407, "module.features.16.conv.6": 0.9989062547683716, "module.features.17.conv.0": 0.9939127564430237, "module.features.17.conv.3": 0.1041666641831398, "module.features.17.conv.6": 0.9944889545440674, "module.conv.0": 0.9913256764411926, "module.classifier": 0.0, "_timestamp": 1667501198, "_runtime": 2461, "_step": 241, "t_top1": 98.724, "t_top5": 99.996, "t_loss": 0.03676537915945053, "v_top1": 90.64, "v_top5": 99.71, "v_loss": 0.41032515301853417, "sparsity": 0.8922272324562073, "masking_loss": 0, "module.features.1.conv.0pruning_point": 0.031092938035726547, "module.features.1.conv.3pruning_point": 0.08579011261463165, "module.features.2.conv.0pruning_point": 0.0023257399443536997, "module.features.2.conv.3pruning_point": 0.01308587659150362, "module.features.2.conv.6pruning_point": 0.039974067360162735, "module.features.3.conv.0pruning_point": 9.43341656238772e-05, "module.features.3.conv.3pruning_point": 0.0011295388685539365, "module.features.3.conv.6pruning_point": 0.00044182813144288957, "module.features.4.conv.0pruning_point": 0.001991365570574999, "module.features.4.conv.3pruning_point": 0.00010614102939143777, "module.features.4.conv.6pruning_point": 0.0007040167693048716, "module.features.5.conv.0pruning_point": 4.6546065277652815e-05, "module.features.5.conv.3pruning_point": 0.0006110971444286406, "module.features.5.conv.6pruning_point": 2.9284630727488548e-05, "module.features.6.conv.0pruning_point": 0.0006927995709702373, "module.features.6.conv.3pruning_point": 0.00011356176401022822, "module.features.6.conv.6pruning_point": 0.00011777818872360513, "module.features.7.conv.0pruning_point": 0.0017223766772076488, "module.features.7.conv.3pruning_point": 0.0, "module.features.7.conv.6pruning_point": 0.0021377739030867815, "module.features.8.conv.0pruning_point": 0.0001184966167784296, "module.features.8.conv.3pruning_point": 7.294448732864112e-05, "module.features.8.conv.6pruning_point": 0.00020192547526676208, "module.features.9.conv.0pruning_point": 0.0010473347501829267, "module.features.9.conv.3pruning_point": 0.0006819170666858554, "module.features.9.conv.6pruning_point": 0.14072254300117493, "module.features.10.conv.0pruning_point": 0.1793472170829773, "module.features.10.conv.3pruning_point": 0.0017743585631251335, "module.features.10.conv.6pruning_point": 0.17605985701084137, "module.features.11.conv.0pruning_point": 0.0011031641624867916, "module.features.11.conv.3pruning_point": 1.1064235394542266e-07, "module.features.11.conv.6pruning_point": 0.140204519033432, "module.features.12.conv.0pruning_point": 0.1241268739104271, "module.features.12.conv.3pruning_point": 0.0012365170987322927, "module.features.12.conv.6pruning_point": 0.11849867552518845, "module.features.13.conv.0pruning_point": 0.12194148451089859, "module.features.13.conv.3pruning_point": 3.2740699680289254e-05, "module.features.13.conv.6pruning_point": 0.1131746917963028, "module.features.14.conv.0pruning_point": 0.1120530441403389, "module.features.14.conv.3pruning_point": 0.0, "module.features.14.conv.6pruning_point": 0.08767568320035934, "module.features.15.conv.0pruning_point": 0.05547849461436272, "module.features.15.conv.3pruning_point": 0.0006687463028356433, "module.features.15.conv.6pruning_point": 0.058253366500139236, "module.features.16.conv.0pruning_point": 0.05443701893091202, "module.features.16.conv.3pruning_point": 0.00021036126418039203, "module.features.16.conv.6pruning_point": 0.0524323433637619, "module.features.17.conv.0pruning_point": 0.0700184628367424, "module.features.17.conv.3pruning_point": 0.00208998448215425, "module.features.17.conv.6pruning_point": 0.046504270285367966, "module.conv.0pruning_point": 0.037532396614551544, "_wandb": {"runtime": 2462}}