{"module.features.0.0": 0.0, "module.features.1.conv.0": 0.3506944477558136, "module.features.1.conv.3": 0.740234375, "module.features.2.conv.0": 0.61328125, "module.features.2.conv.3": 0.02777777798473835, "module.features.2.conv.6": 0.6063368320465088, "module.features.3.conv.0": 0.6409143805503845, "module.features.3.conv.3": 0.0694444477558136, "module.features.3.conv.6": 0.631944477558136, "module.features.4.conv.0": 0.5792824029922485, "module.features.4.conv.3": 0.010030863806605339, "module.features.4.conv.6": 0.5844184160232544, "module.features.5.conv.0": 0.6736654043197632, "module.features.5.conv.3": 0.0763888880610466, "module.features.5.conv.6": 0.6331380605697632, "module.features.6.conv.0": 0.6280924677848816, "module.features.6.conv.3": 0.10127314925193787, "module.features.6.conv.6": 0.65380859375, "module.features.7.conv.0": 0.5638021230697632, "module.features.7.conv.3": 0.010995370335876942, "module.features.7.conv.6": 0.6298014521598816, "module.features.8.conv.0": 0.7467855215072632, "module.features.8.conv.3": 0.1284722238779068, "module.features.8.conv.6": 0.7269287109375, "module.features.9.conv.0": 0.6869303584098816, "module.features.9.conv.3": 0.19039352238178253, "module.features.9.conv.6": 0.7256266474723816, "module.features.10.conv.0": 0.6707763671875, "module.features.10.conv.3": 0.21209490299224854, "module.features.10.conv.6": 0.7637125849723816, "module.features.11.conv.0": 0.5919596552848816, "module.features.11.conv.3": 0.1310763955116272, "module.features.11.conv.6": 0.6125217080116272, "module.features.12.conv.0": 0.6582573652267456, "module.features.12.conv.3": 0.18518519401550293, "module.features.12.conv.6": 0.6853117942810059, "module.features.13.conv.0": 0.6149811744689941, "module.features.13.conv.3": 0.18634259700775146, "module.features.13.conv.6": 0.6887840032577515, "module.features.14.conv.0": 0.5472728610038757, "module.features.14.conv.3": 0.026234567165374756, "module.features.14.conv.6": 0.5625108480453491, "module.features.15.conv.0": 0.6071810126304626, "module.features.15.conv.3": 0.06365740299224854, "module.features.15.conv.6": 0.6085286736488342, "module.features.16.conv.0": 0.5801953077316284, "module.features.16.conv.3": 0.10104166716337204, "module.features.16.conv.6": 0.6212500333786011, "module.features.17.conv.0": 0.4644010663032532, "module.features.17.conv.3": 0.00486111082136631, "module.features.17.conv.6": 0.5214974284172058, "module.conv.0": 0.4686669707298279, "module.classifier": 0.0, "_timestamp": 1668077696.6272743, "_runtime": 76193.84188318253, "_step": 76, "t_top1": 56.52089071914975, "t_top5": 79.17617297353189, "t_loss": 1.9018013569790386, "v_top1": 63.32, "v_top5": 85.106, "v_loss": 1.5292128491973878, "sparsity": 0.34926652908325195, "masking_loss": 0.7710403063580328, "module.features.1.conv.0pruning_point": 0.016839586198329926, "module.features.1.conv.3pruning_point": 1.9581351280212402, "module.features.2.conv.0pruning_point": 1.272879958152771, "module.features.2.conv.3pruning_point": 0.0001437774335499853, "module.features.2.conv.6pruning_point": 1.0344942808151245, "module.features.3.conv.0pruning_point": 0.8142411112785339, "module.features.3.conv.3pruning_point": 0.0003858267155010253, "module.features.3.conv.6pruning_point": 0.8073479533195496, "module.features.4.conv.0pruning_point": 0.9553951621055603, "module.features.4.conv.3pruning_point": 7.115197513485327e-05, "module.features.4.conv.6pruning_point": 0.8152208924293518, "module.features.5.conv.0pruning_point": 0.6026801466941833, "module.features.5.conv.3pruning_point": 0.00016025891818571836, "module.features.5.conv.6pruning_point": 0.6022241711616516, "module.features.6.conv.0pruning_point": 0.5780367255210876, "module.features.6.conv.3pruning_point": 0.00021433997608255595, "module.features.6.conv.6pruning_point": 0.5957701802253723, "module.features.7.conv.0pruning_point": 0.7656393647193909, "module.features.7.conv.3pruning_point": 9.999122994486243e-05, "module.features.7.conv.6pruning_point": 0.5147187113761902, "module.features.8.conv.0pruning_point": 0.33472368121147156, "module.features.8.conv.3pruning_point": 0.0028263216372579336, "module.features.8.conv.6pruning_point": 0.3314254581928253, "module.features.9.conv.0pruning_point": 0.30558842420578003, "module.features.9.conv.3pruning_point": 0.006515925284475088, "module.features.9.conv.6pruning_point": 0.31798508763313293, "module.features.10.conv.0pruning_point": 0.29453155398368835, "module.features.10.conv.3pruning_point": 0.003421164583414793, "module.features.10.conv.6pruning_point": 0.31688162684440613, "module.features.11.conv.0pruning_point": 0.39594408869743347, "module.features.11.conv.3pruning_point": 0.018298828974366188, "module.features.11.conv.6pruning_point": 0.31647321581840515, "module.features.12.conv.0pruning_point": 0.20984205603599548, "module.features.12.conv.3pruning_point": 0.001994952792301774, "module.features.12.conv.6pruning_point": 0.23307305574417114, "module.features.13.conv.0pruning_point": 0.21189473569393158, "module.features.13.conv.3pruning_point": 0.0009542413172312081, "module.features.13.conv.6pruning_point": 0.23166079819202423, "module.features.14.conv.0pruning_point": 0.2931940257549286, "module.features.14.conv.3pruning_point": 5.94947505305754e-06, "module.features.14.conv.6pruning_point": 0.21440790593624115, "module.features.15.conv.0pruning_point": 0.15432323515415192, "module.features.15.conv.3pruning_point": 0.0001714110840111971, "module.features.15.conv.6pruning_point": 0.15917623043060303, "module.features.16.conv.0pruning_point": 0.15624472498893738, "module.features.16.conv.3pruning_point": 0.0003076092107221484, "module.features.16.conv.6pruning_point": 0.15689757466316223, "module.features.17.conv.0pruning_point": 0.11990974843502045, "module.features.17.conv.3pruning_point": 0.0029410377610474825, "module.features.17.conv.6pruning_point": 0.10101930052042007, "module.conv.0pruning_point": 0.07800677418708801, "hard_pruning_sparsity": 0.5037310719490051}