{"module.features.0.0": 0.0, "module.features.1.conv.0": 0.3368055522441864, "module.features.1.conv.3": 0.849609375, "module.features.2.conv.0": 0.8190104365348816, "module.features.2.conv.3": 0.04282407462596893, "module.features.2.conv.6": 0.1019965261220932, "module.features.3.conv.0": 0.1041666641831398, "module.features.3.conv.3": 0.07407407462596893, "module.features.3.conv.6": 0.1362847238779068, "module.features.4.conv.0": 0.38310185074806213, "module.features.4.conv.3": 0.016203703358769417, "module.features.4.conv.6": 0.0622829869389534, "module.features.5.conv.0": 0.107421875, "module.features.5.conv.3": 0.0815972238779068, "module.features.5.conv.6": 0.9881185293197632, "module.features.6.conv.0": 0.11328125, "module.features.6.conv.3": 0.11516203731298447, "module.features.6.conv.6": 0.990234375, "module.features.7.conv.0": 0.0764973983168602, "module.features.7.conv.3": 0.015625, "module.features.7.conv.6": 0.0614420585334301, "module.features.8.conv.0": 0.9976400136947632, "module.features.8.conv.3": 0.1206597238779068, "module.features.8.conv.6": 0.996337890625, "module.features.9.conv.0": 0.9980062246322632, "module.features.9.conv.3": 0.1822916716337204, "module.features.9.conv.6": 0.9944254755973816, "module.features.10.conv.0": 0.9984130859375, "module.features.10.conv.3": 0.2013888955116272, "module.features.10.conv.6": 0.9952392578125, "module.features.11.conv.0": 0.0722249373793602, "module.features.11.conv.3": 0.09577546268701553, "module.features.11.conv.6": 0.120985247194767, "module.features.12.conv.0": 0.998155415058136, "module.features.12.conv.3": 0.18942901492118835, "module.features.12.conv.6": 0.9946470260620117, "module.features.13.conv.0": 0.9978840947151184, "module.features.13.conv.3": 0.19695216417312622, "module.features.13.conv.6": 0.9950267672538757, "module.features.14.conv.0": 0.1669921875, "module.features.14.conv.3": 0.03086419776082039, "module.features.14.conv.6": 0.142849400639534, "module.features.15.conv.0": 0.09446614980697632, "module.features.15.conv.3": 0.06481481343507767, "module.features.15.conv.6": 0.9455989599227905, "module.features.16.conv.0": 0.9907812476158142, "module.features.16.conv.3": 0.1258101761341095, "module.features.16.conv.6": 0.9832682609558105, "module.features.17.conv.0": 0.062096357345581055, "module.features.17.conv.3": 0.004513888619840145, "module.features.17.conv.6": 0.07171875238418579, "module.conv.0": 0.055058591067790985, "module.classifier": 0.0, "_timestamp": 1667913595.6437743, "_runtime": 4225.792117357254, "_step": 4, "t_top1": 41.859648273770595, "t_top5": 66.45909549646822, "t_loss": 2.702481951357075, "v_top1": 47.018, "v_top5": 71.786, "v_loss": 2.385737066345215, "sparsity": 0.2705463767051697, "masking_loss": 12.305460401085815, "module.features.1.conv.0pruning_point": 0.022555017843842506, "module.features.1.conv.3pruning_point": 2.301440954208374, "module.features.2.conv.0pruning_point": 1.23007071018219, "module.features.2.conv.3pruning_point": 2.2600906959269196e-05, "module.features.2.conv.6pruning_point": 0.010168325155973434, "module.features.3.conv.0pruning_point": 0.006682761944830418, "module.features.3.conv.3pruning_point": 0.0012260164367035031, "module.features.3.conv.6pruning_point": 0.01401573047041893, "module.features.4.conv.0pruning_point": 0.07550260424613953, "module.features.4.conv.3pruning_point": 0.00011764458031393588, "module.features.4.conv.6pruning_point": 0.0021137890871614218, "module.features.5.conv.0pruning_point": 0.002929259091615677, "module.features.5.conv.3pruning_point": 0.00013282077270559967, "module.features.5.conv.6pruning_point": 0.6643829345703125, "module.features.6.conv.0pruning_point": 0.0007346280035562813, "module.features.6.conv.3pruning_point": 0.001888940460048616, "module.features.6.conv.6pruning_point": 0.6775841116905212, "module.features.7.conv.0pruning_point": 0.004961496219038963, "module.features.7.conv.3pruning_point": 9.817727550398558e-05, "module.features.7.conv.6pruning_point": 0.0010552176972851157, "module.features.8.conv.0pruning_point": 0.2707623243331909, "module.features.8.conv.3pruning_point": 0.0004676546959672123, "module.features.8.conv.6pruning_point": 0.31557777523994446, "module.features.9.conv.0pruning_point": 0.26822981238365173, "module.features.9.conv.3pruning_point": 0.002584954723715782, "module.features.9.conv.6pruning_point": 0.24724961817264557, "module.features.10.conv.0pruning_point": 0.26603373885154724, "module.features.10.conv.3pruning_point": 9.255501936422661e-05, "module.features.10.conv.6pruning_point": 0.19023843109607697, "module.features.11.conv.0pruning_point": 0.00231135543435812, "module.features.11.conv.3pruning_point": 0.007340775337070227, "module.features.11.conv.6pruning_point": 0.008037252351641655, "module.features.12.conv.0pruning_point": 0.2007768750190735, "module.features.12.conv.3pruning_point": 0.0015787847805768251, "module.features.12.conv.6pruning_point": 0.168744295835495, "module.features.13.conv.0pruning_point": 0.20057211816310883, "module.features.13.conv.3pruning_point": 0.0016715446254238486, "module.features.13.conv.6pruning_point": 0.18664546310901642, "module.features.14.conv.0pruning_point": 0.010762890800833702, "module.features.14.conv.3pruning_point": 5.769129711552523e-05, "module.features.14.conv.6pruning_point": 0.008133473806083202, "module.features.15.conv.0pruning_point": 0.00026701143360696733, "module.features.15.conv.3pruning_point": 4.136362986173481e-05, "module.features.15.conv.6pruning_point": 0.1368904411792755, "module.features.16.conv.0pruning_point": 0.118004709482193, "module.features.16.conv.3pruning_point": 0.002902593929320574, "module.features.16.conv.6pruning_point": 0.13257555663585663, "module.features.17.conv.0pruning_point": 0.000391512643545866, "module.features.17.conv.3pruning_point": 0.0, "module.features.17.conv.6pruning_point": 0.0011068813037127256, "module.conv.0pruning_point": 7.758868741802871e-05, "hard_pruning_sparsity": 0.2712360620498657}