{"module.conv1": 0.0, "module.layer1.0.conv1": 0.956651508808136, "module.layer1.0.conv2": 0.9309353232383728, "module.layer1.1.conv1": 0.9606391191482544, "module.layer1.1.conv2": 0.9428439736366272, "module.layer2.0.conv1": 0.906846821308136, "module.layer2.0.conv2": 0.9229804277420044, "module.layer2.0.downsample.0": 0.9315185546875, "module.layer2.1.conv1": 0.938218891620636, "module.layer2.1.conv2": 0.94140625, "module.layer3.0.conv1": 0.9207526445388794, "module.layer3.0.conv2": 0.9148017168045044, "module.layer3.0.downsample.0": 0.99853515625, "module.layer3.1.conv1": 0.941680908203125, "module.layer3.1.conv2": 0.9471588134765625, "module.layer4.0.conv1": 0.9029744267463684, "module.layer4.0.conv2": 0.90503990650177, "module.layer4.0.downsample.0": 0.9356765747070312, "module.layer4.1.conv1": 0.8571518659591675, "module.layer4.1.conv2": 0.8808563947677612, "module.fc": 0.0, "_timestamp": 1667889260.3528233, "_runtime": 54512.692031145096, "_step": 108, "t_top1": 56.63531764393222, "t_top5": 78.67608204082684, "t_loss": 1.9309208144807315, "v_top1": 60.95, "v_top5": 83.5, "v_loss": 1.6370164130401612, "sparsity": 0.8570137619972229, "masking_loss": 0.8136573014911865, "module.layer1.0.conv1pruning_point": 0.11813901364803314, "module.layer1.0.conv2pruning_point": 0.03741442412137985, "module.layer1.1.conv1pruning_point": 0.10522349178791046, "module.layer1.1.conv2pruning_point": 0.039507292211055756, "module.layer2.0.conv1pruning_point": 0.04298470541834831, "module.layer2.0.conv2pruning_point": 0.024668315425515175, "module.layer2.0.downsample.0pruning_point": 0.12804706394672394, "module.layer2.1.conv1pruning_point": 0.03390377387404442, "module.layer2.1.conv2pruning_point": 0.019746899604797363, "module.layer3.0.conv1pruning_point": 0.02884240448474884, "module.layer3.0.conv2pruning_point": 0.016855379566550255, "module.layer3.0.downsample.0pruning_point": 0.07941310852766037, "module.layer3.1.conv1pruning_point": 0.014257428236305714, "module.layer3.1.conv2pruning_point": 0.014435920864343643, "module.layer4.0.conv1pruning_point": 0.012172088027000427, "module.layer4.0.conv2pruning_point": 0.01069286186248064, "module.layer4.0.downsample.0pruning_point": 0.01756780594587326, "module.layer4.1.conv1pruning_point": 0.010258052498102188, "module.layer4.1.conv2pruning_point": 0.010523789562284946, "hard_pruning_sparsity": 0.8578100204467773, "_wandb": {"runtime": 54838}}