{"module.features.0.0": 0.0, "module.features.1.conv.0": 0.2152777761220932, "module.features.1.conv.3": 0.390625, "module.features.2.conv.0": 0.0598958358168602, "module.features.2.conv.3": 0.11689814925193787, "module.features.2.conv.6": 0.0655381977558136, "module.features.3.conv.0": 0.0668402761220932, "module.features.3.conv.3": 0.057098764926195145, "module.features.3.conv.6": 0.0616319440305233, "module.features.4.conv.0": 0.0677083358168602, "module.features.4.conv.3": 0.029320988804101944, "module.features.4.conv.6": 0.0668402761220932, "module.features.5.conv.0": 0.0594075545668602, "module.features.5.conv.3": 0.04976851865649223, "module.features.5.conv.6": 0.0665690153837204, "module.features.6.conv.0": 0.0657552108168602, "module.features.6.conv.3": 0.0503472238779068, "module.features.6.conv.6": 0.0667317733168602, "module.features.7.conv.0": 0.0613606795668602, "module.features.7.conv.3": 0.031828705221414566, "module.features.7.conv.6": 0.060302734375, "module.features.8.conv.0": 0.9263509511947632, "module.features.8.conv.3": 0.0590277798473835, "module.features.8.conv.6": 0.0647379606962204, "module.features.9.conv.0": 0.9722900390625, "module.features.9.conv.3": 0.06915508955717087, "module.features.9.conv.6": 0.9713134765625, "module.features.10.conv.0": 0.9865316152572632, "module.features.10.conv.3": 0.0616319440305233, "module.features.10.conv.6": 0.9762777090072632, "module.features.11.conv.0": 0.0788981169462204, "module.features.11.conv.3": 0.05005786940455437, "module.features.11.conv.6": 0.9312337040901184, "module.features.12.conv.0": 0.9978840947151184, "module.features.12.conv.3": 0.053626544773578644, "module.features.12.conv.6": 0.9947735667228699, "module.features.13.conv.0": 0.9986075162887573, "module.features.13.conv.3": 0.057098764926195145, "module.features.13.conv.6": 0.9936885237693787, "module.features.14.conv.0": 0.0794270858168602, "module.features.14.conv.3": 0.05111882835626602, "module.features.14.conv.6": 0.9816514849662781, "module.features.15.conv.0": 0.9997265934944153, "module.features.15.conv.3": 0.07962962985038757, "module.features.15.conv.6": 0.9985417127609253, "module.features.16.conv.0": 0.9998698234558105, "module.features.16.conv.3": 0.0894675925374031, "module.features.16.conv.6": 0.998522162437439, "module.features.17.conv.0": 0.9923372864723206, "module.features.17.conv.3": 0.10312499850988388, "module.features.17.conv.6": 0.9938281774520874, "module.conv.0": 0.9912230968475342, "module.classifier": 0.0, "_timestamp": 1667492902, "_runtime": 1824, "_step": 181, "t_top1": 97.296, "t_top5": 99.996, "t_loss": 0.07754546503067017, "v_top1": 90.11, "v_top5": 99.63, "v_loss": 0.3724321466565132, "sparsity": 0.8890196084976196, "masking_loss": 0, "module.features.1.conv.0pruning_point": 0.019024977460503578, "module.features.1.conv.3pruning_point": 0.08753962814807892, "module.features.2.conv.0pruning_point": 0.00028187085990794003, "module.features.2.conv.3pruning_point": 0.008818479254841805, "module.features.2.conv.6pruning_point": 0.0006542349583469331, "module.features.3.conv.0pruning_point": 0.0007721015717834234, "module.features.3.conv.3pruning_point": 0.0024441462010145187, "module.features.3.conv.6pruning_point": 1.5166218503281925e-08, "module.features.4.conv.0pruning_point": 0.0032452503219246864, "module.features.4.conv.3pruning_point": 3.8234017551985744e-07, "module.features.4.conv.6pruning_point": 0.00112699787132442, "module.features.5.conv.0pruning_point": 0.000777553126681596, "module.features.5.conv.3pruning_point": 0.00021346803987398744, "module.features.5.conv.6pruning_point": 0.0009238589555025101, "module.features.6.conv.0pruning_point": 0.0020533318165689707, "module.features.6.conv.3pruning_point": 2.258275526401121e-05, "module.features.6.conv.6pruning_point": 0.0002779347123578191, "module.features.7.conv.0pruning_point": 0.0007165241404436529, "module.features.7.conv.3pruning_point": 2.07800084695009e-07, "module.features.7.conv.6pruning_point": 0.00047357875155285, "module.features.8.conv.0pruning_point": 0.11343412846326828, "module.features.8.conv.3pruning_point": 0.0008589730714447796, "module.features.8.conv.6pruning_point": 4.3113006540806964e-05, "module.features.9.conv.0pruning_point": 0.1330445110797882, "module.features.9.conv.3pruning_point": 0.0012430328642949462, "module.features.9.conv.6pruning_point": 0.14273592829704285, "module.features.10.conv.0pruning_point": 0.15164735913276672, "module.features.10.conv.3pruning_point": 0.0006303479894995689, "module.features.10.conv.6pruning_point": 0.1421179175376892, "module.features.11.conv.0pruning_point": 0.001987155294045806, "module.features.11.conv.3pruning_point": 1.4938544268261467e-07, "module.features.11.conv.6pruning_point": 0.13822950422763824, "module.features.12.conv.0pruning_point": 0.11287876218557358, "module.features.12.conv.3pruning_point": 3.13752461806871e-05, "module.features.12.conv.6pruning_point": 0.11334125697612762, "module.features.13.conv.0pruning_point": 0.11069340258836746, "module.features.13.conv.3pruning_point": 0.00031679507810622454, "module.features.13.conv.6pruning_point": 0.10051865130662918, "module.features.14.conv.0pruning_point": 0.0014340815832838416, "module.features.14.conv.3pruning_point": 3.424469832680188e-05, "module.features.14.conv.6pruning_point": 0.08375567197799683, "module.features.15.conv.0pruning_point": 0.054332368075847626, "module.features.15.conv.3pruning_point": 1.2028729088342516e-06, "module.features.15.conv.6pruning_point": 0.052505724132061005, "module.features.16.conv.0pruning_point": 0.054606907069683075, "module.features.16.conv.3pruning_point": 0.00014804232341703027, "module.features.16.conv.6pruning_point": 0.04955766350030899, "module.features.17.conv.0pruning_point": 0.06722690165042877, "module.features.17.conv.3pruning_point": 0.002279120497405529, "module.features.17.conv.6pruning_point": 0.0443090945482254, "module.conv.0pruning_point": 0.03666721284389496, "_wandb": {"runtime": 1826}}