{"module.features.0.0": 0.0, "module.features.1.conv.0": 0.3333333432674408, "module.features.1.conv.3": 0.765625, "module.features.2.conv.0": 0.6536458730697632, "module.features.2.conv.3": 0.03587963059544563, "module.features.2.conv.6": 0.6458333134651184, "module.features.3.conv.0": 0.6747685074806213, "module.features.3.conv.3": 0.06635802239179611, "module.features.3.conv.6": 0.6629050970077515, "module.features.4.conv.0": 0.6032986044883728, "module.features.4.conv.3": 0.008487654849886894, "module.features.4.conv.6": 0.618272602558136, "module.features.5.conv.0": 0.7361654043197632, "module.features.5.conv.3": 0.0902777761220932, "module.features.5.conv.6": 0.69384765625, "module.features.6.conv.0": 0.6892904043197632, "module.features.6.conv.3": 0.09953703731298447, "module.features.6.conv.6": 0.7049154043197632, "module.features.7.conv.0": 0.5997721552848816, "module.features.7.conv.3": 0.011574074625968933, "module.features.7.conv.6": 0.6949869990348816, "module.features.8.conv.0": 0.8179118037223816, "module.features.8.conv.3": 0.12818287312984467, "module.features.8.conv.6": 0.80078125, "module.features.9.conv.0": 0.7779948115348816, "module.features.9.conv.3": 0.1770833283662796, "module.features.9.conv.6": 0.8076171875, "module.features.10.conv.0": 0.76025390625, "module.features.10.conv.3": 0.21817129850387573, "module.features.10.conv.6": 0.8354899287223816, "module.features.11.conv.0": 0.6600341796875, "module.features.11.conv.3": 0.12384259700775146, "module.features.11.conv.6": 0.6578505039215088, "module.features.12.conv.0": 0.7265805602073669, "module.features.12.conv.3": 0.1722608059644699, "module.features.12.conv.6": 0.7303783297538757, "module.features.13.conv.0": 0.6651656627655029, "module.features.13.conv.3": 0.18113425374031067, "module.features.13.conv.6": 0.7388599514961243, "module.features.14.conv.0": 0.576280415058136, "module.features.14.conv.3": 0.02739197574555874, "module.features.14.conv.6": 0.6087890863418579, "module.features.15.conv.0": 0.6575390696525574, "module.features.15.conv.3": 0.06516203284263611, "module.features.15.conv.6": 0.65604168176651, "module.features.16.conv.0": 0.6162109375, "module.features.16.conv.3": 0.10011573880910873, "module.features.16.conv.6": 0.6646745204925537, "module.features.17.conv.0": 0.5446810126304626, "module.features.17.conv.3": 0.004282407462596893, "module.features.17.conv.6": 0.5857129096984863, "module.conv.0": 0.5364941358566284, "module.classifier": 0.0, "_timestamp": 1668076365.309681, "_runtime": 72192.07941484451, "_step": 72, "t_top1": 55.86765815853827, "t_top5": 78.69325388493459, "t_loss": 1.9332441236407663, "v_top1": 62.738, "v_top5": 84.952, "v_loss": 1.5529646878814698, "sparsity": 0.38467472791671753, "masking_loss": 1.2087405724650497, "module.features.1.conv.0pruning_point": 0.0058870818465948105, "module.features.1.conv.3pruning_point": 2.4083101749420166, "module.features.2.conv.0pruning_point": 1.7324258089065552, "module.features.2.conv.3pruning_point": 0.0002067600580630824, "module.features.2.conv.6pruning_point": 1.3331278562545776, "module.features.3.conv.0pruning_point": 1.0718384981155396, "module.features.3.conv.3pruning_point": 0.00025157100753858685, "module.features.3.conv.6pruning_point": 1.0380760431289673, "module.features.4.conv.0pruning_point": 1.2113721370697021, "module.features.4.conv.3pruning_point": 2.7151681933901273e-05, "module.features.4.conv.6pruning_point": 1.0007025003433228, "module.features.5.conv.0pruning_point": 0.8367125391960144, "module.features.5.conv.3pruning_point": 0.0005052440101280808, "module.features.5.conv.6pruning_point": 0.7838420867919922, "module.features.6.conv.0pruning_point": 0.7830614447593689, "module.features.6.conv.3pruning_point": 0.0002882418630179018, "module.features.6.conv.6pruning_point": 0.7711941003799438, "module.features.7.conv.0pruning_point": 0.9505437612533569, "module.features.7.conv.3pruning_point": 4.326903945184313e-05, "module.features.7.conv.6pruning_point": 0.6588079333305359, "module.features.8.conv.0pruning_point": 0.4874725341796875, "module.features.8.conv.3pruning_point": 0.0027677465695887804, "module.features.8.conv.6pruning_point": 0.46179407835006714, "module.features.9.conv.0pruning_point": 0.44374164938926697, "module.features.9.conv.3pruning_point": 0.00333770620636642, "module.features.9.conv.6pruning_point": 0.4431172013282776, "module.features.10.conv.0pruning_point": 0.4248179495334625, "module.features.10.conv.3pruning_point": 0.003966995049268007, "module.features.10.conv.6pruning_point": 0.444776713848114, "module.features.11.conv.0pruning_point": 0.5059494376182556, "module.features.11.conv.3pruning_point": 0.015878446400165558, "module.features.11.conv.6pruning_point": 0.39901959896087646, "module.features.12.conv.0pruning_point": 0.2914031445980072, "module.features.12.conv.3pruning_point": 0.0003217451157979667, "module.features.12.conv.6pruning_point": 0.30492115020751953, "module.features.13.conv.0pruning_point": 0.27738770842552185, "module.features.13.conv.3pruning_point": 0.0003610787680372596, "module.features.13.conv.6pruning_point": 0.30525606870651245, "module.features.14.conv.0pruning_point": 0.3655335605144501, "module.features.14.conv.3pruning_point": 4.1023839003173634e-05, "module.features.14.conv.6pruning_point": 0.28177931904792786, "module.features.15.conv.0pruning_point": 0.1957530826330185, "module.features.15.conv.3pruning_point": 3.867378836730495e-05, "module.features.15.conv.6pruning_point": 0.20101913809776306, "module.features.16.conv.0pruning_point": 0.19573386013507843, "module.features.16.conv.3pruning_point": 0.00028843904146924615, "module.features.16.conv.6pruning_point": 0.20117278397083282, "module.features.17.conv.0pruning_point": 0.2535626292228699, "module.features.17.conv.3pruning_point": 0.003626845311373472, "module.features.17.conv.6pruning_point": 0.16397921741008759, "module.conv.0pruning_point": 0.1595620959997177, "hard_pruning_sparsity": 0.5584164261817932}