{"module.features.0.0": 0.0, "module.features.1.conv.0": 0.315972238779068, "module.features.1.conv.3": 0.896484375, "module.features.2.conv.0": 0.8229166865348816, "module.features.2.conv.3": 0.0520833320915699, "module.features.2.conv.6": 0.8697916865348816, "module.features.3.conv.0": 0.8229166865348816, "module.features.3.conv.3": 0.0833333358168602, "module.features.3.conv.6": 0.8249421119689941, "module.features.4.conv.0": 0.8466435074806213, "module.features.4.conv.3": 0.019290123134851456, "module.features.4.conv.6": 0.8296440839767456, "module.features.5.conv.0": 0.8082682490348816, "module.features.5.conv.3": 0.0920138880610466, "module.features.5.conv.6": 0.8377279043197632, "module.features.6.conv.0": 0.7890625, "module.features.6.conv.3": 0.11168981343507767, "module.features.6.conv.6": 0.8284505605697632, "module.features.7.conv.0": 0.8380534052848816, "module.features.7.conv.3": 0.016203703358769417, "module.features.7.conv.6": 0.819580078125, "module.features.8.conv.0": 0.8110758662223816, "module.features.8.conv.3": 0.150173619389534, "module.features.8.conv.6": 0.8214111328125, "module.features.9.conv.0": 0.808349609375, "module.features.9.conv.3": 0.18721064925193787, "module.features.9.conv.6": 0.8363851308822632, "module.features.10.conv.0": 0.8094075918197632, "module.features.10.conv.3": 0.1987847238779068, "module.features.10.conv.6": 0.8494466543197632, "module.features.11.conv.0": 0.7952067255973816, "module.features.11.conv.3": 0.1085069477558136, "module.features.11.conv.6": 0.7812228798866272, "module.features.12.conv.0": 0.8045428395271301, "module.features.12.conv.3": 0.17476852238178253, "module.features.12.conv.6": 0.8142361044883728, "module.features.13.conv.0": 0.8026077747344971, "module.features.13.conv.3": 0.1819058656692505, "module.features.13.conv.6": 0.8180700540542603, "module.features.14.conv.0": 0.7147533297538757, "module.features.14.conv.3": 0.02989969216287136, "module.features.14.conv.6": 0.674511730670929, "module.features.15.conv.0": 0.7662044167518616, "module.features.15.conv.3": 0.06956018507480621, "module.features.15.conv.6": 0.7617708444595337, "module.features.16.conv.0": 0.7677538990974426, "module.features.16.conv.3": 0.10821758955717087, "module.features.16.conv.6": 0.7677799463272095, "module.features.17.conv.0": 0.2220572978258133, "module.features.17.conv.3": 0.005208333022892475, "module.features.17.conv.6": 0.3212825655937195, "module.conv.0": 0.36146238446235657, "module.classifier": 0.0, "_timestamp": 1667974858, "_runtime": 4742, "_step": 4, "t_top1": 38.57607946502045, "t_top5": 63.08685752911213, "t_loss": 2.9045392756041086, "v_top1": 14.876, "v_top5": 32.502, "v_loss": 4.911720927124024, "sparsity": 0.363075852394104, "masking_loss": 2.9023623636527494, "module.features.1.conv.0pruning_point": 0.005855238996446133, "module.features.1.conv.3pruning_point": 1.2926349639892578, "module.features.2.conv.0pruning_point": 0.7605203986167908, "module.features.2.conv.3pruning_point": 0.0032658467534929514, "module.features.2.conv.6pruning_point": 0.5206113457679749, "module.features.3.conv.0pruning_point": 0.3976871967315674, "module.features.3.conv.3pruning_point": 0.0006550829275511205, "module.features.3.conv.6pruning_point": 0.41436246037483215, "module.features.4.conv.0pruning_point": 0.4854362905025482, "module.features.4.conv.3pruning_point": 7.24975107004866e-05, "module.features.4.conv.6pruning_point": 0.3645728826522827, "module.features.5.conv.0pruning_point": 0.2857687771320343, "module.features.5.conv.3pruning_point": 0.0006317073130048811, "module.features.5.conv.6pruning_point": 0.31607070565223694, "module.features.6.conv.0pruning_point": 0.27334824204444885, "module.features.6.conv.3pruning_point": 0.0003992481797467917, "module.features.6.conv.6pruning_point": 0.2998887002468109, "module.features.7.conv.0pruning_point": 0.3251618444919586, "module.features.7.conv.3pruning_point": 0.00031824636971578, "module.features.7.conv.6pruning_point": 0.25032684206962585, "module.features.8.conv.0pruning_point": 0.16878430545330048, "module.features.8.conv.3pruning_point": 0.004026617389172316, "module.features.8.conv.6pruning_point": 0.16924266517162323, "module.features.9.conv.0pruning_point": 0.15536648035049438, "module.features.9.conv.3pruning_point": 0.0034534328151494265, "module.features.9.conv.6pruning_point": 0.15950599312782288, "module.features.10.conv.0pruning_point": 0.15254418551921844, "module.features.10.conv.3pruning_point": 0.000542864843737334, "module.features.10.conv.6pruning_point": 0.1564723700284958, "module.features.11.conv.0pruning_point": 0.17056255042552948, "module.features.11.conv.3pruning_point": 0.0067788707092404366, "module.features.11.conv.6pruning_point": 0.15523666143417358, "module.features.12.conv.0pruning_point": 0.11834275722503662, "module.features.12.conv.3pruning_point": 0.0002087311731884256, "module.features.12.conv.6pruning_point": 0.12341686338186264, "module.features.13.conv.0pruning_point": 0.1179615780711174, "module.features.13.conv.3pruning_point": 0.00016603214317001402, "module.features.13.conv.6pruning_point": 0.12336466461420059, "module.features.14.conv.0pruning_point": 0.11661506444215775, "module.features.14.conv.3pruning_point": 4.3116633605677634e-06, "module.features.14.conv.6pruning_point": 0.08423568308353424, "module.features.15.conv.0pruning_point": 0.08214829117059708, "module.features.15.conv.3pruning_point": 8.656196769152302e-06, "module.features.15.conv.6pruning_point": 0.08248217403888702, "module.features.16.conv.0pruning_point": 0.08125368505716324, "module.features.16.conv.3pruning_point": 0.0004753895045723766, "module.features.16.conv.6pruning_point": 0.08371324092149734, "module.features.17.conv.0pruning_point": 0.018409661948680878, "module.features.17.conv.3pruning_point": 0.0, "module.features.17.conv.6pruning_point": 0.02210661768913269, "module.conv.0pruning_point": 0.02158280275762081, "hard_pruning_sparsity": 0.4171386659145355}