{"module.features.0.0": 0.0, "module.features.1.conv.0": 0.2708333432674408, "module.features.1.conv.3": 0.16015625, "module.features.2.conv.0": 0.064453125, "module.features.2.conv.3": 0.10648148506879807, "module.features.2.conv.6": 0.0759548619389534, "module.features.3.conv.0": 0.06481481343507767, "module.features.3.conv.3": 0.04783950746059418, "module.features.3.conv.6": 0.05873842537403107, "module.features.4.conv.0": 0.0616319440305233, "module.features.4.conv.3": 0.033179011195898056, "module.features.4.conv.6": 0.0616319440305233, "module.features.5.conv.0": 0.06103515625, "module.features.5.conv.3": 0.0590277798473835, "module.features.5.conv.6": 0.06103515625, "module.features.6.conv.0": 0.0641276091337204, "module.features.6.conv.3": 0.06828703731298447, "module.features.6.conv.6": 0.06494140625, "module.features.7.conv.0": 0.06201171875, "module.features.7.conv.3": 0.031828705221414566, "module.features.7.conv.6": 0.0635579451918602, "module.features.8.conv.0": 0.0734456405043602, "module.features.8.conv.3": 0.062210649251937866, "module.features.8.conv.6": 0.0629069060087204, "module.features.9.conv.0": 0.0648600310087204, "module.features.9.conv.3": 0.0555555559694767, "module.features.9.conv.6": 0.071533203125, "module.features.10.conv.0": 0.0721028670668602, "module.features.10.conv.3": 0.06192129850387573, "module.features.10.conv.6": 0.0661214217543602, "module.features.11.conv.0": 0.0721028670668602, "module.features.11.conv.3": 0.0555555559694767, "module.features.11.conv.6": 0.0958930104970932, "module.features.12.conv.0": 0.13854528963565826, "module.features.12.conv.3": 0.054012347012758255, "module.features.12.conv.6": 0.8970630764961243, "module.features.13.conv.0": 0.1089952290058136, "module.features.13.conv.3": 0.057098764926195145, "module.features.13.conv.6": 0.9174624085426331, "module.features.14.conv.0": 0.080457903444767, "module.features.14.conv.3": 0.04938271641731262, "module.features.14.conv.6": 0.8517469763755798, "module.features.15.conv.0": 0.9747331142425537, "module.features.15.conv.3": 0.08425925672054291, "module.features.15.conv.6": 0.9755859375, "module.features.16.conv.0": 0.97705078125, "module.features.16.conv.3": 0.08217592537403107, "module.features.16.conv.6": 0.9858008027076721, "module.features.17.conv.0": 0.8785351514816284, "module.features.17.conv.3": 0.08518518507480621, "module.features.17.conv.6": 0.9363216161727905, "module.conv.0": 0.9469286799430847, "module.classifier": 0.0, "_timestamp": 1667477333, "_runtime": 1834, "_step": 121, "t_top1": 98.882, "t_top5": 99.998, "t_loss": 0.032172299267649654, "v_top1": 90.64, "v_top5": 99.61, "v_loss": 0.3996588173866272, "sparsity": 0.7410635948181152, "masking_loss": 3.5694830010986327, "module.features.1.conv.0pruning_point": 0.02468044124543667, "module.features.1.conv.3pruning_point": 0.0030927048064768314, "module.features.2.conv.0pruning_point": 0.0006071722018532455, "module.features.2.conv.3pruning_point": 0.008073627948760986, "module.features.2.conv.6pruning_point": 0.003722946625202894, "module.features.3.conv.0pruning_point": 0.0012132524279877543, "module.features.3.conv.3pruning_point": 0.0010462497593834996, "module.features.3.conv.6pruning_point": 6.398594905476784e-06, "module.features.4.conv.0pruning_point": 0.0012060604058206081, "module.features.4.conv.3pruning_point": 2.4906021280912682e-06, "module.features.4.conv.6pruning_point": 0.0009086781647056341, "module.features.5.conv.0pruning_point": 0.0007012295536696911, "module.features.5.conv.3pruning_point": 0.0008965792367234826, "module.features.5.conv.6pruning_point": 0.0001736507983878255, "module.features.6.conv.0pruning_point": 0.0012921630404889584, "module.features.6.conv.3pruning_point": 0.00045009402674622834, "module.features.6.conv.6pruning_point": 0.0001179827013402246, "module.features.7.conv.0pruning_point": 0.000963151513133198, "module.features.7.conv.3pruning_point": 4.148988864471903e-06, "module.features.7.conv.6pruning_point": 0.000784881878644228, "module.features.8.conv.0pruning_point": 0.0009565301588736475, "module.features.8.conv.3pruning_point": 0.0009470117511227727, "module.features.8.conv.6pruning_point": 4.572359466692433e-05, "module.features.9.conv.0pruning_point": 0.0003294379566796124, "module.features.9.conv.3pruning_point": 0.0005872271140106022, "module.features.9.conv.6pruning_point": 0.0007429821416735649, "module.features.10.conv.0pruning_point": 0.0009965322678908706, "module.features.10.conv.3pruning_point": 9.222168591804802e-05, "module.features.10.conv.6pruning_point": 0.00040168483974412084, "module.features.11.conv.0pruning_point": 0.0012098115403205156, "module.features.11.conv.3pruning_point": 0.00044304909533821046, "module.features.11.conv.6pruning_point": 0.003628678387030959, "module.features.12.conv.0pruning_point": 0.004463111516088247, "module.features.12.conv.3pruning_point": 0.00045593094546347857, "module.features.12.conv.6pruning_point": 0.07452203333377838, "module.features.13.conv.0pruning_point": 0.002442944096401334, "module.features.13.conv.3pruning_point": 2.0746995232912013e-06, "module.features.13.conv.6pruning_point": 0.0721997320652008, "module.features.14.conv.0pruning_point": 0.0013193576596677303, "module.features.14.conv.3pruning_point": 8.668146620038897e-06, "module.features.14.conv.6pruning_point": 0.06376335769891739, "module.features.15.conv.0pruning_point": 0.04488532990217209, "module.features.15.conv.3pruning_point": 0.0002213182597188279, "module.features.15.conv.6pruning_point": 0.04365434870123863, "module.features.16.conv.0pruning_point": 0.042796920984983444, "module.features.16.conv.3pruning_point": 7.704131712671369e-05, "module.features.16.conv.6pruning_point": 0.04269826412200928, "module.features.17.conv.0pruning_point": 0.05167946591973305, "module.features.17.conv.3pruning_point": 0.0004619901883415878, "module.features.17.conv.6pruning_point": 0.03493085876107216, "module.conv.0pruning_point": 0.028324667364358902, "_wandb": {"runtime": 1835}}