{"module.features.0.0": 0.0, "module.features.1.conv.0": 0.3923611044883728, "module.features.1.conv.3": 0.87109375, "module.features.2.conv.0": 0.9583333730697632, "module.features.2.conv.3": 0.02083333395421505, "module.features.2.conv.6": 0.917100727558136, "module.features.3.conv.0": 0.9872685074806213, "module.features.3.conv.3": 0.06790123879909515, "module.features.3.conv.6": 0.9545717835426331, "module.features.4.conv.0": 0.8483796119689941, "module.features.4.conv.3": 0.010802469216287136, "module.features.4.conv.6": 0.8059895634651184, "module.features.5.conv.0": 0.9903971552848816, "module.features.5.conv.3": 0.12789352238178253, "module.features.5.conv.6": 0.9573568105697632, "module.features.6.conv.0": 0.99609375, "module.features.6.conv.3": 0.1805555522441864, "module.features.6.conv.6": 0.9842122793197632, "module.features.7.conv.0": 0.8326823115348816, "module.features.7.conv.3": 0.006365740671753883, "module.features.7.conv.6": 0.87841796875, "module.features.8.conv.0": 0.9910482168197632, "module.features.8.conv.3": 0.25, "module.features.8.conv.6": 0.9783935546875, "module.features.9.conv.0": 0.9970296621322632, "module.features.9.conv.3": 0.22627314925193787, "module.features.9.conv.6": 0.9868978261947632, "module.features.10.conv.0": 0.9989420771598816, "module.features.10.conv.3": 0.22714120149612427, "module.features.10.conv.6": 0.9959310293197632, "module.features.11.conv.0": 0.8740234375, "module.features.11.conv.3": 0.17158564925193787, "module.features.11.conv.6": 0.865966796875, "module.features.12.conv.0": 0.9943395853042603, "module.features.12.conv.3": 0.23167438805103302, "module.features.12.conv.6": 0.9796187877655029, "module.features.13.conv.0": 0.9884259104728699, "module.features.13.conv.3": 0.22511574625968933, "module.features.13.conv.6": 0.9816261529922485, "module.features.14.conv.0": 0.7952293157577515, "module.features.14.conv.3": 0.027584876865148544, "module.features.14.conv.6": 0.7715386748313904, "module.features.15.conv.0": 0.9230794310569763, "module.features.15.conv.3": 0.06064814701676369, "module.features.15.conv.6": 0.9243359565734863, "module.features.16.conv.0": 0.966796875, "module.features.16.conv.3": 0.14606481790542603, "module.features.16.conv.6": 0.9525260925292969, "module.features.17.conv.0": 0.03340495005249977, "module.features.17.conv.3": 0.004398148041218519, "module.features.17.conv.6": 0.6462076902389526, "module.conv.0": 0.024445800110697746, "module.classifier": 0.0, "_timestamp": 1667712788, "_runtime": 78822, "_step": 68, "t_top1": 51.10684243349636, "t_top5": 74.22701334015149, "t_loss": 2.2138609654004946, "v_top1": 3.082, "v_top5": 8.152, "v_loss": 7.692099819030762, "sparsity": 0.4007628858089447, "masking_loss": 4.028270962324535, "module.features.1.conv.0pruning_point": 0.16708458960056305, "module.features.1.conv.3pruning_point": 0.4868694543838501, "module.features.2.conv.0pruning_point": 0.5642070770263672, "module.features.2.conv.3pruning_point": 0.00017852606833912432, "module.features.2.conv.6pruning_point": 0.4016164243221283, "module.features.3.conv.0pruning_point": 0.48706525564193726, "module.features.3.conv.3pruning_point": 0.003332811174914241, "module.features.3.conv.6pruning_point": 0.2796698212623596, "module.features.4.conv.0pruning_point": 0.34043076634407043, "module.features.4.conv.3pruning_point": 3.9699946796645236e-07, "module.features.4.conv.6pruning_point": 0.32426634430885315, "module.features.5.conv.0pruning_point": 0.41659000515937805, "module.features.5.conv.3pruning_point": 0.00925510749220848, "module.features.5.conv.6pruning_point": 0.23377099633216858, "module.features.6.conv.0pruning_point": 0.4960000216960907, "module.features.6.conv.3pruning_point": 0.009595195762813091, "module.features.6.conv.6pruning_point": 0.31751757860183716, "module.features.7.conv.0pruning_point": 0.36522218585014343, "module.features.7.conv.3pruning_point": 5.242476618150249e-05, "module.features.7.conv.6pruning_point": 0.2948445975780487, "module.features.8.conv.0pruning_point": 0.20254604518413544, "module.features.8.conv.3pruning_point": 0.013464365154504776, "module.features.8.conv.6pruning_point": 0.15030688047409058, "module.features.9.conv.0pruning_point": 0.16501766443252563, "module.features.9.conv.3pruning_point": 0.005587141029536724, "module.features.9.conv.6pruning_point": 0.12502385675907135, "module.features.10.conv.0pruning_point": 0.1525423228740692, "module.features.10.conv.3pruning_point": 0.002281692810356617, "module.features.10.conv.6pruning_point": 0.15816329419612885, "module.features.11.conv.0pruning_point": 0.2271377146244049, "module.features.11.conv.3pruning_point": 0.07026264816522598, "module.features.11.conv.6pruning_point": 0.17403240501880646, "module.features.12.conv.0pruning_point": 0.12665827572345734, "module.features.12.conv.3pruning_point": 0.0049667698331177235, "module.features.12.conv.6pruning_point": 0.09074068814516068, "module.features.13.conv.0pruning_point": 0.10805699229240417, "module.features.13.conv.3pruning_point": 0.003404835471883416, "module.features.13.conv.6pruning_point": 0.09515263140201569, "module.features.14.conv.0pruning_point": 0.13043618202209473, "module.features.14.conv.3pruning_point": 2.5056868253159337e-05, "module.features.14.conv.6pruning_point": 0.08714961260557175, "module.features.15.conv.0pruning_point": 0.0653311088681221, "module.features.15.conv.3pruning_point": 0.00017275928985327482, "module.features.15.conv.6pruning_point": 0.07731632888317108, "module.features.16.conv.0pruning_point": 0.08475197851657867, "module.features.16.conv.3pruning_point": 0.005901139695197344, "module.features.16.conv.6pruning_point": 0.07001907378435135, "module.features.17.conv.0pruning_point": 0.0011001192033290863, "module.features.17.conv.3pruning_point": 4.203669050184544e-06, "module.features.17.conv.6pruning_point": 0.043866921216249466, "module.conv.0pruning_point": 0.00025021881447173655, "hard_pruning_sparsity": 0.4109194874763489}