{"module.features.0.0": 0.0, "module.features.1.conv.0": 0.2291666716337204, "module.features.1.conv.3": 0.44140625, "module.features.2.conv.0": 0.0696614608168602, "module.features.2.conv.3": 0.118055559694767, "module.features.2.conv.6": 0.1662326455116272, "module.features.3.conv.0": 0.06886573880910873, "module.features.3.conv.3": 0.05169752985239029, "module.features.3.conv.6": 0.0598958320915699, "module.features.4.conv.0": 0.05873842537403107, "module.features.4.conv.3": 0.03780864179134369, "module.features.4.conv.6": 0.0616319440305233, "module.features.5.conv.0": 0.0625, "module.features.5.conv.3": 0.05266203731298447, "module.features.5.conv.6": 0.068359375, "module.features.6.conv.0": 0.0691731795668602, "module.features.6.conv.3": 0.0677083358168602, "module.features.6.conv.6": 0.0657552108168602, "module.features.7.conv.0": 0.0592447929084301, "module.features.7.conv.3": 0.025462962687015533, "module.features.7.conv.6": 0.0653483122587204, "module.features.8.conv.0": 0.0724283903837204, "module.features.8.conv.3": 0.054976850748062134, "module.features.8.conv.6": 0.0651448592543602, "module.features.9.conv.0": 0.0730794295668602, "module.features.9.conv.3": 0.054398149251937866, "module.features.9.conv.6": 0.0932210311293602, "module.features.10.conv.0": 0.0837809294462204, "module.features.10.conv.3": 0.0581597238779068, "module.features.10.conv.6": 0.0799153670668602, "module.features.11.conv.0": 0.0703938826918602, "module.features.11.conv.3": 0.054398149251937866, "module.features.11.conv.6": 0.8968098759651184, "module.features.12.conv.0": 0.9938693642616272, "module.features.12.conv.3": 0.05806327238678932, "module.features.12.conv.6": 0.9857313632965088, "module.features.13.conv.0": 0.9953703880310059, "module.features.13.conv.3": 0.05324074253439903, "module.features.13.conv.6": 0.9910300970077515, "module.features.14.conv.0": 0.07836009562015533, "module.features.14.conv.3": 0.04726080223917961, "module.features.14.conv.6": 0.9698025584220886, "module.features.15.conv.0": 0.9994010925292969, "module.features.15.conv.3": 0.08993055671453476, "module.features.15.conv.6": 0.9979166984558105, "module.features.16.conv.0": 0.9994922280311584, "module.features.16.conv.3": 0.08206018060445786, "module.features.16.conv.6": 0.9982617497444153, "module.features.17.conv.0": 0.98570317029953, "module.features.17.conv.3": 0.08437500149011612, "module.features.17.conv.6": 0.9898437857627869, "module.conv.0": 0.9871020317077637, "module.classifier": 0.0, "_timestamp": 1667489297, "_runtime": 1815, "_step": 181, "t_top1": 99.286, "t_top5": 99.998, "t_loss": 0.022840877578258513, "v_top1": 90.88, "v_top5": 99.65, "v_loss": 0.42304224014282227, "sparsity": 0.8360848426818848, "masking_loss": 0, "module.features.1.conv.0pruning_point": 0.021865662187337875, "module.features.1.conv.3pruning_point": 0.1253339797258377, "module.features.2.conv.0pruning_point": 0.0016443970380350947, "module.features.2.conv.3pruning_point": 0.010344510897994041, "module.features.2.conv.6pruning_point": 0.04132723808288574, "module.features.3.conv.0pruning_point": 0.0015095854178071022, "module.features.3.conv.3pruning_point": 0.0003441256994847208, "module.features.3.conv.6pruning_point": 0.00033911081845872104, "module.features.4.conv.0pruning_point": 0.0007545764674432576, "module.features.4.conv.3pruning_point": 2.252344302178244e-06, "module.features.4.conv.6pruning_point": 0.000883299158886075, "module.features.5.conv.0pruning_point": 0.0006260587833821774, "module.features.5.conv.3pruning_point": 0.0002563746238593012, "module.features.5.conv.6pruning_point": 0.0005362670053727925, "module.features.6.conv.0pruning_point": 0.0016028248937800527, "module.features.6.conv.3pruning_point": 0.0007118253852240741, "module.features.6.conv.6pruning_point": 7.070347783155739e-05, "module.features.7.conv.0pruning_point": 0.0005431068129837513, "module.features.7.conv.3pruning_point": 1.8722430183970573e-07, "module.features.7.conv.6pruning_point": 0.0013024192303419113, "module.features.8.conv.0pruning_point": 0.0010621969122439623, "module.features.8.conv.3pruning_point": 0.00011683558113873005, "module.features.8.conv.6pruning_point": 0.0003851410001516342, "module.features.9.conv.0pruning_point": 0.0014147961046546698, "module.features.9.conv.3pruning_point": 8.773375884629786e-05, "module.features.9.conv.6pruning_point": 0.0027157701551914215, "module.features.10.conv.0pruning_point": 0.0023243757896125317, "module.features.10.conv.3pruning_point": 9.770547330845147e-05, "module.features.10.conv.6pruning_point": 0.0015940249431878328, "module.features.11.conv.0pruning_point": 0.0009158572647720575, "module.features.11.conv.3pruning_point": 9.680198854766786e-05, "module.features.11.conv.6pruning_point": 0.122419074177742, "module.features.12.conv.0pruning_point": 0.09573851525783539, "module.features.12.conv.3pruning_point": 0.0006421550642699003, "module.features.12.conv.6pruning_point": 0.0893397405743599, "module.features.13.conv.0pruning_point": 0.09711090475320816, "module.features.13.conv.3pruning_point": 0.0004028288531117141, "module.features.13.conv.6pruning_point": 0.091388039290905, "module.features.14.conv.0pruning_point": 0.0012031561927869916, "module.features.14.conv.3pruning_point": 3.661160121737339e-07, "module.features.14.conv.6pruning_point": 0.07348612695932388, "module.features.15.conv.0pruning_point": 0.049626342952251434, "module.features.15.conv.3pruning_point": 0.0005818915087729692, "module.features.15.conv.6pruning_point": 0.04890326410531998, "module.features.16.conv.0pruning_point": 0.047380633652210236, "module.features.16.conv.3pruning_point": 4.876237653661519e-05, "module.features.16.conv.6pruning_point": 0.046812184154987335, "module.features.17.conv.0pruning_point": 0.05889185890555382, "module.features.17.conv.3pruning_point": 0.0009626293904148042, "module.features.17.conv.6pruning_point": 0.03950129449367523, "module.conv.0pruning_point": 0.03179440647363663, "_wandb": {"runtime": 1816}}