{"module.features.0.0": 0.0, "module.features.1.conv.0": 0.2673611044883728, "module.features.1.conv.3": 0.447265625, "module.features.2.conv.0": 0.0735677108168602, "module.features.2.conv.3": 0.11574073880910873, "module.features.2.conv.6": 0.197048619389534, "module.features.3.conv.0": 0.06278935074806213, "module.features.3.conv.3": 0.05478395149111748, "module.features.3.conv.6": 0.05758101865649223, "module.features.4.conv.0": 0.05931713059544563, "module.features.4.conv.3": 0.03395061939954758, "module.features.4.conv.6": 0.065321184694767, "module.features.5.conv.0": 0.0623372420668602, "module.features.5.conv.3": 0.0486111119389534, "module.features.5.conv.6": 0.0628255233168602, "module.features.6.conv.0": 0.0638020858168602, "module.features.6.conv.3": 0.05150463059544563, "module.features.6.conv.6": 0.0633138045668602, "module.features.7.conv.0": 0.06298828125, "module.features.7.conv.3": 0.027199074625968933, "module.features.7.conv.6": 0.0657552108168602, "module.features.8.conv.0": 0.0644124373793602, "module.features.8.conv.3": 0.05092592537403107, "module.features.8.conv.6": 0.0593668632209301, "module.features.9.conv.0": 0.09375, "module.features.9.conv.3": 0.06192129850387573, "module.features.9.conv.6": 0.9630534052848816, "module.features.10.conv.0": 0.9949544668197632, "module.features.10.conv.3": 0.06626157462596893, "module.features.10.conv.6": 0.9833984375, "module.features.11.conv.0": 0.0958251953125, "module.features.11.conv.3": 0.05092592537403107, "module.features.11.conv.6": 0.949327290058136, "module.features.12.conv.0": 0.9993851184844971, "module.features.12.conv.3": 0.059220679104328156, "module.features.12.conv.6": 0.9966362714767456, "module.features.13.conv.0": 0.9992946982383728, "module.features.13.conv.3": 0.05285494029521942, "module.features.13.conv.6": 0.9958948493003845, "module.features.14.conv.0": 0.9801432490348816, "module.features.14.conv.3": 0.04996142163872719, "module.features.14.conv.6": 0.9856119751930237, "module.features.15.conv.0": 0.9998502731323242, "module.features.15.conv.3": 0.08819444477558136, "module.features.15.conv.6": 0.9991862177848816, "module.features.16.conv.0": 0.999915361404419, "module.features.16.conv.3": 0.09155092388391495, "module.features.16.conv.6": 0.9989648461341858, "module.features.17.conv.0": 0.995312511920929, "module.features.17.conv.3": 0.11412037163972855, "module.features.17.conv.6": 0.9951497912406921, "module.conv.0": 0.9920409917831421, "module.classifier": 0.0, "_timestamp": 1667504059, "_runtime": 1796, "_step": 241, "t_top1": 98.658, "t_top5": 100.0, "t_loss": 0.038194363179206846, "v_top1": 90.53, "v_top5": 99.62, "v_loss": 0.41256465280056, "sparsity": 0.8939025402069092, "masking_loss": 0, "module.features.1.conv.0pruning_point": 0.028916122391819954, "module.features.1.conv.3pruning_point": 0.14080311357975006, "module.features.2.conv.0pruning_point": 0.0028068528044968843, "module.features.2.conv.3pruning_point": 0.014084216207265854, "module.features.2.conv.6pruning_point": 0.05788386985659599, "module.features.3.conv.0pruning_point": 0.0016070943092927337, "module.features.3.conv.3pruning_point": 0.0007381632458418608, "module.features.3.conv.6pruning_point": 3.188678965670988e-05, "module.features.4.conv.0pruning_point": 0.0009969500824809074, "module.features.4.conv.3pruning_point": 4.4098389480495825e-05, "module.features.4.conv.6pruning_point": 0.0005376612534746528, "module.features.5.conv.0pruning_point": 0.0009171125129796565, "module.features.5.conv.3pruning_point": 0.0003946603974327445, "module.features.5.conv.6pruning_point": 0.0006833728984929621, "module.features.6.conv.0pruning_point": 0.00110706000123173, "module.features.6.conv.3pruning_point": 0.00013053200382273644, "module.features.6.conv.6pruning_point": 0.00012549871462397277, "module.features.7.conv.0pruning_point": 0.0015580432955175638, "module.features.7.conv.3pruning_point": 3.7874130498494196e-07, "module.features.7.conv.6pruning_point": 0.0015177748864516616, "module.features.8.conv.0pruning_point": 0.0003697752545122057, "module.features.8.conv.3pruning_point": 0.0002294104197062552, "module.features.8.conv.6pruning_point": 1.9182072719559073e-05, "module.features.9.conv.0pruning_point": 0.0033279384952038527, "module.features.9.conv.3pruning_point": 6.838053377578035e-05, "module.features.9.conv.6pruning_point": 0.14307166635990143, "module.features.10.conv.0pruning_point": 0.1809237003326416, "module.features.10.conv.3pruning_point": 0.0007233264041133225, "module.features.10.conv.6pruning_point": 0.16433466970920563, "module.features.11.conv.0pruning_point": 0.00487296050414443, "module.features.11.conv.3pruning_point": 7.082673982949927e-05, "module.features.11.conv.6pruning_point": 0.15601329505443573, "module.features.12.conv.0pruning_point": 0.1299964040517807, "module.features.12.conv.3pruning_point": 0.0007257226970978081, "module.features.12.conv.6pruning_point": 0.12697818875312805, "module.features.13.conv.0pruning_point": 0.12028571218252182, "module.features.13.conv.3pruning_point": 1.7222226233570836e-05, "module.features.13.conv.6pruning_point": 0.11077004671096802, "module.features.14.conv.0pruning_point": 0.12380973994731903, "module.features.14.conv.3pruning_point": 0.0, "module.features.14.conv.6pruning_point": 0.09068116545677185, "module.features.15.conv.0pruning_point": 0.057421959936618805, "module.features.15.conv.3pruning_point": 0.00037428512587212026, "module.features.15.conv.6pruning_point": 0.0589887760579586, "module.features.16.conv.0pruning_point": 0.05719830468297005, "module.features.16.conv.3pruning_point": 0.0002973542141262442, "module.features.16.conv.6pruning_point": 0.05275170877575874, "module.features.17.conv.0pruning_point": 0.07578261941671371, "module.features.17.conv.3pruning_point": 0.003056033281609416, "module.features.17.conv.6pruning_point": 0.04966278746724129, "module.conv.0pruning_point": 0.039042744785547256, "_wandb": {"runtime": 1797}}