{"module.features.0.0": 0.0, "module.features.1.conv.0": 0.3368055522441864, "module.features.1.conv.3": 0.892578125, "module.features.2.conv.0": 0.814453125, "module.features.2.conv.3": 0.0381944440305233, "module.features.2.conv.6": 0.8324652910232544, "module.features.3.conv.0": 0.7986111044883728, "module.features.3.conv.3": 0.09336420148611069, "module.features.3.conv.6": 0.8680555820465088, "module.features.4.conv.0": 0.8396990895271301, "module.features.4.conv.3": 0.013117283582687378, "module.features.4.conv.6": 0.8472222089767456, "module.features.5.conv.0": 0.8050130605697632, "module.features.5.conv.3": 0.10358796268701553, "module.features.5.conv.6": 0.83447265625, "module.features.6.conv.0": 0.8055013418197632, "module.features.6.conv.3": 0.12094907462596893, "module.features.6.conv.6": 0.8400065302848816, "module.features.7.conv.0": 0.8447265625, "module.features.7.conv.3": 0.011574074625968933, "module.features.7.conv.6": 0.8091634511947632, "module.features.8.conv.0": 0.8179931640625, "module.features.8.conv.3": 0.1380208283662796, "module.features.8.conv.6": 0.8299967646598816, "module.features.9.conv.0": 0.8147786855697632, "module.features.9.conv.3": 0.1996527761220932, "module.features.9.conv.6": 0.8438720703125, "module.features.10.conv.0": 0.8094482421875, "module.features.10.conv.3": 0.19328704476356506, "module.features.10.conv.6": 0.85693359375, "module.features.11.conv.0": 0.815673828125, "module.features.11.conv.3": 0.11082176119089127, "module.features.11.conv.6": 0.7965494990348816, "module.features.12.conv.0": 0.8019024729728699, "module.features.12.conv.3": 0.18653549253940582, "module.features.12.conv.6": 0.8198784589767456, "module.features.13.conv.0": 0.7984664440155029, "module.features.13.conv.3": 0.18865740299224854, "module.features.13.conv.6": 0.828721821308136, "module.features.14.conv.0": 0.7529478073120117, "module.features.14.conv.3": 0.02989969216287136, "module.features.14.conv.6": 0.7240560054779053, "module.features.15.conv.0": 0.7755208611488342, "module.features.15.conv.3": 0.0667824074625969, "module.features.15.conv.6": 0.7749218940734863, "module.features.16.conv.0": 0.780677080154419, "module.features.16.conv.3": 0.1101851835846901, "module.features.16.conv.6": 0.7803711295127869, "module.features.17.conv.0": 0.3106445372104645, "module.features.17.conv.3": 0.004976851865649223, "module.features.17.conv.6": 0.5755891799926758, "module.conv.0": 0.5816723704338074, "module.classifier": 0.0, "_timestamp": 1667974880, "_runtime": 4749, "_step": 4, "t_top1": 35.91069704417925, "t_top5": 60.42896827654931, "t_loss": 3.060116572461006, "v_top1": 20.204, "v_top5": 40.442, "v_loss": 4.269205596923828, "sparsity": 0.4203270673751831, "masking_loss": 2.9439031631291006, "module.features.1.conv.0pruning_point": 0.01895770989358425, "module.features.1.conv.3pruning_point": 1.4090914726257324, "module.features.2.conv.0pruning_point": 0.7837045788764954, "module.features.2.conv.3pruning_point": 0.0005059305694885552, "module.features.2.conv.6pruning_point": 0.5411220788955688, "module.features.3.conv.0pruning_point": 0.40291517972946167, "module.features.3.conv.3pruning_point": 0.0015163557836785913, "module.features.3.conv.6pruning_point": 0.4609411656856537, "module.features.4.conv.0pruning_point": 0.5045638084411621, "module.features.4.conv.3pruning_point": 1.1250861462031025e-05, "module.features.4.conv.6pruning_point": 0.39461633563041687, "module.features.5.conv.0pruning_point": 0.29264113306999207, "module.features.5.conv.3pruning_point": 0.001673154067248106, "module.features.5.conv.6pruning_point": 0.32979220151901245, "module.features.6.conv.0pruning_point": 0.28926822543144226, "module.features.6.conv.3pruning_point": 0.0017523899441584945, "module.features.6.conv.6pruning_point": 0.31258392333984375, "module.features.7.conv.0pruning_point": 0.3723752498626709, "module.features.7.conv.3pruning_point": 6.672927702311426e-05, "module.features.7.conv.6pruning_point": 0.27146682143211365, "module.features.8.conv.0pruning_point": 0.17564469575881958, "module.features.8.conv.3pruning_point": 0.002414009068161249, "module.features.8.conv.6pruning_point": 0.1777755618095398, "module.features.9.conv.0pruning_point": 0.16055871546268463, "module.features.9.conv.3pruning_point": 0.003972044680267572, "module.features.9.conv.6pruning_point": 0.16535115242004395, "module.features.10.conv.0pruning_point": 0.15748530626296997, "module.features.10.conv.3pruning_point": 3.4972315916093066e-05, "module.features.10.conv.6pruning_point": 0.1655534952878952, "module.features.11.conv.0pruning_point": 0.19556684792041779, "module.features.11.conv.3pruning_point": 0.007604282349348068, "module.features.11.conv.6pruning_point": 0.16744352877140045, "module.features.12.conv.0pruning_point": 0.12346713989973068, "module.features.12.conv.3pruning_point": 0.0009895004332065582, "module.features.12.conv.6pruning_point": 0.1304263323545456, "module.features.13.conv.0pruning_point": 0.12280150502920151, "module.features.13.conv.3pruning_point": 0.0007502464577555656, "module.features.13.conv.6pruning_point": 0.13068673014640808, "module.features.14.conv.0pruning_point": 0.1352580040693283, "module.features.14.conv.3pruning_point": 4.048542450618697e-06, "module.features.14.conv.6pruning_point": 0.09951352328062057, "module.features.15.conv.0pruning_point": 0.08781019598245621, "module.features.15.conv.3pruning_point": 0.00019587716087698936, "module.features.15.conv.6pruning_point": 0.08849379420280457, "module.features.16.conv.0pruning_point": 0.08732042461633682, "module.features.16.conv.3pruning_point": 0.000649001041892916, "module.features.16.conv.6pruning_point": 0.08897560834884644, "module.features.17.conv.0pruning_point": 0.02813779003918171, "module.features.17.conv.3pruning_point": 0.0, "module.features.17.conv.6pruning_point": 0.04638361185789108, "module.conv.0pruning_point": 0.04269638657569885, "hard_pruning_sparsity": 0.49351945519447327}