{"module.features.0.0": 0.0, "module.features.1.conv.0": 0.40625, "module.features.1.conv.3": 0.36328125, "module.features.2.conv.0": 0.0970052108168602, "module.features.2.conv.3": 0.0381944440305233, "module.features.2.conv.6": 0.0729166641831398, "module.features.3.conv.0": 0.09924768656492233, "module.features.3.conv.3": 0.08024691045284271, "module.features.3.conv.6": 0.788194477558136, "module.features.4.conv.0": 0.5807291865348816, "module.features.4.conv.3": 0.009259259328246117, "module.features.4.conv.6": 0.1080729141831398, "module.features.5.conv.0": 0.9480794668197632, "module.features.5.conv.3": 0.09432870149612427, "module.features.5.conv.6": 0.9287109375, "module.features.6.conv.0": 0.94677734375, "module.features.6.conv.3": 0.1076388880610466, "module.features.6.conv.6": 0.8767904043197632, "module.features.7.conv.0": 0.0745442733168602, "module.features.7.conv.3": 0.015046296641230583, "module.features.7.conv.6": 0.0907389372587204, "module.features.8.conv.0": 0.9241536855697632, "module.features.8.conv.3": 0.14612267911434174, "module.features.8.conv.6": 0.9259033203125, "module.features.9.conv.0": 0.9586995840072632, "module.features.9.conv.3": 0.1866319477558136, "module.features.9.conv.6": 0.9580892324447632, "module.features.10.conv.0": 0.9613444209098816, "module.features.10.conv.3": 0.1996527761220932, "module.features.10.conv.6": 0.9525553584098816, "module.features.11.conv.0": 0.0741373747587204, "module.features.11.conv.3": 0.1467013955116272, "module.features.11.conv.6": 0.7047255039215088, "module.features.12.conv.0": 0.9148582220077515, "module.features.12.conv.3": 0.1840277761220932, "module.features.12.conv.6": 0.9266493320465088, "module.features.13.conv.0": 0.9236111044883728, "module.features.13.conv.3": 0.20852623879909515, "module.features.13.conv.6": 0.9359085559844971, "module.features.14.conv.0": 0.6313657164573669, "module.features.14.conv.3": 0.029320988804101944, "module.features.14.conv.6": 0.6269856691360474, "module.features.15.conv.0": 0.7667447924613953, "module.features.15.conv.3": 0.07430555671453476, "module.features.15.conv.6": 0.8140820264816284, "module.features.16.conv.0": 0.8078711032867432, "module.features.16.conv.3": 0.1171296238899231, "module.features.16.conv.6": 0.8563281297683716, "module.features.17.conv.0": 0.06284505128860474, "module.features.17.conv.3": 0.004976851865649223, "module.features.17.conv.6": 0.10595703125, "module.conv.0": 0.054814450442790985, "module.classifier": 0.0, "_timestamp": 1667832909.7231815, "_runtime": 14384.405154466629, "_step": 16, "t_top1": 57.6618036524438, "t_top5": 79.44990777939175, "t_loss": 1.8703499116139484, "v_top1": 61.42, "v_top5": 83.62, "v_loss": 1.6283312285614013, "sparsity": 0.3069676458835602, "masking_loss": 6.139639139857453, "module.features.1.conv.0pruning_point": 0.1303604394197464, "module.features.1.conv.3pruning_point": 0.05599593743681908, "module.features.2.conv.0pruning_point": 0.015208346769213676, "module.features.2.conv.3pruning_point": 0.00021992037363816053, "module.features.2.conv.6pruning_point": 0.009217563085258007, "module.features.3.conv.0pruning_point": 0.007648594677448273, "module.features.3.conv.3pruning_point": 0.003169361036270857, "module.features.3.conv.6pruning_point": 0.20393678545951843, "module.features.4.conv.0pruning_point": 0.14750181138515472, "module.features.4.conv.3pruning_point": 3.4803854305209825e-06, "module.features.4.conv.6pruning_point": 0.015405857935547829, "module.features.5.conv.0pruning_point": 0.2037605494260788, "module.features.5.conv.3pruning_point": 0.0011273028794676065, "module.features.5.conv.6pruning_point": 0.22630146145820618, "module.features.6.conv.0pruning_point": 0.18998338282108307, "module.features.6.conv.3pruning_point": 0.0007702826987951994, "module.features.6.conv.6pruning_point": 0.15766455233097076, "module.features.7.conv.0pruning_point": 0.005904573481529951, "module.features.7.conv.3pruning_point": 1.1086519407399464e-05, "module.features.7.conv.6pruning_point": 0.007640378549695015, "module.features.8.conv.0pruning_point": 0.12312225252389908, "module.features.8.conv.3pruning_point": 0.0038548572920262814, "module.features.8.conv.6pruning_point": 0.13180504739284515, "module.features.9.conv.0pruning_point": 0.13595736026763916, "module.features.9.conv.3pruning_point": 0.003357485868036747, "module.features.9.conv.6pruning_point": 0.12856340408325195, "module.features.10.conv.0pruning_point": 0.13452965021133423, "module.features.10.conv.3pruning_point": 0.0006757641094736755, "module.features.10.conv.6pruning_point": 0.11664276570081711, "module.features.11.conv.0pruning_point": 0.0031874848064035177, "module.features.11.conv.3pruning_point": 0.01926203817129135, "module.features.11.conv.6pruning_point": 0.11107653379440308, "module.features.12.conv.0pruning_point": 0.10168866068124771, "module.features.12.conv.3pruning_point": 0.0014131030766293406, "module.features.12.conv.6pruning_point": 0.1058732196688652, "module.features.13.conv.0pruning_point": 0.10962849110364914, "module.features.13.conv.3pruning_point": 0.0027978033758699894, "module.features.13.conv.6pruning_point": 0.10738320648670197, "module.features.14.conv.0pruning_point": 0.09043150395154953, "module.features.14.conv.3pruning_point": 1.8615763110574335e-05, "module.features.14.conv.6pruning_point": 0.0784350335597992, "module.features.15.conv.0pruning_point": 0.06421060115098953, "module.features.15.conv.3pruning_point": 0.0008590189972892404, "module.features.15.conv.6pruning_point": 0.07702513039112091, "module.features.16.conv.0pruning_point": 0.07480404525995255, "module.features.16.conv.3pruning_point": 0.0021189299877732992, "module.features.16.conv.6pruning_point": 0.0817355290055275, "module.features.17.conv.0pruning_point": 0.0007865273510105908, "module.features.17.conv.3pruning_point": 0.001421381370164454, "module.features.17.conv.6pruning_point": 0.004496506880968809, "module.conv.0pruning_point": 0.0002066006272798404, "hard_pruning_sparsity": 0.333455353975296, "_wandb": {"runtime": 16019}}