{"module.features.0.0": 0.0, "module.features.1.conv.0": 0.347222238779068, "module.features.1.conv.3": 0.73046875, "module.features.2.conv.0": 0.6673177480697632, "module.features.2.conv.3": 0.03356481343507767, "module.features.2.conv.6": 0.6393229365348816, "module.features.3.conv.0": 0.686631977558136, "module.features.3.conv.3": 0.06404320895671844, "module.features.3.conv.6": 0.6655092835426331, "module.features.4.conv.0": 0.5879629850387573, "module.features.4.conv.3": 0.008487654849886894, "module.features.4.conv.6": 0.6213107705116272, "module.features.5.conv.0": 0.71630859375, "module.features.5.conv.3": 0.08391203731298447, "module.features.5.conv.6": 0.68310546875, "module.features.6.conv.0": 0.6775716543197632, "module.features.6.conv.3": 0.1111111119389534, "module.features.6.conv.6": 0.6865234375, "module.features.7.conv.0": 0.5919596552848816, "module.features.7.conv.3": 0.01215277798473835, "module.features.7.conv.6": 0.6883952021598816, "module.features.8.conv.0": 0.8118082880973816, "module.features.8.conv.3": 0.13599537312984467, "module.features.8.conv.6": 0.7917073965072632, "module.features.9.conv.0": 0.7633056640625, "module.features.9.conv.3": 0.1753472238779068, "module.features.9.conv.6": 0.7906494140625, "module.features.10.conv.0": 0.73388671875, "module.features.10.conv.3": 0.21556712687015533, "module.features.10.conv.6": 0.8209228515625, "module.features.11.conv.0": 0.6398519277572632, "module.features.11.conv.3": 0.12905092537403107, "module.features.11.conv.6": 0.6555718183517456, "module.features.12.conv.0": 0.7102321982383728, "module.features.12.conv.3": 0.173611119389534, "module.features.12.conv.6": 0.7273401618003845, "module.features.13.conv.0": 0.650499165058136, "module.features.13.conv.3": 0.1788194477558136, "module.features.13.conv.6": 0.7284432649612427, "module.features.14.conv.0": 0.568467915058136, "module.features.14.conv.3": 0.02777777798473835, "module.features.14.conv.6": 0.6000542640686035, "module.features.15.conv.0": 0.645983099937439, "module.features.15.conv.3": 0.06562499701976776, "module.features.15.conv.6": 0.6474153995513916, "module.features.16.conv.0": 0.6093555092811584, "module.features.16.conv.3": 0.09918981045484543, "module.features.16.conv.6": 0.6571224331855774, "module.features.17.conv.0": 0.5391145944595337, "module.features.17.conv.3": 0.004282407462596893, "module.features.17.conv.6": 0.5776269435882568, "module.conv.0": 0.5309887528419495, "module.classifier": 0.0, "_timestamp": 1668076110.2523592, "_runtime": 71959.9476082325, "_step": 72, "t_top1": 55.822855256184404, "t_top5": 78.6994981918531, "t_loss": 1.9345737645454875, "v_top1": 62.6, "v_top5": 84.932, "v_loss": 1.5545807372283935, "sparsity": 0.3795415163040161, "masking_loss": 1.0895530378488092, "module.features.1.conv.0pruning_point": 0.01973315142095089, "module.features.1.conv.3pruning_point": 2.476163864135742, "module.features.2.conv.0pruning_point": 1.7136690616607666, "module.features.2.conv.3pruning_point": 7.872087007854134e-05, "module.features.2.conv.6pruning_point": 1.2912065982818604, "module.features.3.conv.0pruning_point": 1.0185937881469727, "module.features.3.conv.3pruning_point": 9.032285743160173e-05, "module.features.3.conv.6pruning_point": 0.9749147891998291, "module.features.4.conv.0pruning_point": 1.1523325443267822, "module.features.4.conv.3pruning_point": 5.987991244182922e-05, "module.features.4.conv.6pruning_point": 0.9695547819137573, "module.features.5.conv.0pruning_point": 0.7702091932296753, "module.features.5.conv.3pruning_point": 0.000779226771555841, "module.features.5.conv.6pruning_point": 0.7399531006813049, "module.features.6.conv.0pruning_point": 0.7284407615661621, "module.features.6.conv.3pruning_point": 0.000498730456456542, "module.features.6.conv.6pruning_point": 0.718452513217926, "module.features.7.conv.0pruning_point": 0.9096290469169617, "module.features.7.conv.3pruning_point": 0.00013988067803438753, "module.features.7.conv.6pruning_point": 0.6311278939247131, "module.features.8.conv.0pruning_point": 0.4552341401576996, "module.features.8.conv.3pruning_point": 0.003896917449310422, "module.features.8.conv.6pruning_point": 0.4348929226398468, "module.features.9.conv.0pruning_point": 0.41299501061439514, "module.features.9.conv.3pruning_point": 0.004582682158797979, "module.features.9.conv.6pruning_point": 0.4137076139450073, "module.features.10.conv.0pruning_point": 0.39153608679771423, "module.features.10.conv.3pruning_point": 0.003516776254400611, "module.features.10.conv.6pruning_point": 0.41477683186531067, "module.features.11.conv.0pruning_point": 0.47272631525993347, "module.features.11.conv.3pruning_point": 0.017340589314699173, "module.features.11.conv.6pruning_point": 0.3804531395435333, "module.features.12.conv.0pruning_point": 0.2701765298843384, "module.features.12.conv.3pruning_point": 0.0004990108427591622, "module.features.12.conv.6pruning_point": 0.2896805703639984, "module.features.13.conv.0pruning_point": 0.2620059847831726, "module.features.13.conv.3pruning_point": 0.00023990469344425946, "module.features.13.conv.6pruning_point": 0.2892552316188812, "module.features.14.conv.0pruning_point": 0.3504575490951538, "module.features.14.conv.3pruning_point": 5.0763588660629466e-05, "module.features.14.conv.6pruning_point": 0.2692095637321472, "module.features.15.conv.0pruning_point": 0.18578054010868073, "module.features.15.conv.3pruning_point": 9.786704140424263e-06, "module.features.15.conv.6pruning_point": 0.19102193415164948, "module.features.16.conv.0pruning_point": 0.1875225305557251, "module.features.16.conv.3pruning_point": 0.00020134838996455073, "module.features.16.conv.6pruning_point": 0.19133400917053223, "module.features.17.conv.0pruning_point": 0.23885485529899597, "module.features.17.conv.3pruning_point": 0.0035360727924853563, "module.features.17.conv.6pruning_point": 0.15412618219852448, "module.conv.0pruning_point": 0.148650124669075, "hard_pruning_sparsity": 0.551785409450531}