{"module.features.0.0": 0.0, "module.features.1.conv.0": 0.4027777910232544, "module.features.1.conv.3": 0.341796875, "module.features.2.conv.0": 0.1048177108168602, "module.features.2.conv.3": 0.0486111119389534, "module.features.2.conv.6": 0.0733506977558136, "module.features.3.conv.0": 0.11255787312984467, "module.features.3.conv.3": 0.07484567910432816, "module.features.3.conv.6": 0.102430559694767, "module.features.4.conv.0": 0.08796296268701553, "module.features.4.conv.3": 0.0069444444961845875, "module.features.4.conv.6": 0.0601128488779068, "module.features.5.conv.0": 0.9104818105697632, "module.features.5.conv.3": 0.08912037312984467, "module.features.5.conv.6": 0.11962890625, "module.features.6.conv.0": 0.1178385466337204, "module.features.6.conv.3": 0.10532407462596893, "module.features.6.conv.6": 0.9920247793197632, "module.features.7.conv.0": 0.0721028670668602, "module.features.7.conv.3": 0.013888888992369175, "module.features.7.conv.6": 0.0603841170668602, "module.features.8.conv.0": 0.9913737177848816, "module.features.8.conv.3": 0.12008102238178253, "module.features.8.conv.6": 0.9930013418197632, "module.features.9.conv.0": 0.997314453125, "module.features.9.conv.3": 0.16001157462596893, "module.features.9.conv.6": 0.9939779043197632, "module.features.10.conv.0": 0.9984537959098816, "module.features.10.conv.3": 0.2013888955116272, "module.features.10.conv.6": 0.9923502802848816, "module.features.11.conv.0": 0.0801188200712204, "module.features.11.conv.3": 0.10706018656492233, "module.features.11.conv.6": 0.137722447514534, "module.features.12.conv.0": 0.9969256520271301, "module.features.12.conv.3": 0.19714505970478058, "module.features.12.conv.6": 0.9924045205116272, "module.features.13.conv.0": 0.9959852695465088, "module.features.13.conv.3": 0.19888117909431458, "module.features.13.conv.6": 0.99267578125, "module.features.14.conv.0": 0.1178385391831398, "module.features.14.conv.3": 0.031057098880410194, "module.features.14.conv.6": 0.1378038227558136, "module.features.15.conv.0": 0.09518229216337204, "module.features.15.conv.3": 0.06851851940155029, "module.features.15.conv.6": 0.9190430045127869, "module.features.16.conv.0": 0.9678515791893005, "module.features.16.conv.3": 0.12418980896472931, "module.features.16.conv.6": 0.9687305092811584, "module.features.17.conv.0": 0.06037760525941849, "module.features.17.conv.3": 0.004282407462596893, "module.features.17.conv.6": 0.07008463889360428, "module.conv.0": 0.0535888671875, "module.classifier": 0.0, "_timestamp": 1667915515.0784483, "_runtime": 4156.511390209198, "_step": 4, "t_top1": 46.37576522027328, "t_top5": 70.754163977002, "t_loss": 2.4412451961871415, "v_top1": 51.354, "v_top5": 75.826, "v_loss": 2.1523275430297852, "sparsity": 0.26560771465301514, "masking_loss": 10.456277013477926, "module.features.1.conv.0pruning_point": 0.06255348771810532, "module.features.1.conv.3pruning_point": 0.03689505159854889, "module.features.2.conv.0pruning_point": 0.011275802738964558, "module.features.2.conv.3pruning_point": 0.00014743726933375, "module.features.2.conv.6pruning_point": 0.005782777909189463, "module.features.3.conv.0pruning_point": 0.0091553945094347, "module.features.3.conv.3pruning_point": 0.001347277662716806, "module.features.3.conv.6pruning_point": 0.007376158144325018, "module.features.4.conv.0pruning_point": 0.008442861028015614, "module.features.4.conv.3pruning_point": 7.775956328259781e-05, "module.features.4.conv.6pruning_point": 0.0013363986508920789, "module.features.5.conv.0pruning_point": 0.20907996594905853, "module.features.5.conv.3pruning_point": 0.0012078224681317806, "module.features.5.conv.6pruning_point": 0.00681995740160346, "module.features.6.conv.0pruning_point": 0.0010609831660985947, "module.features.6.conv.3pruning_point": 0.00017587473848834634, "module.features.6.conv.6pruning_point": 0.5116561055183411, "module.features.7.conv.0pruning_point": 0.002877120627090335, "module.features.7.conv.3pruning_point": 6.525796197820455e-05, "module.features.7.conv.6pruning_point": 0.0009992189006879926, "module.features.8.conv.0pruning_point": 0.17924387753009796, "module.features.8.conv.3pruning_point": 0.00022782001178711653, "module.features.8.conv.6pruning_point": 0.2893834412097931, "module.features.9.conv.0pruning_point": 0.20510222017765045, "module.features.9.conv.3pruning_point": 0.0009510910022072494, "module.features.9.conv.6pruning_point": 0.24000035226345062, "module.features.10.conv.0pruning_point": 0.22367292642593384, "module.features.10.conv.3pruning_point": 0.0001571819739183411, "module.features.10.conv.6pruning_point": 0.15435844659805298, "module.features.11.conv.0pruning_point": 0.003051083767786622, "module.features.11.conv.3pruning_point": 0.00766307208687067, "module.features.11.conv.6pruning_point": 0.010018212720751762, "module.features.12.conv.0pruning_point": 0.17672483623027802, "module.features.12.conv.3pruning_point": 0.0024720614310353994, "module.features.12.conv.6pruning_point": 0.14473237097263336, "module.features.13.conv.0pruning_point": 0.16396453976631165, "module.features.13.conv.3pruning_point": 0.0017830446595326066, "module.features.13.conv.6pruning_point": 0.1706511676311493, "module.features.14.conv.0pruning_point": 0.004951254464685917, "module.features.14.conv.3pruning_point": 0.0, "module.features.14.conv.6pruning_point": 0.007211209274828434, "module.features.15.conv.0pruning_point": 0.000290427211439237, "module.features.15.conv.3pruning_point": 0.0, "module.features.15.conv.6pruning_point": 0.10983014851808548, "module.features.16.conv.0pruning_point": 0.08857110887765884, "module.features.16.conv.3pruning_point": 0.002658700803294778, "module.features.16.conv.6pruning_point": 0.11501161754131317, "module.features.17.conv.0pruning_point": 0.0002105885505443439, "module.features.17.conv.3pruning_point": 0.0, "module.features.17.conv.6pruning_point": 0.0010290091158822179, "module.conv.0pruning_point": 0.0, "hard_pruning_sparsity": 0.26677754521369934}