{"module.features.0.0": 0.0, "module.features.1.conv.0": 0.3958333432674408, "module.features.1.conv.3": 0.37890625, "module.features.2.conv.0": 0.1477864682674408, "module.features.2.conv.3": 0.04976851865649223, "module.features.2.conv.6": 0.0859375, "module.features.3.conv.0": 0.0998263880610466, "module.features.3.conv.3": 0.0694444477558136, "module.features.3.conv.6": 0.08969907462596893, "module.features.4.conv.0": 0.10214120149612427, "module.features.4.conv.3": 0.013888888992369175, "module.features.4.conv.6": 0.0724826380610466, "module.features.5.conv.0": 0.1057942733168602, "module.features.5.conv.3": 0.08969907462596893, "module.features.5.conv.6": 0.7722982168197632, "module.features.6.conv.0": 0.1153971403837204, "module.features.6.conv.3": 0.10474537312984467, "module.features.6.conv.6": 0.806640625, "module.features.7.conv.0": 0.0634765625, "module.features.7.conv.3": 0.010995370335876942, "module.features.7.conv.6": 0.0572916679084301, "module.features.8.conv.0": 0.8856608271598816, "module.features.8.conv.3": 0.13570602238178253, "module.features.8.conv.6": 0.8597412109375, "module.features.9.conv.0": 0.9527181386947632, "module.features.9.conv.3": 0.18084490299224854, "module.features.9.conv.6": 0.9410807490348816, "module.features.10.conv.0": 0.9768473505973816, "module.features.10.conv.3": 0.204861119389534, "module.features.10.conv.6": 0.9750570058822632, "module.features.11.conv.0": 0.0810953825712204, "module.features.11.conv.3": 0.13425925374031067, "module.features.11.conv.6": 0.1285264790058136, "module.features.12.conv.0": 0.9162326455116272, "module.features.12.conv.3": 0.1844135820865631, "module.features.12.conv.6": 0.9181134104728699, "module.features.13.conv.0": 0.9494538307189941, "module.features.13.conv.3": 0.21141976118087769, "module.features.13.conv.6": 0.9519133567810059, "module.features.14.conv.0": 0.4957682192325592, "module.features.14.conv.3": 0.029706791043281555, "module.features.14.conv.6": 0.12509766221046448, "module.features.15.conv.0": 0.09730468690395355, "module.features.15.conv.3": 0.06481481343507767, "module.features.15.conv.6": 0.6123698353767395, "module.features.16.conv.0": 0.6062695384025574, "module.features.16.conv.3": 0.10775462538003922, "module.features.16.conv.6": 0.6219270825386047, "module.features.17.conv.0": 0.05582031235098839, "module.features.17.conv.3": 0.004513888619840145, "module.features.17.conv.6": 0.06881510466337204, "module.conv.0": 0.05191406235098839, "module.classifier": 0.0, "_timestamp": 1667915456.7700093, "_runtime": 11269.09155035019, "_step": 12, "t_top1": 55.10835043362809, "t_top5": 78.09668840983404, "t_loss": 1.9684972918476775, "v_top1": 61.506, "v_top5": 83.744, "v_loss": 1.6242450270080566, "sparsity": 0.21875375509262085, "masking_loss": 9.232422047326807, "module.features.1.conv.0pruning_point": 0.10991296172142029, "module.features.1.conv.3pruning_point": 0.06040197238326073, "module.features.2.conv.0pruning_point": 0.028238946571946144, "module.features.2.conv.3pruning_point": 0.0004977466305717826, "module.features.2.conv.6pruning_point": 0.013359195552766323, "module.features.3.conv.0pruning_point": 0.009562958963215351, "module.features.3.conv.3pruning_point": 0.003071857849135995, "module.features.3.conv.6pruning_point": 0.007107935845851898, "module.features.4.conv.0pruning_point": 0.01745774783194065, "module.features.4.conv.3pruning_point": 0.00018505955813452601, "module.features.4.conv.6pruning_point": 0.004105600994080305, "module.features.5.conv.0pruning_point": 0.0038551019970327616, "module.features.5.conv.3pruning_point": 0.00101780379191041, "module.features.5.conv.6pruning_point": 0.1058272197842598, "module.features.6.conv.0pruning_point": 0.0016376236453652382, "module.features.6.conv.3pruning_point": 0.0006513380794785917, "module.features.6.conv.6pruning_point": 0.10335014760494232, "module.features.7.conv.0pruning_point": 0.004455448128283024, "module.features.7.conv.3pruning_point": 7.459500193363056e-05, "module.features.7.conv.6pruning_point": 0.0013919115299358964, "module.features.8.conv.0pruning_point": 0.08038330078125, "module.features.8.conv.3pruning_point": 0.0036725562531501055, "module.features.8.conv.6pruning_point": 0.08059307932853699, "module.features.9.conv.0pruning_point": 0.1059982106089592, "module.features.9.conv.3pruning_point": 0.0037830444052815437, "module.features.9.conv.6pruning_point": 0.09913555532693863, "module.features.10.conv.0pruning_point": 0.09968309849500656, "module.features.10.conv.3pruning_point": 0.0008129445486702025, "module.features.10.conv.6pruning_point": 0.0995512381196022, "module.features.11.conv.0pruning_point": 0.004583477508276701, "module.features.11.conv.3pruning_point": 0.02198600582778454, "module.features.11.conv.6pruning_point": 0.010407580994069576, "module.features.12.conv.0pruning_point": 0.07496290653944016, "module.features.12.conv.3pruning_point": 0.0013841316103935242, "module.features.12.conv.6pruning_point": 0.082461416721344, "module.features.13.conv.0pruning_point": 0.09007693082094193, "module.features.13.conv.3pruning_point": 0.002913844306021929, "module.features.13.conv.6pruning_point": 0.09878000617027283, "module.features.14.conv.0pruning_point": 0.05882551893591881, "module.features.14.conv.3pruning_point": 0.0, "module.features.14.conv.6pruning_point": 0.00726834824308753, "module.features.15.conv.0pruning_point": 0.0008024760172702372, "module.features.15.conv.3pruning_point": 7.908811676315963e-05, "module.features.15.conv.6pruning_point": 0.045001450926065445, "module.features.16.conv.0pruning_point": 0.044590387493371964, "module.features.16.conv.3pruning_point": 0.0010034177685156465, "module.features.16.conv.6pruning_point": 0.04370160773396492, "module.features.17.conv.0pruning_point": 0.00017322190979029983, "module.features.17.conv.3pruning_point": 1.4433149431170023e-07, "module.features.17.conv.6pruning_point": 0.0012557362206280231, "module.conv.0pruning_point": 0.00013224651047494262, "hard_pruning_sparsity": 0.2331884652376175}