{"module.features.1.conv.0": 0.1388888955116272, "module.features.1.conv.3": 0.345703125, "module.features.2.conv.0": 0.083984375, "module.features.2.conv.3": 0.08796296268701553, "module.features.2.conv.6": 0.0941840261220932, "module.features.3.conv.0": 0.11429398506879807, "module.features.3.conv.3": 0.05478395149111748, "module.features.3.conv.6": 0.1111111119389534, "module.features.4.conv.0": 0.08275462687015533, "module.features.4.conv.3": 0.027006173506379128, "module.features.4.conv.6": 0.0935329869389534, "module.features.5.conv.0": 0.1077473983168602, "module.features.5.conv.3": 0.05960648134350777, "module.features.5.conv.6": 0.1240234375, "module.features.6.conv.0": 0.1124674528837204, "module.features.6.conv.3": 0.05671296268701553, "module.features.6.conv.6": 0.1359049528837204, "module.features.7.conv.0": 0.0763346403837204, "module.features.7.conv.3": 0.02777777798473835, "module.features.7.conv.6": 0.081787109375, "module.features.8.conv.0": 0.1456705778837204, "module.features.8.conv.3": 0.05787036940455437, "module.features.8.conv.6": 0.1542154997587204, "module.features.9.conv.0": 0.1383870542049408, "module.features.9.conv.3": 0.056134261190891266, "module.features.9.conv.6": 0.1866862028837204, "module.features.10.conv.0": 0.1421712338924408, "module.features.10.conv.3": 0.05873842537403107, "module.features.10.conv.6": 0.2319742888212204, "module.features.11.conv.0": 0.0865478515625, "module.features.11.conv.3": 0.05005786940455437, "module.features.11.conv.6": 0.1149088516831398, "module.features.12.conv.0": 0.27032697200775146, "module.features.12.conv.3": 0.0538194440305233, "module.features.12.conv.6": 0.48857060074806213, "module.features.13.conv.0": 0.3099500834941864, "module.features.13.conv.3": 0.05459104850888252, "module.features.13.conv.6": 0.6463035345077515, "module.features.14.conv.0": 0.14945022761821747, "module.features.14.conv.3": 0.04938271641731262, "module.features.14.conv.6": 0.330620676279068, "module.features.15.conv.0": 0.8337695598602295, "module.features.15.conv.3": 0.07905092090368271, "module.features.15.conv.6": 0.8717904090881348, "module.features.16.conv.0": 0.8949934840202332, "module.features.16.conv.3": 0.08287037163972855, "module.features.16.conv.6": 0.923912763595581, "module.features.17.conv.0": 0.45895183086395264, "module.features.17.conv.3": 0.07361111044883728, "module.features.17.conv.6": 0.8016439080238342, "module.conv.0": 0.7799780368804932, "block_sparsity": 0.6009806394577026, "_timestamp": 1668172334.443262, "_runtime": 3161.272444009781, "_step": 140, "t_top1": 98.636, "t_top5": 100.0, "t_loss": 0.03929976115643978, "v_top1": 90.26, "v_top5": 99.56, "v_loss": 0.4386012311935425, "sparsity": 0.6179489493370056, "masking_loss": 0.37647320764541625, "module.features.1.conv.0pruning_point": 0.008315332233905792, "module.features.1.conv.3pruning_point": 0.05147326737642288, "module.features.2.conv.0pruning_point": 0.007019610144197941, "module.features.2.conv.3pruning_point": 0.0011629181681200862, "module.features.2.conv.6pruning_point": 0.008879810571670532, "module.features.3.conv.0pruning_point": 0.010065434500575066, "module.features.3.conv.3pruning_point": 0.0006257615168578923, "module.features.3.conv.6pruning_point": 0.009721626527607441, "module.features.4.conv.0pruning_point": 0.006216536741703749, "module.features.4.conv.3pruning_point": 0.0, "module.features.4.conv.6pruning_point": 0.00715117109939456, "module.features.5.conv.0pruning_point": 0.007144431583583355, "module.features.5.conv.3pruning_point": 9.19745143619366e-05, "module.features.5.conv.6pruning_point": 0.009031854569911957, "module.features.6.conv.0pruning_point": 0.008145994506776333, "module.features.6.conv.3pruning_point": 0.00017146169557236135, "module.features.6.conv.6pruning_point": 0.0095781609416008, "module.features.7.conv.0pruning_point": 0.0031543278601020575, "module.features.7.conv.3pruning_point": 1.39961148306611e-05, "module.features.7.conv.6pruning_point": 0.0037936968728899956, "module.features.8.conv.0pruning_point": 0.008065199479460716, "module.features.8.conv.3pruning_point": 1.563316436659079e-05, "module.features.8.conv.6pruning_point": 0.008386960253119469, "module.features.9.conv.0pruning_point": 0.007675133645534515, "module.features.9.conv.3pruning_point": 0.00016140991647262126, "module.features.9.conv.6pruning_point": 0.010286726988852024, "module.features.10.conv.0pruning_point": 0.0074520655907690525, "module.features.10.conv.3pruning_point": 7.094988541211933e-05, "module.features.10.conv.6pruning_point": 0.012780401855707169, "module.features.11.conv.0pruning_point": 0.0033880635164678097, "module.features.11.conv.3pruning_point": 1.812485970731359e-05, "module.features.11.conv.6pruning_point": 0.005001822020858526, "module.features.12.conv.0pruning_point": 0.011964474804699421, "module.features.12.conv.3pruning_point": 3.387042670510709e-05, "module.features.12.conv.6pruning_point": 0.022621257230639458, "module.features.13.conv.0pruning_point": 0.013125968165695667, "module.features.13.conv.3pruning_point": 6.865969044156373e-05, "module.features.13.conv.6pruning_point": 0.030660247430205345, "module.features.14.conv.0pruning_point": 0.00671840226277709, "module.features.14.conv.3pruning_point": 1.857191455201246e-05, "module.features.14.conv.6pruning_point": 0.013448829762637615, "module.features.15.conv.0pruning_point": 0.026172759011387825, "module.features.15.conv.3pruning_point": 7.84357325755991e-06, "module.features.15.conv.6pruning_point": 0.027468174695968628, "module.features.16.conv.0pruning_point": 0.02694682590663433, "module.features.16.conv.3pruning_point": 1.734206762193935e-06, "module.features.16.conv.6pruning_point": 0.028133971616625786, "module.features.17.conv.0pruning_point": 0.01640290394425392, "module.features.17.conv.3pruning_point": 0.0, "module.features.17.conv.6pruning_point": 0.022496765479445457, "module.conv.0pruning_point": 0.016480838879942894, "hard_pruning_sparsity": 0.7007994055747986}