{"module.features.1.conv.0": 0.1458333283662796, "module.features.1.conv.3": 0.357421875, "module.features.2.conv.0": 0.0891927108168602, "module.features.2.conv.3": 0.08796296268701553, "module.features.2.conv.6": 0.0993923619389534, "module.features.3.conv.0": 0.1163194477558136, "module.features.3.conv.3": 0.0555555559694767, "module.features.3.conv.6": 0.1128472238779068, "module.features.4.conv.0": 0.0850694477558136, "module.features.4.conv.3": 0.028549382463097572, "module.features.4.conv.6": 0.095703125, "module.features.5.conv.0": 0.1101888045668602, "module.features.5.conv.3": 0.05787036940455437, "module.features.5.conv.6": 0.1277669370174408, "module.features.6.conv.0": 0.1134440153837204, "module.features.6.conv.3": 0.05787036940455437, "module.features.6.conv.6": 0.1399739682674408, "module.features.7.conv.0": 0.0760091170668602, "module.features.7.conv.3": 0.028935184702277184, "module.features.7.conv.6": 0.0829264372587204, "module.features.8.conv.0": 0.1497395932674408, "module.features.8.conv.3": 0.0546875, "module.features.8.conv.6": 0.1578369140625, "module.features.9.conv.0": 0.1413167417049408, "module.features.9.conv.3": 0.056134261190891266, "module.features.9.conv.6": 0.19287109375, "module.features.10.conv.0": 0.1461181640625, "module.features.10.conv.3": 0.05931713059544563, "module.features.10.conv.6": 0.2411295622587204, "module.features.11.conv.0": 0.0874837264418602, "module.features.11.conv.3": 0.05063657462596893, "module.features.11.conv.6": 0.1174587681889534, "module.features.12.conv.0": 0.28262442350387573, "module.features.12.conv.3": 0.05246913433074951, "module.features.12.conv.6": 0.5145218372344971, "module.features.13.conv.0": 0.3255750834941864, "module.features.13.conv.3": 0.054976850748062134, "module.features.13.conv.6": 0.6643880009651184, "module.features.14.conv.0": 0.15322989225387573, "module.features.14.conv.3": 0.04899691417813301, "module.features.14.conv.6": 0.3489041030406952, "module.features.15.conv.0": 0.8347135782241821, "module.features.15.conv.3": 0.07939814776182175, "module.features.15.conv.6": 0.8745573163032532, "module.features.16.conv.0": 0.8972851634025574, "module.features.16.conv.3": 0.08252314478158951, "module.features.16.conv.6": 0.9266080856323242, "module.features.17.conv.0": 0.49155598878860474, "module.features.17.conv.3": 0.07361111044883728, "module.features.17.conv.6": 0.8033854365348816, "module.conv.0": 0.7794726490974426, "block_sparsity": 0.60924232006073, "_timestamp": 1668172516.5783074, "_runtime": 3343.407489299774, "_step": 148, "t_top1": 98.576, "t_top5": 100.0, "t_loss": 0.03811413061499595, "v_top1": 90.03, "v_top5": 99.54, "v_loss": 0.43465632865428927, "sparsity": 0.6241287589073181, "masking_loss": 0.37412116276741025, "module.features.1.conv.0pruning_point": 0.00857489462941885, "module.features.1.conv.3pruning_point": 0.0530070923268795, "module.features.2.conv.0pruning_point": 0.007500525563955307, "module.features.2.conv.3pruning_point": 0.001197494682855904, "module.features.2.conv.6pruning_point": 0.009092036634683609, "module.features.3.conv.0pruning_point": 0.010465975850820541, "module.features.3.conv.3pruning_point": 0.0005521051352843642, "module.features.3.conv.6pruning_point": 0.010311516001820564, "module.features.4.conv.0pruning_point": 0.006592280231416225, "module.features.4.conv.3pruning_point": 5.215871351538226e-05, "module.features.4.conv.6pruning_point": 0.007496244739741087, "module.features.5.conv.0pruning_point": 0.007576063275337219, "module.features.5.conv.3pruning_point": 3.482244210317731e-05, "module.features.5.conv.6pruning_point": 0.009518963284790516, "module.features.6.conv.0pruning_point": 0.008448050357401371, "module.features.6.conv.3pruning_point": 7.560013909824193e-05, "module.features.6.conv.6pruning_point": 0.010103226639330387, "module.features.7.conv.0pruning_point": 0.0033005031291395426, "module.features.7.conv.3pruning_point": 2.365566251683049e-05, "module.features.7.conv.6pruning_point": 0.004089426714926958, "module.features.8.conv.0pruning_point": 0.00848282128572464, "module.features.8.conv.3pruning_point": 0.00011855139018734917, "module.features.8.conv.6pruning_point": 0.008756116963922977, "module.features.9.conv.0pruning_point": 0.007959907874464989, "module.features.9.conv.3pruning_point": 0.00011320399062242359, "module.features.9.conv.6pruning_point": 0.010775926522910595, "module.features.10.conv.0pruning_point": 0.007741177454590797, "module.features.10.conv.3pruning_point": 0.00010561421368038282, "module.features.10.conv.6pruning_point": 0.013502932153642178, "module.features.11.conv.0pruning_point": 0.003458549967035651, "module.features.11.conv.3pruning_point": 4.437878669705242e-05, "module.features.11.conv.6pruning_point": 0.005252528004348278, "module.features.12.conv.0pruning_point": 0.012655462138354778, "module.features.12.conv.3pruning_point": 1.132623219746165e-05, "module.features.12.conv.6pruning_point": 0.024320397526025772, "module.features.13.conv.0pruning_point": 0.014049310237169266, "module.features.13.conv.3pruning_point": 0.0, "module.features.13.conv.6pruning_point": 0.03213172033429146, "module.features.14.conv.0pruning_point": 0.00703034782782197, "module.features.14.conv.3pruning_point": 8.803612217889167e-06, "module.features.14.conv.6pruning_point": 0.014497416093945503, "module.features.15.conv.0pruning_point": 0.026403943076729774, "module.features.15.conv.3pruning_point": 3.6665649076894624e-06, "module.features.15.conv.6pruning_point": 0.02784701995551586, "module.features.16.conv.0pruning_point": 0.027360420674085617, "module.features.16.conv.3pruning_point": 4.630613602785161e-06, "module.features.16.conv.6pruning_point": 0.028620794415473938, "module.features.17.conv.0pruning_point": 0.0180047657340765, "module.features.17.conv.3pruning_point": 4.485507361096097e-06, "module.features.17.conv.6pruning_point": 0.022678039968013763, "module.conv.0pruning_point": 0.01653755083680153, "hard_pruning_sparsity": 0.7082437872886658}