{"module.features.0.0": 0.0, "module.features.1.conv.0": 0.3263888955116272, "module.features.1.conv.3": 0.755859375, "module.features.2.conv.0": 0.6451823115348816, "module.features.2.conv.3": 0.03356481343507767, "module.features.2.conv.6": 0.6354166865348816, "module.features.3.conv.0": 0.6565393805503845, "module.features.3.conv.3": 0.06790123879909515, "module.features.3.conv.6": 0.6600115895271301, "module.features.4.conv.0": 0.5894097089767456, "module.features.4.conv.3": 0.013117283582687378, "module.features.4.conv.6": 0.6089409589767456, "module.features.5.conv.0": 0.7119140625, "module.features.5.conv.3": 0.08796296268701553, "module.features.5.conv.6": 0.6726888418197632, "module.features.6.conv.0": 0.6695963740348816, "module.features.6.conv.3": 0.102430559694767, "module.features.6.conv.6": 0.6917318105697632, "module.features.7.conv.0": 0.5927734375, "module.features.7.conv.3": 0.012731481343507767, "module.features.7.conv.6": 0.66064453125, "module.features.8.conv.0": 0.7808024287223816, "module.features.8.conv.3": 0.1302083283662796, "module.features.8.conv.6": 0.7660726308822632, "module.features.9.conv.0": 0.7384440302848816, "module.features.9.conv.3": 0.18373842537403107, "module.features.9.conv.6": 0.7738851308822632, "module.features.10.conv.0": 0.71728515625, "module.features.10.conv.3": 0.21498842537403107, "module.features.10.conv.6": 0.7977294921875, "module.features.11.conv.0": 0.615966796875, "module.features.11.conv.3": 0.12123842537403107, "module.features.11.conv.6": 0.6419270634651184, "module.features.12.conv.0": 0.6934136152267456, "module.features.12.conv.3": 0.17862653732299805, "module.features.12.conv.6": 0.711534321308136, "module.features.13.conv.0": 0.635850727558136, "module.features.13.conv.3": 0.17804783582687378, "module.features.13.conv.6": 0.7153139710426331, "module.features.14.conv.0": 0.5629702210426331, "module.features.14.conv.3": 0.02739197574555874, "module.features.14.conv.6": 0.5896267294883728, "module.features.15.conv.0": 0.6386849284172058, "module.features.15.conv.3": 0.06435184925794601, "module.features.15.conv.6": 0.6381380558013916, "module.features.16.conv.0": 0.604270875453949, "module.features.16.conv.3": 0.10636574029922485, "module.features.16.conv.6": 0.6481184959411621, "module.features.17.conv.0": 0.5280208587646484, "module.features.17.conv.3": 0.005092592444270849, "module.features.17.conv.6": 0.566601574420929, "module.conv.0": 0.5216943025588989, "module.classifier": 0.0, "_timestamp": 1668076121.9118543, "_runtime": 72004.23233032227, "_step": 72, "t_top1": 55.760958563529854, "t_top5": 78.6701499491962, "t_loss": 1.9363519911668103, "v_top1": 62.726, "v_top5": 84.98, "v_loss": 1.5467931044769287, "sparsity": 0.37282952666282654, "masking_loss": 0.9818235215307771, "module.features.1.conv.0pruning_point": 0.013079258613288403, "module.features.1.conv.3pruning_point": 2.4439024925231934, "module.features.2.conv.0pruning_point": 1.4988923072814941, "module.features.2.conv.3pruning_point": 0.000157759350258857, "module.features.2.conv.6pruning_point": 1.1802923679351807, "module.features.3.conv.0pruning_point": 0.9607512950897217, "module.features.3.conv.3pruning_point": 0.00047878007171675563, "module.features.3.conv.6pruning_point": 0.9183661341667175, "module.features.4.conv.0pruning_point": 1.0897941589355469, "module.features.4.conv.3pruning_point": 7.889964035712183e-05, "module.features.4.conv.6pruning_point": 0.912198007106781, "module.features.5.conv.0pruning_point": 0.7257031798362732, "module.features.5.conv.3pruning_point": 0.00047986648860387504, "module.features.5.conv.6pruning_point": 0.6943830251693726, "module.features.6.conv.0pruning_point": 0.68586665391922, "module.features.6.conv.3pruning_point": 0.0005890047177672386, "module.features.6.conv.6pruning_point": 0.6861739158630371, "module.features.7.conv.0pruning_point": 0.865294337272644, "module.features.7.conv.3pruning_point": 0.00030345478444360197, "module.features.7.conv.6pruning_point": 0.5840722322463989, "module.features.8.conv.0pruning_point": 0.4118220806121826, "module.features.8.conv.3pruning_point": 0.0027931989170610905, "module.features.8.conv.6pruning_point": 0.39691033959388733, "module.features.9.conv.0pruning_point": 0.37458744645118713, "module.features.9.conv.3pruning_point": 0.004903406836092472, "module.features.9.conv.6pruning_point": 0.3807229995727539, "module.features.10.conv.0pruning_point": 0.3594503402709961, "module.features.10.conv.3pruning_point": 0.003264480037614703, "module.features.10.conv.6pruning_point": 0.379084050655365, "module.features.11.conv.0pruning_point": 0.44950658082962036, "module.features.11.conv.3pruning_point": 0.016661372035741806, "module.features.11.conv.6pruning_point": 0.36043810844421387, "module.features.12.conv.0pruning_point": 0.250448077917099, "module.features.12.conv.3pruning_point": 0.0010280010756105185, "module.features.12.conv.6pruning_point": 0.2701435983181, "module.features.13.conv.0pruning_point": 0.24437108635902405, "module.features.13.conv.3pruning_point": 0.000246731739025563, "module.features.13.conv.6pruning_point": 0.26951864361763, "module.features.14.conv.0pruning_point": 0.33450955152511597, "module.features.14.conv.3pruning_point": 1.1745401025109459e-05, "module.features.14.conv.6pruning_point": 0.254528671503067, "module.features.15.conv.0pruning_point": 0.17629806697368622, "module.features.15.conv.3pruning_point": 3.685608362502535e-06, "module.features.15.conv.6pruning_point": 0.18150219321250916, "module.features.16.conv.0pruning_point": 0.17848898470401764, "module.features.16.conv.3pruning_point": 0.001016101217828691, "module.features.16.conv.6pruning_point": 0.18070217967033386, "module.features.17.conv.0pruning_point": 0.21786700189113617, "module.features.17.conv.3pruning_point": 0.003297655377537012, "module.features.17.conv.6pruning_point": 0.1420561969280243, "module.conv.0pruning_point": 0.13416267931461334, "hard_pruning_sparsity": 0.5424657464027405}