{"module.features.0.0": 0.0, "module.features.1.conv.0": 0.4340277910232544, "module.features.1.conv.3": 0.34375, "module.features.2.conv.0": 0.0852864608168602, "module.features.2.conv.3": 0.03587963059544563, "module.features.2.conv.6": 0.0941840261220932, "module.features.3.conv.0": 0.0885416641831398, "module.features.3.conv.3": 0.06635802239179611, "module.features.3.conv.6": 0.1432291716337204, "module.features.4.conv.0": 0.09432870149612427, "module.features.4.conv.3": 0.009259259328246117, "module.features.4.conv.6": 0.0581597238779068, "module.features.5.conv.0": 0.0909830778837204, "module.features.5.conv.3": 0.0885416641831398, "module.features.5.conv.6": 0.9532877802848816, "module.features.6.conv.0": 0.115234375, "module.features.6.conv.3": 0.10821759700775146, "module.features.6.conv.6": 0.9733073115348816, "module.features.7.conv.0": 0.0760091170668602, "module.features.7.conv.3": 0.016782406717538834, "module.features.7.conv.6": 0.0576171875, "module.features.8.conv.0": 0.9874674677848816, "module.features.8.conv.3": 0.12789352238178253, "module.features.8.conv.6": 0.9874267578125, "module.features.9.conv.0": 0.9949951171875, "module.features.9.conv.3": 0.1605902761220932, "module.features.9.conv.6": 0.9878336787223816, "module.features.10.conv.0": 0.9976806640625, "module.features.10.conv.3": 0.20543982088565826, "module.features.10.conv.6": 0.9930419921875, "module.features.11.conv.0": 0.0768636092543602, "module.features.11.conv.3": 0.12181712687015533, "module.features.11.conv.6": 0.1181640625, "module.features.12.conv.0": 0.9936342835426331, "module.features.12.conv.3": 0.1857638955116272, "module.features.12.conv.6": 0.9868706464767456, "module.features.13.conv.0": 0.9928566217422485, "module.features.13.conv.3": 0.20640432834625244, "module.features.13.conv.6": 0.9874674677848816, "module.features.14.conv.0": 0.10863353312015533, "module.features.14.conv.3": 0.03163580223917961, "module.features.14.conv.6": 0.12276475876569748, "module.features.15.conv.0": 0.09438151121139526, "module.features.15.conv.3": 0.06724537163972855, "module.features.15.conv.6": 0.85965496301651, "module.features.16.conv.0": 0.38309246301651, "module.features.16.conv.3": 0.11053240299224854, "module.features.16.conv.6": 0.88630211353302, "module.features.17.conv.0": 0.06067708507180214, "module.features.17.conv.3": 0.004976851865649223, "module.features.17.conv.6": 0.0706087276339531, "module.conv.0": 0.05367675796151161, "module.classifier": 0.0, "_timestamp": 1667913620.761188, "_runtime": 4168.096385002136, "_step": 4, "t_top1": 49.16697042616687, "t_top5": 73.23885176561681, "t_loss": 2.285562350033733, "v_top1": 54.508, "v_top5": 78.538, "v_loss": 1.9726497018432618, "sparsity": 0.23229676485061646, "masking_loss": 7.423813455072728, "module.features.1.conv.0pruning_point": 0.07947079092264175, "module.features.1.conv.3pruning_point": 0.02982070855796337, "module.features.2.conv.0pruning_point": 0.007749579381197691, "module.features.2.conv.3pruning_point": 0.0002250360994366929, "module.features.2.conv.6pruning_point": 0.007900530472397804, "module.features.3.conv.0pruning_point": 0.0043778447434306145, "module.features.3.conv.3pruning_point": 0.0011022341204807162, "module.features.3.conv.6pruning_point": 0.017058230936527252, "module.features.4.conv.0pruning_point": 0.007720783352851868, "module.features.4.conv.3pruning_point": 0.00043758266838267446, "module.features.4.conv.6pruning_point": 0.0006867931806482375, "module.features.5.conv.0pruning_point": 0.0021349010057747364, "module.features.5.conv.3pruning_point": 0.0009665478719398379, "module.features.5.conv.6pruning_point": 0.24777215719223022, "module.features.6.conv.0pruning_point": 0.0013226759620010853, "module.features.6.conv.3pruning_point": 0.00034582099760882556, "module.features.6.conv.6pruning_point": 0.34690746665000916, "module.features.7.conv.0pruning_point": 0.0046035791747272015, "module.features.7.conv.3pruning_point": 0.00011560038547031581, "module.features.7.conv.6pruning_point": 0.00047305107000283897, "module.features.8.conv.0pruning_point": 0.16096238791942596, "module.features.8.conv.3pruning_point": 0.0011319591430947185, "module.features.8.conv.6pruning_point": 0.22339704632759094, "module.features.9.conv.0pruning_point": 0.19194065034389496, "module.features.9.conv.3pruning_point": 0.0013677262468263507, "module.features.9.conv.6pruning_point": 0.1752167046070099, "module.features.10.conv.0pruning_point": 0.20194774866104126, "module.features.10.conv.3pruning_point": 0.0008949650800786912, "module.features.10.conv.6pruning_point": 0.14192618429660797, "module.features.11.conv.0pruning_point": 0.002793841063976288, "module.features.11.conv.3pruning_point": 0.010479719378054142, "module.features.11.conv.6pruning_point": 0.007372794672846794, "module.features.12.conv.0pruning_point": 0.1547556221485138, "module.features.12.conv.3pruning_point": 0.0012239888310432434, "module.features.12.conv.6pruning_point": 0.12375631928443909, "module.features.13.conv.0pruning_point": 0.144815132021904, "module.features.13.conv.3pruning_point": 0.0021205663215368986, "module.features.13.conv.6pruning_point": 0.13910914957523346, "module.features.14.conv.0pruning_point": 0.003748691873624921, "module.features.14.conv.3pruning_point": 6.512334948638454e-05, "module.features.14.conv.6pruning_point": 0.005703311413526535, "module.features.15.conv.0pruning_point": 0.0002837744541466236, "module.features.15.conv.3pruning_point": 0.0, "module.features.15.conv.6pruning_point": 0.06624329835176468, "module.features.16.conv.0pruning_point": 0.02047613635659218, "module.features.16.conv.3pruning_point": 0.001275193295441568, "module.features.16.conv.6pruning_point": 0.07982290536165237, "module.features.17.conv.0pruning_point": 0.00019747474289033562, "module.features.17.conv.3pruning_point": 0.0, "module.features.17.conv.6pruning_point": 0.0010144057450816035, "module.conv.0pruning_point": 4.83383955725003e-05, "hard_pruning_sparsity": 0.2342868149280548}