{"module.conv1": 0.0, "module.layer1.0.conv1": 0.9786512851715088, "module.layer1.0.conv2": 0.9576551914215088, "module.layer1.1.conv1": 0.9746636152267456, "module.layer1.1.conv2": 0.9659830927848816, "module.layer2.0.conv1": 0.9397243857383728, "module.layer2.0.conv2": 0.9571872353553772, "module.layer2.0.downsample.0": 0.9822998046875, "module.layer2.1.conv1": 0.96759033203125, "module.layer2.1.conv2": 0.9705471396446228, "module.layer3.0.conv1": 0.9583095908164978, "module.layer3.0.conv2": 0.9514685869216919, "module.layer3.0.downsample.0": 0.99835205078125, "module.layer3.1.conv1": 0.968034565448761, "module.layer3.1.conv2": 0.97100830078125, "module.layer4.0.conv1": 0.9482735395431519, "module.layer4.0.conv2": 0.9519060254096985, "module.layer4.0.downsample.0": 0.9629592895507812, "module.layer4.1.conv1": 0.9354422092437744, "module.layer4.1.conv2": 0.9773195385932922, "module.fc": 0.0, "_timestamp": 1667887283.8959806, "_runtime": 53197.662994623184, "_step": 64, "t_top1": 44.50895160427954, "t_top5": 68.69978699107922, "t_loss": 2.569656187545546, "v_top1": 47.932, "v_top5": 73.13, "v_loss": 2.3246492795562745, "sparsity": 0.9136855602264404, "masking_loss": 0.82025186198337, "module.layer1.0.conv1pruning_point": 0.23967519402503967, "module.layer1.0.conv2pruning_point": 0.04706605151295662, "module.layer1.1.conv1pruning_point": 0.14422354102134705, "module.layer1.1.conv2pruning_point": 0.0736384317278862, "module.layer2.0.conv1pruning_point": 0.06939974427223206, "module.layer2.0.conv2pruning_point": 0.05133691802620888, "module.layer2.0.downsample.0pruning_point": 0.2754683792591095, "module.layer2.1.conv1pruning_point": 0.053480781614780426, "module.layer2.1.conv2pruning_point": 0.03430236503481865, "module.layer3.0.conv1pruning_point": 0.045264266431331635, "module.layer3.0.conv2pruning_point": 0.024184513837099075, "module.layer3.0.downsample.0pruning_point": 0.10529628396034241, "module.layer3.1.conv1pruning_point": 0.019201120361685753, "module.layer3.1.conv2pruning_point": 0.018370863050222397, "module.layer4.0.conv1pruning_point": 0.015070464462041855, "module.layer4.0.conv2pruning_point": 0.012560032308101654, "module.layer4.0.downsample.0pruning_point": 0.03228744491934776, "module.layer4.1.conv1pruning_point": 0.01227080263197422, "module.layer4.1.conv2pruning_point": 0.037896350026130676, "hard_pruning_sparsity": 0.9154557585716248, "_wandb": {"runtime": 55494}}