{"module.features.0.0": 0.0, "module.features.1.conv.0": 0.3402777910232544, "module.features.1.conv.3": 0.728515625, "module.features.2.conv.0": 0.6822916865348816, "module.features.2.conv.3": 0.040509261190891266, "module.features.2.conv.6": 0.6497395634651184, "module.features.3.conv.0": 0.6906828880310059, "module.features.3.conv.3": 0.06790123879909515, "module.features.3.conv.6": 0.6744791865348816, "module.features.4.conv.0": 0.6108217835426331, "module.features.4.conv.3": 0.010802469216287136, "module.features.4.conv.6": 0.6293402910232544, "module.features.5.conv.0": 0.7443034052848816, "module.features.5.conv.3": 0.07928241044282913, "module.features.5.conv.6": 0.6901041865348816, "module.features.6.conv.0": 0.68359375, "module.features.6.conv.3": 0.10648148506879807, "module.features.6.conv.6": 0.6930338740348816, "module.features.7.conv.0": 0.5966796875, "module.features.7.conv.3": 0.010416666977107525, "module.features.7.conv.6": 0.6563314199447632, "module.features.8.conv.0": 0.7782389521598816, "module.features.8.conv.3": 0.1284722238779068, "module.features.8.conv.6": 0.7753499746322632, "module.features.9.conv.0": 0.7454020380973816, "module.features.9.conv.3": 0.1788194477558136, "module.features.9.conv.6": 0.7777913808822632, "module.features.10.conv.0": 0.733642578125, "module.features.10.conv.3": 0.22511574625968933, "module.features.10.conv.6": 0.81298828125, "module.features.11.conv.0": 0.6252034902572632, "module.features.11.conv.3": 0.12702547013759613, "module.features.11.conv.6": 0.6463758945465088, "module.features.12.conv.0": 0.7084780335426331, "module.features.12.conv.3": 0.1774691343307495, "module.features.12.conv.6": 0.7351707220077515, "module.features.13.conv.0": 0.6689091324806213, "module.features.13.conv.3": 0.18653549253940582, "module.features.13.conv.6": 0.7360930442810059, "module.features.14.conv.0": 0.5718497037887573, "module.features.14.conv.3": 0.027584876865148544, "module.features.14.conv.6": 0.5907769203186035, "module.features.15.conv.0": 0.652122437953949, "module.features.15.conv.3": 0.06516203284263611, "module.features.15.conv.6": 0.6547526121139526, "module.features.16.conv.0": 0.6220508217811584, "module.features.16.conv.3": 0.1024305522441864, "module.features.16.conv.6": 0.6631445288658142, "module.features.17.conv.0": 0.48326823115348816, "module.features.17.conv.3": 0.00486111082136631, "module.features.17.conv.6": 0.5385124087333679, "module.conv.0": 0.4836083948612213, "module.classifier": 0.0, "_timestamp": 1668000821, "_runtime": 23196, "_step": 20, "t_top1": 51.635735232004045, "t_top5": 75.38978134772728, "t_loss": 2.1489005635429996, "v_top1": 57.802, "v_top5": 81.608, "v_loss": 1.785025758743286, "sparsity": 0.3689923882484436, "masking_loss": 1.0212192599058787, "module.features.1.conv.0pruning_point": 0.01102444063872099, "module.features.1.conv.3pruning_point": 1.4476827383041382, "module.features.2.conv.0pruning_point": 1.0264662504196167, "module.features.2.conv.3pruning_point": 0.0, "module.features.2.conv.6pruning_point": 0.8048692345619202, "module.features.3.conv.0pruning_point": 0.6434667110443115, "module.features.3.conv.3pruning_point": 0.0002794238389469683, "module.features.3.conv.6pruning_point": 0.6361977458000183, "module.features.4.conv.0pruning_point": 0.7329148054122925, "module.features.4.conv.3pruning_point": 0.0002247923257527873, "module.features.4.conv.6pruning_point": 0.614702045917511, "module.features.5.conv.0pruning_point": 0.4898049533367157, "module.features.5.conv.3pruning_point": 0.00027399222017265856, "module.features.5.conv.6pruning_point": 0.469361275434494, "module.features.6.conv.0pruning_point": 0.4643746018409729, "module.features.6.conv.3pruning_point": 2.3063690605340526e-05, "module.features.6.conv.6pruning_point": 0.4686735272407532, "module.features.7.conv.0pruning_point": 0.5752463340759277, "module.features.7.conv.3pruning_point": 0.0, "module.features.7.conv.6pruning_point": 0.3996298611164093, "module.features.8.conv.0pruning_point": 0.2766616940498352, "module.features.8.conv.3pruning_point": 0.003191474825143814, "module.features.8.conv.6pruning_point": 0.2738301753997803, "module.features.9.conv.0pruning_point": 0.25909966230392456, "module.features.9.conv.3pruning_point": 0.0029572308994829655, "module.features.9.conv.6pruning_point": 0.26147472858428955, "module.features.10.conv.0pruning_point": 0.24941833317279816, "module.features.10.conv.3pruning_point": 0.004088276997208595, "module.features.10.conv.6pruning_point": 0.2623745799064636, "module.features.11.conv.0pruning_point": 0.3045414090156555, "module.features.11.conv.3pruning_point": 0.013399801217019558, "module.features.11.conv.6pruning_point": 0.24567000567913055, "module.features.12.conv.0pruning_point": 0.17592981457710266, "module.features.12.conv.3pruning_point": 0.0009533683187328279, "module.features.12.conv.6pruning_point": 0.188594251871109, "module.features.13.conv.0pruning_point": 0.1720864474773407, "module.features.13.conv.3pruning_point": 0.00039312560693360865, "module.features.13.conv.6pruning_point": 0.18808862566947937, "module.features.14.conv.0pruning_point": 0.20875409245491028, "module.features.14.conv.3pruning_point": 0.00010618217493174598, "module.features.14.conv.6pruning_point": 0.15689025819301605, "module.features.15.conv.0pruning_point": 0.12301012128591537, "module.features.15.conv.3pruning_point": 0.0, "module.features.15.conv.6pruning_point": 0.12399910390377045, "module.features.16.conv.0pruning_point": 0.11961585283279419, "module.features.16.conv.3pruning_point": 0.0004424580547492951, "module.features.16.conv.6pruning_point": 0.123082734644413, "module.features.17.conv.0pruning_point": 0.0780704990029335, "module.features.17.conv.3pruning_point": 0.0007251928909681737, "module.features.17.conv.6pruning_point": 0.07473808526992798, "module.conv.0pruning_point": 0.05385877192020416, "hard_pruning_sparsity": 0.4944171905517578}