{"module.features.0.0": 0.0, "module.features.1.conv.0": 0.4166666567325592, "module.features.1.conv.3": 0.90234375, "module.features.2.conv.0": 0.958984375, "module.features.2.conv.3": 0.03356481343507767, "module.features.2.conv.6": 0.9401041865348816, "module.features.3.conv.0": 0.9797453880310059, "module.features.3.conv.3": 0.09336420148611069, "module.features.3.conv.6": 0.9684606790542603, "module.features.4.conv.0": 0.9071180820465088, "module.features.4.conv.3": 0.012345679104328156, "module.features.4.conv.6": 0.077039934694767, "module.features.5.conv.0": 0.9851888418197632, "module.features.5.conv.3": 0.0902777761220932, "module.features.5.conv.6": 0.9729818105697632, "module.features.6.conv.0": 0.9959310293197632, "module.features.6.conv.3": 0.11689814925193787, "module.features.6.conv.6": 0.974609375, "module.features.7.conv.0": 0.1165364608168602, "module.features.7.conv.3": 0.010416666977107525, "module.features.7.conv.6": 0.8689779043197632, "module.features.8.conv.0": 0.9903157949447632, "module.features.8.conv.3": 0.17679397761821747, "module.features.8.conv.6": 0.9797770380973816, "module.features.9.conv.0": 0.9959310293197632, "module.features.9.conv.3": 0.18605324625968933, "module.features.9.conv.6": 0.9890543818473816, "module.features.10.conv.0": 0.9943441152572632, "module.features.10.conv.3": 0.20196759700775146, "module.features.10.conv.6": 0.9907633662223816, "module.features.11.conv.0": 0.8954264521598816, "module.features.11.conv.3": 0.17853009700775146, "module.features.11.conv.6": 0.9026692509651184, "module.features.12.conv.0": 0.988389790058136, "module.features.12.conv.3": 0.1896219104528427, "module.features.12.conv.6": 0.9802155494689941, "module.features.13.conv.0": 0.9849175214767456, "module.features.13.conv.3": 0.21952161192893982, "module.features.13.conv.6": 0.9812825322151184, "module.features.14.conv.0": 0.8426468372344971, "module.features.14.conv.3": 0.02951388992369175, "module.features.14.conv.6": 0.8534505367279053, "module.features.15.conv.0": 0.9292904138565063, "module.features.15.conv.3": 0.09039351344108582, "module.features.15.conv.6": 0.9403385519981384, "module.features.16.conv.0": 0.961998701095581, "module.features.16.conv.3": 0.13321758806705475, "module.features.16.conv.6": 0.9599544405937195, "module.features.17.conv.0": 0.05606120079755783, "module.features.17.conv.3": 0.004282407462596893, "module.features.17.conv.6": 0.7411653995513916, "module.conv.0": 0.06433837860822678, "module.classifier": 0.0, "_timestamp": 1667803083, "_runtime": 82324, "_step": 72, "t_top1": 50.46180552572844, "t_top5": 73.49697580406134, "t_loss": 2.2582915107000714, "v_top1": 15.736, "v_top5": 33.622, "v_loss": 4.820968270263672, "sparsity": 0.41687697172164917, "masking_loss": 6.53639700273315, "module.features.1.conv.0pruning_point": 0.14817415177822113, "module.features.1.conv.3pruning_point": 0.7520009875297546, "module.features.2.conv.0pruning_point": 0.6501057147979736, "module.features.2.conv.3pruning_point": 0.0011311252601444721, "module.features.2.conv.6pruning_point": 0.549460768699646, "module.features.3.conv.0pruning_point": 0.3501043915748596, "module.features.3.conv.3pruning_point": 0.007828576490283012, "module.features.3.conv.6pruning_point": 0.4625314474105835, "module.features.4.conv.0pruning_point": 0.5782330632209778, "module.features.4.conv.3pruning_point": 1.7505441064713523e-05, "module.features.4.conv.6pruning_point": 0.009783541783690453, "module.features.5.conv.0pruning_point": 0.34409964084625244, "module.features.5.conv.3pruning_point": 0.001757846213877201, "module.features.5.conv.6pruning_point": 0.3936646282672882, "module.features.6.conv.0pruning_point": 0.384452760219574, "module.features.6.conv.3pruning_point": 0.001422142144292593, "module.features.6.conv.6pruning_point": 0.280624657869339, "module.features.7.conv.0pruning_point": 0.02257934771478176, "module.features.7.conv.3pruning_point": 0.0, "module.features.7.conv.6pruning_point": 0.29596999287605286, "module.features.8.conv.0pruning_point": 0.19637034833431244, "module.features.8.conv.3pruning_point": 0.00943566020578146, "module.features.8.conv.6pruning_point": 0.19688312709331512, "module.features.9.conv.0pruning_point": 0.1853823959827423, "module.features.9.conv.3pruning_point": 0.003222547471523285, "module.features.9.conv.6pruning_point": 0.1663692444562912, "module.features.10.conv.0pruning_point": 0.15965324640274048, "module.features.10.conv.3pruning_point": 0.0005116807296872139, "module.features.10.conv.6pruning_point": 0.148031085729599, "module.features.11.conv.0pruning_point": 0.2591351568698883, "module.features.11.conv.3pruning_point": 0.04122332111001015, "module.features.11.conv.6pruning_point": 0.22246214747428894, "module.features.12.conv.0pruning_point": 0.14118589460849762, "module.features.12.conv.3pruning_point": 0.0012099574087187648, "module.features.12.conv.6pruning_point": 0.13028830289840698, "module.features.13.conv.0pruning_point": 0.1418018341064453, "module.features.13.conv.3pruning_point": 0.0033298374619334936, "module.features.13.conv.6pruning_point": 0.13200260698795319, "module.features.14.conv.0pruning_point": 0.1784658133983612, "module.features.14.conv.3pruning_point": 1.9436156435403973e-05, "module.features.14.conv.6pruning_point": 0.1622784584760666, "module.features.15.conv.0pruning_point": 0.0929674357175827, "module.features.15.conv.3pruning_point": 0.0031589227728545666, "module.features.15.conv.6pruning_point": 0.1134963110089302, "module.features.16.conv.0pruning_point": 0.10832613706588745, "module.features.16.conv.3pruning_point": 0.0037221473176032305, "module.features.16.conv.6pruning_point": 0.10600749403238297, "module.features.17.conv.0pruning_point": 0.001394428312778473, "module.features.17.conv.3pruning_point": 0.0007332591339945793, "module.features.17.conv.6pruning_point": 0.07612776756286621, "module.conv.0pruning_point": 0.001911535277031362, "hard_pruning_sparsity": 0.42738577723503113}