{"module.features.0.0": 0.0, "module.features.1.conv.0": 0.3680555522441864, "module.features.1.conv.3": 0.318359375, "module.features.2.conv.0": 0.068359375, "module.features.2.conv.3": 0.0555555559694767, "module.features.2.conv.6": 0.0611979179084301, "module.features.3.conv.0": 0.07494212687015533, "module.features.3.conv.3": 0.08024691045284271, "module.features.3.conv.6": 0.08043981343507767, "module.features.4.conv.0": 0.06626157462596893, "module.features.4.conv.3": 0.010030863806605339, "module.features.4.conv.6": 0.0594618059694767, "module.features.5.conv.0": 0.0861002653837204, "module.features.5.conv.3": 0.09317129850387573, "module.features.5.conv.6": 0.08837890625, "module.features.6.conv.0": 0.109375, "module.features.6.conv.3": 0.109375, "module.features.6.conv.6": 0.1131184920668602, "module.features.7.conv.0": 0.0597330741584301, "module.features.7.conv.3": 0.010416666977107525, "module.features.7.conv.6": 0.0553385429084301, "module.features.8.conv.0": 0.1132405623793602, "module.features.8.conv.3": 0.12384259700775146, "module.features.8.conv.6": 0.1158040389418602, "module.features.9.conv.0": 0.151123046875, "module.features.9.conv.3": 0.15769675374031067, "module.features.9.conv.6": 0.1526285856962204, "module.features.10.conv.0": 0.1905924528837204, "module.features.10.conv.3": 0.19386574625968933, "module.features.10.conv.6": 0.1920572966337204, "module.features.11.conv.0": 0.05908203125, "module.features.11.conv.3": 0.09953703731298447, "module.features.11.conv.6": 0.0620659738779068, "module.features.12.conv.0": 0.18368417024612427, "module.features.12.conv.3": 0.17457561194896698, "module.features.12.conv.6": 0.18505859375, "module.features.13.conv.0": 0.19321469962596893, "module.features.13.conv.3": 0.18422068655490875, "module.features.13.conv.6": 0.19240090250968933, "module.features.14.conv.0": 0.07924623787403107, "module.features.14.conv.3": 0.02642747014760971, "module.features.14.conv.6": 0.07740885764360428, "module.features.15.conv.0": 0.09329427033662796, "module.features.15.conv.3": 0.0667824074625969, "module.features.15.conv.6": 0.09181641042232513, "module.features.16.conv.0": 0.12075521051883698, "module.features.16.conv.3": 0.10370370000600815, "module.features.16.conv.6": 0.12099609524011612, "module.features.17.conv.0": 0.06134114786982536, "module.features.17.conv.3": 0.005439814645797014, "module.features.17.conv.6": 0.060794271528720856, "module.conv.0": 0.056108396500349045, "module.classifier": 0.0, "_timestamp": 1667720329, "_runtime": 91, "_step": 0}