{"module.features.0.0": 0.0, "module.features.1.conv.0": 0.347222238779068, "module.features.1.conv.3": 0.84375, "module.features.2.conv.0": 0.791015625, "module.features.2.conv.3": 0.0451388880610466, "module.features.2.conv.6": 0.8459201455116272, "module.features.3.conv.0": 0.8269675970077515, "module.features.3.conv.3": 0.08101852238178253, "module.features.3.conv.6": 0.8391203880310059, "module.features.4.conv.0": 0.8035300970077515, "module.features.4.conv.3": 0.009259259328246117, "module.features.4.conv.6": 0.8348524570465088, "module.features.5.conv.0": 0.8505859375, "module.features.5.conv.3": 0.09143518656492233, "module.features.5.conv.6": 0.8361002802848816, "module.features.6.conv.0": 0.8382161855697632, "module.features.6.conv.3": 0.109375, "module.features.6.conv.6": 0.8507487177848816, "module.features.7.conv.0": 0.8025716543197632, "module.features.7.conv.3": 0.0243055559694767, "module.features.7.conv.6": 0.8353678584098816, "module.features.8.conv.0": 0.8870443105697632, "module.features.8.conv.3": 0.1484375, "module.features.8.conv.6": 0.8791911005973816, "module.features.9.conv.0": 0.8699544668197632, "module.features.9.conv.3": 0.173611119389534, "module.features.9.conv.6": 0.890625, "module.features.10.conv.0": 0.8411865234375, "module.features.10.conv.3": 0.20109954476356506, "module.features.10.conv.6": 0.9058024287223816, "module.features.11.conv.0": 0.8003336787223816, "module.features.11.conv.3": 0.1085069477558136, "module.features.11.conv.6": 0.8224826455116272, "module.features.12.conv.0": 0.8490306735038757, "module.features.12.conv.3": 0.17766204476356506, "module.features.12.conv.6": 0.8642035722732544, "module.features.13.conv.0": 0.8293185830116272, "module.features.13.conv.3": 0.18209876120090485, "module.features.13.conv.6": 0.8757414817810059, "module.features.14.conv.0": 0.8251953125, "module.features.14.conv.3": 0.031828705221414566, "module.features.14.conv.6": 0.80712890625, "module.features.15.conv.0": 0.8230599164962769, "module.features.15.conv.3": 0.0677083358168602, "module.features.15.conv.6": 0.8266015648841858, "module.features.16.conv.0": 0.8118619918823242, "module.features.16.conv.3": 0.12210647761821747, "module.features.16.conv.6": 0.8315364718437195, "module.features.17.conv.0": 0.8028841614723206, "module.features.17.conv.3": 0.012962962500751019, "module.features.17.conv.6": 0.7884440422058105, "module.conv.0": 0.7594946026802063, "module.classifier": 0.0, "_timestamp": 1667968528, "_runtime": 4727, "_step": 4, "t_top1": 22.0660538399607, "t_top5": 44.38266049623579, "t_loss": 3.9372609869528143, "v_top1": 30.088, "v_top5": 55.492, "v_loss": 3.314773222351074, "sparsity": 0.49847570061683655, "masking_loss": 3.0270486996655244, "module.features.1.conv.0pruning_point": 0.004160745069384575, "module.features.1.conv.3pruning_point": 1.7606295347213745, "module.features.2.conv.0pruning_point": 0.9862505793571472, "module.features.2.conv.3pruning_point": 0.00014429980365093797, "module.features.2.conv.6pruning_point": 0.7714019417762756, "module.features.3.conv.0pruning_point": 0.5082526803016663, "module.features.3.conv.3pruning_point": 0.0004796841531060636, "module.features.3.conv.6pruning_point": 0.5454970598220825, "module.features.4.conv.0pruning_point": 0.6014000773429871, "module.features.4.conv.3pruning_point": 3.7809033528901637e-05, "module.features.4.conv.6pruning_point": 0.5371204018592834, "module.features.5.conv.0pruning_point": 0.3987727761268616, "module.features.5.conv.3pruning_point": 0.0006016025436110795, "module.features.5.conv.6pruning_point": 0.40623679757118225, "module.features.6.conv.0pruning_point": 0.3743736743927002, "module.features.6.conv.3pruning_point": 0.0007323602330870926, "module.features.6.conv.6pruning_point": 0.3919637203216553, "module.features.7.conv.0pruning_point": 0.515162467956543, "module.features.7.conv.3pruning_point": 0.000750413746573031, "module.features.7.conv.6pruning_point": 0.3657582700252533, "module.features.8.conv.0pruning_point": 0.2653258144855499, "module.features.8.conv.3pruning_point": 0.003942766226828098, "module.features.8.conv.6pruning_point": 0.239949032664299, "module.features.9.conv.0pruning_point": 0.24042902886867523, "module.features.9.conv.3pruning_point": 0.001506220898590982, "module.features.9.conv.6pruning_point": 0.2332904040813446, "module.features.10.conv.0pruning_point": 0.22182157635688782, "module.features.10.conv.3pruning_point": 0.0005041021504439414, "module.features.10.conv.6pruning_point": 0.23690515756607056, "module.features.11.conv.0pruning_point": 0.2824755609035492, "module.features.11.conv.3pruning_point": 0.006137962453067303, "module.features.11.conv.6pruning_point": 0.2381817251443863, "module.features.12.conv.0pruning_point": 0.16702839732170105, "module.features.12.conv.3pruning_point": 0.0007533974130637944, "module.features.12.conv.6pruning_point": 0.1749216914176941, "module.features.13.conv.0pruning_point": 0.15924736857414246, "module.features.13.conv.3pruning_point": 7.513974560424685e-05, "module.features.13.conv.6pruning_point": 0.17622654139995575, "module.features.14.conv.0pruning_point": 0.21417354047298431, "module.features.14.conv.3pruning_point": 0.0, "module.features.14.conv.6pruning_point": 0.16780519485473633, "module.features.15.conv.0pruning_point": 0.1224578320980072, "module.features.15.conv.3pruning_point": 6.670655420748517e-05, "module.features.15.conv.6pruning_point": 0.12313785403966904, "module.features.16.conv.0pruning_point": 0.12092753499746323, "module.features.16.conv.3pruning_point": 0.0017568763578310609, "module.features.16.conv.6pruning_point": 0.122870534658432, "module.features.17.conv.0pruning_point": 0.13940703868865967, "module.features.17.conv.3pruning_point": 0.0, "module.features.17.conv.6pruning_point": 0.10158364474773407, "module.conv.0pruning_point": 0.08972775936126709, "hard_pruning_sparsity": 0.5818860530853271}