{"module.features.0.0": 0.0, "module.features.1.conv.0": 0.40625, "module.features.1.conv.3": 0.365234375, "module.features.2.conv.0": 0.21484375, "module.features.2.conv.3": 0.047453705221414566, "module.features.2.conv.6": 0.7638888955116272, "module.features.3.conv.0": 0.9291087985038757, "module.features.3.conv.3": 0.06790123879909515, "module.features.3.conv.6": 0.9227430820465088, "module.features.4.conv.0": 0.703125, "module.features.4.conv.3": 0.010802469216287136, "module.features.4.conv.6": 0.069227434694767, "module.features.5.conv.0": 0.9132487177848816, "module.features.5.conv.3": 0.07407407462596893, "module.features.5.conv.6": 0.8894857168197632, "module.features.6.conv.0": 0.98681640625, "module.features.6.conv.3": 0.11689814925193787, "module.features.6.conv.6": 0.9744466543197632, "module.features.7.conv.0": 0.1077473983168602, "module.features.7.conv.3": 0.013888888992369175, "module.features.7.conv.6": 0.0643717497587204, "module.features.8.conv.0": 0.93994140625, "module.features.8.conv.3": 0.1484375, "module.features.8.conv.6": 0.9455159902572632, "module.features.9.conv.0": 0.9692789912223816, "module.features.9.conv.3": 0.1684027761220932, "module.features.9.conv.6": 0.9679769277572632, "module.features.10.conv.0": 0.9711507558822632, "module.features.10.conv.3": 0.1953125, "module.features.10.conv.6": 0.965576171875, "module.features.11.conv.0": 0.097412109375, "module.features.11.conv.3": 0.1284722238779068, "module.features.11.conv.6": 0.7530110478401184, "module.features.12.conv.0": 0.9425998330116272, "module.features.12.conv.3": 0.19695216417312622, "module.features.12.conv.6": 0.9471209645271301, "module.features.13.conv.0": 0.9438838362693787, "module.features.13.conv.3": 0.21026234328746796, "module.features.13.conv.6": 0.9586407542228699, "module.features.14.conv.0": 0.6773726940155029, "module.features.14.conv.3": 0.029706791043281555, "module.features.14.conv.6": 0.6817274689674377, "module.features.15.conv.0": 0.8024674654006958, "module.features.15.conv.3": 0.07430555671453476, "module.features.15.conv.6": 0.8565104603767395, "module.features.16.conv.0": 0.863059937953949, "module.features.16.conv.3": 0.1398148089647293, "module.features.16.conv.6": 0.8992187976837158, "module.features.17.conv.0": 0.06404297053813934, "module.features.17.conv.3": 0.004513888619840145, "module.features.17.conv.6": 0.14679361879825592, "module.conv.0": 0.05593017488718033, "module.classifier": 0.0, "_timestamp": 1667832780.0437279, "_runtime": 14290.950382947922, "_step": 16, "t_top1": 55.01312475265946, "t_top5": 77.28524072193555, "t_loss": 2.009901782622021, "v_top1": 58.744, "v_top5": 81.404, "v_loss": 1.7761530384063722, "sparsity": 0.3250974118709564, "masking_loss": 6.622671454534375, "module.features.1.conv.0pruning_point": 0.12344948202371597, "module.features.1.conv.3pruning_point": 0.04547421634197235, "module.features.2.conv.0pruning_point": 0.04076846316456795, "module.features.2.conv.3pruning_point": 0.00018739803635980934, "module.features.2.conv.6pruning_point": 0.23027439415454865, "module.features.3.conv.0pruning_point": 0.24907726049423218, "module.features.3.conv.3pruning_point": 0.0007865286315791309, "module.features.3.conv.6pruning_point": 0.2979963421821594, "module.features.4.conv.0pruning_point": 0.24303746223449707, "module.features.4.conv.3pruning_point": 0.0001248877524631098, "module.features.4.conv.6pruning_point": 0.0044555943459272385, "module.features.5.conv.0pruning_point": 0.18488039076328278, "module.features.5.conv.3pruning_point": 0.0007025422528386116, "module.features.5.conv.6pruning_point": 0.1871088743209839, "module.features.6.conv.0pruning_point": 0.22284166514873505, "module.features.6.conv.3pruning_point": 0.0024605977814644575, "module.features.6.conv.6pruning_point": 0.2361546903848648, "module.features.7.conv.0pruning_point": 0.016544774174690247, "module.features.7.conv.3pruning_point": 4.290726792532951e-06, "module.features.7.conv.6pruning_point": 0.002557327039539814, "module.features.8.conv.0pruning_point": 0.1312110871076584, "module.features.8.conv.3pruning_point": 0.004203640390187502, "module.features.8.conv.6pruning_point": 0.1417904794216156, "module.features.9.conv.0pruning_point": 0.14468425512313843, "module.features.9.conv.3pruning_point": 0.0022644379641860723, "module.features.9.conv.6pruning_point": 0.14063559472560883, "module.features.10.conv.0pruning_point": 0.14240753650665283, "module.features.10.conv.3pruning_point": 0.00021929884678684175, "module.features.10.conv.6pruning_point": 0.1278228610754013, "module.features.11.conv.0pruning_point": 0.007017794530838728, "module.features.11.conv.3pruning_point": 0.019639018923044205, "module.features.11.conv.6pruning_point": 0.12539270520210266, "module.features.12.conv.0pruning_point": 0.11248160153627396, "module.features.12.conv.3pruning_point": 0.002841288223862648, "module.features.12.conv.6pruning_point": 0.11316134035587311, "module.features.13.conv.0pruning_point": 0.11790712177753448, "module.features.13.conv.3pruning_point": 0.0033348139841109514, "module.features.13.conv.6pruning_point": 0.1192057728767395, "module.features.14.conv.0pruning_point": 0.09870607405900955, "module.features.14.conv.3pruning_point": 3.2607164030196145e-05, "module.features.14.conv.6pruning_point": 0.08949006348848343, "module.features.15.conv.0pruning_point": 0.06925997138023376, "module.features.15.conv.3pruning_point": 0.0008975727250799537, "module.features.15.conv.6pruning_point": 0.08568750321865082, "module.features.16.conv.0pruning_point": 0.08323975652456284, "module.features.16.conv.3pruning_point": 0.004774699918925762, "module.features.16.conv.6pruning_point": 0.0898277685046196, "module.features.17.conv.0pruning_point": 0.0008896080544218421, "module.features.17.conv.3pruning_point": 0.0014378897612914443, "module.features.17.conv.6pruning_point": 0.007979667745530605, "module.conv.0pruning_point": 0.0002923770225606859, "hard_pruning_sparsity": 0.3474223017692566, "_wandb": {"runtime": 16053}}