{"module.features.0.0": 0.0, "module.features.1.conv.0": 0.2777777910232544, "module.features.1.conv.3": 0.345703125, "module.features.2.conv.0": 0.0677083358168602, "module.features.2.conv.3": 0.1111111119389534, "module.features.2.conv.6": 0.1701388955116272, "module.features.3.conv.0": 0.07407407462596893, "module.features.3.conv.3": 0.0625, "module.features.3.conv.6": 0.0598958320915699, "module.features.4.conv.0": 0.054976850748062134, "module.features.4.conv.3": 0.03395061939954758, "module.features.4.conv.6": 0.0666232630610466, "module.features.5.conv.0": 0.06494140625, "module.features.5.conv.3": 0.0538194440305233, "module.features.5.conv.6": 0.0621744804084301, "module.features.6.conv.0": 0.0750325545668602, "module.features.6.conv.3": 0.0659722238779068, "module.features.6.conv.6": 0.0611979179084301, "module.features.7.conv.0": 0.0538736991584301, "module.features.7.conv.3": 0.0329861119389534, "module.features.7.conv.6": 0.060302734375, "module.features.8.conv.0": 0.0746256560087204, "module.features.8.conv.3": 0.06105324253439903, "module.features.8.conv.6": 0.0618896484375, "module.features.9.conv.0": 0.0669759139418602, "module.features.9.conv.3": 0.0572916679084301, "module.features.9.conv.6": 0.09521484375, "module.features.10.conv.0": 0.1391194760799408, "module.features.10.conv.3": 0.0598958320915699, "module.features.10.conv.6": 0.8763021230697632, "module.features.11.conv.0": 0.0690104216337204, "module.features.11.conv.3": 0.0546875, "module.features.11.conv.6": 0.787109375, "module.features.12.conv.0": 0.9407009482383728, "module.features.12.conv.3": 0.0590277798473835, "module.features.12.conv.6": 0.9639395475387573, "module.features.13.conv.0": 0.9401764869689941, "module.features.13.conv.3": 0.06037808582186699, "module.features.13.conv.6": 0.9649703502655029, "module.features.14.conv.0": 0.08015046268701553, "module.features.14.conv.3": 0.05343364179134369, "module.features.14.conv.6": 0.8979166746139526, "module.features.15.conv.0": 0.9861002564430237, "module.features.15.conv.3": 0.09004629403352737, "module.features.15.conv.6": 0.9889193177223206, "module.features.16.conv.0": 0.9876171946525574, "module.features.16.conv.3": 0.08842592686414719, "module.features.16.conv.6": 0.9914973974227905, "module.features.17.conv.0": 0.9260742664337158, "module.features.17.conv.3": 0.08402777463197708, "module.features.17.conv.6": 0.96564781665802, "module.conv.0": 0.9704052805900574, "module.classifier": 0.0, "_timestamp": 1667482852, "_runtime": 3661, "_step": 241, "t_top1": 98.882, "t_top5": 99.996, "t_loss": 0.03485572306036949, "v_top1": 90.74, "v_top5": 99.65, "v_loss": 0.39678563438653947, "sparsity": 0.8233328461647034, "masking_loss": 5.916109318237305, "module.features.1.conv.0pruning_point": 0.02881753072142601, "module.features.1.conv.3pruning_point": 0.05542795732617378, "module.features.2.conv.0pruning_point": 0.0015961425378918648, "module.features.2.conv.3pruning_point": 0.009227669797837734, "module.features.2.conv.6pruning_point": 0.03901736065745354, "module.features.3.conv.0pruning_point": 0.0025738871190696955, "module.features.3.conv.3pruning_point": 0.0023509215097874403, "module.features.3.conv.6pruning_point": 0.00026616224204190075, "module.features.4.conv.0pruning_point": 0.0006551616825163364, "module.features.4.conv.3pruning_point": 0.0001088137723854743, "module.features.4.conv.6pruning_point": 0.0012453675735741854, "module.features.5.conv.0pruning_point": 0.0011940489057451487, "module.features.5.conv.3pruning_point": 0.0005781220970675349, "module.features.5.conv.6pruning_point": 0.0004578573571052402, "module.features.6.conv.0pruning_point": 0.0023544165305793285, "module.features.6.conv.3pruning_point": 0.0009435603278689086, "module.features.6.conv.6pruning_point": 0.0001817949378164485, "module.features.7.conv.0pruning_point": 0.00018388553871773183, "module.features.7.conv.3pruning_point": 0.0, "module.features.7.conv.6pruning_point": 0.0009418115369044244, "module.features.8.conv.0pruning_point": 0.001350795733742416, "module.features.8.conv.3pruning_point": 0.0006901049055159092, "module.features.8.conv.6pruning_point": 0.00012213386071380228, "module.features.9.conv.0pruning_point": 0.00025786241167224944, "module.features.9.conv.3pruning_point": 3.5739888062380487e-06, "module.features.9.conv.6pruning_point": 0.0030432261992245913, "module.features.10.conv.0pruning_point": 0.008322949521243572, "module.features.10.conv.3pruning_point": 0.00013323043822310865, "module.features.10.conv.6pruning_point": 0.12614116072654724, "module.features.11.conv.0pruning_point": 0.000683385122101754, "module.features.11.conv.3pruning_point": 3.282082616351545e-05, "module.features.11.conv.6pruning_point": 0.12539725005626678, "module.features.12.conv.0pruning_point": 0.10422125458717346, "module.features.12.conv.3pruning_point": 0.0009943884797394276, "module.features.12.conv.6pruning_point": 0.10385816544294357, "module.features.13.conv.0pruning_point": 0.09761451184749603, "module.features.13.conv.3pruning_point": 0.0006525384960696101, "module.features.13.conv.6pruning_point": 0.09340803325176239, "module.features.14.conv.0pruning_point": 0.0013189382152631879, "module.features.14.conv.3pruning_point": 4.1745305878748695e-08, "module.features.14.conv.6pruning_point": 0.07407854497432709, "module.features.15.conv.0pruning_point": 0.050905775278806686, "module.features.15.conv.3pruning_point": 0.0005131484940648079, "module.features.15.conv.6pruning_point": 0.05240500345826149, "module.features.16.conv.0pruning_point": 0.05120714381337166, "module.features.16.conv.3pruning_point": 0.00024957198183983564, "module.features.16.conv.6pruning_point": 0.048039257526397705, "module.features.17.conv.0pruning_point": 0.06092282012104988, "module.features.17.conv.3pruning_point": 0.0009122180636040866, "module.features.17.conv.6pruning_point": 0.041123561561107635, "module.conv.0pruning_point": 0.0337289460003376, "_wandb": {"runtime": 3661}}