{"module.conv1": 0.0, "module.layer1.0.conv1": 0.9366862177848816, "module.layer1.0.conv2": 0.8962944746017456, "module.layer1.1.conv1": 0.92431640625, "module.layer1.1.conv2": 0.9039713740348816, "module.layer2.0.conv1": 0.8364664912223816, "module.layer2.0.conv2": 0.86407470703125, "module.layer2.0.downsample.0": 0.8870849609375, "module.layer2.1.conv1": 0.8763970136642456, "module.layer2.1.conv2": 0.866075336933136, "module.layer3.0.conv1": 0.8494669795036316, "module.layer3.0.conv2": 0.8282114863395691, "module.layer3.0.downsample.0": 0.978973388671875, "module.layer3.1.conv1": 0.8708851933479309, "module.layer3.1.conv2": 0.8806372880935669, "module.layer4.0.conv1": 0.8000776767730713, "module.layer4.0.conv2": 0.7887908220291138, "module.layer4.0.downsample.0": 0.8737106323242188, "module.layer4.1.conv1": 0.6980870366096497, "module.layer4.1.conv2": 0.7449523210525513, "module.fc": 0.0, "_timestamp": 1667889440.515734, "_runtime": 54248.1492960453, "_step": 64, "t_top1": 56.355728800367885, "t_top5": 78.7574921926352, "t_loss": 1.919623653231715, "v_top1": 60.504, "v_top5": 83.176, "v_loss": 1.6630655224609374, "sparsity": 0.7463299036026001, "masking_loss": 0.7102454098564379, "module.layer1.0.conv1pruning_point": 0.13751210272312164, "module.layer1.0.conv2pruning_point": 0.061552368104457855, "module.layer1.1.conv1pruning_point": 0.08966206014156342, "module.layer1.1.conv2pruning_point": 0.05766100436449051, "module.layer2.0.conv1pruning_point": 0.043848324567079544, "module.layer2.0.conv2pruning_point": 0.036183904856443405, "module.layer2.0.downsample.0pruning_point": 0.09133739769458771, "module.layer2.1.conv1pruning_point": 0.0380203053355217, "module.layer2.1.conv2pruning_point": 0.031101733446121216, "module.layer3.0.conv1pruning_point": 0.03251015767455101, "module.layer3.0.conv2pruning_point": 0.023837151005864143, "module.layer3.0.downsample.0pruning_point": 0.10884813964366913, "module.layer3.1.conv1pruning_point": 0.022998670116066933, "module.layer3.1.conv2pruning_point": 0.022580472752451897, "module.layer4.0.conv1pruning_point": 0.018648294731974602, "module.layer4.0.conv2pruning_point": 0.015696903690695763, "module.layer4.0.downsample.0pruning_point": 0.034843187779188156, "module.layer4.1.conv1pruning_point": 0.014939893037080765, "module.layer4.1.conv2pruning_point": 0.013673868961632252, "hard_pruning_sparsity": 0.7793168425559998, "_wandb": {"runtime": 54391}}