{"module.features.0.0": 0.0, "module.features.1.conv.0": 0.3194444477558136, "module.features.1.conv.3": 0.697265625, "module.features.2.conv.0": 0.7180989980697632, "module.features.2.conv.3": 0.030092593282461166, "module.features.2.conv.6": 0.1271701455116272, "module.features.3.conv.0": 0.8043981790542603, "module.features.3.conv.3": 0.07870370149612427, "module.features.3.conv.6": 0.8495370149612427, "module.features.4.conv.0": 0.5659722089767456, "module.features.4.conv.3": 0.015432098880410194, "module.features.4.conv.6": 0.05859375, "module.features.5.conv.0": 0.9290364980697632, "module.features.5.conv.3": 0.102430559694767, "module.features.5.conv.6": 0.9065755605697632, "module.features.6.conv.0": 0.9669596552848816, "module.features.6.conv.3": 0.12268518656492233, "module.features.6.conv.6": 0.9322916865348816, "module.features.7.conv.0": 0.0647786483168602, "module.features.7.conv.3": 0.021412037312984467, "module.features.7.conv.6": 0.059814453125, "module.features.8.conv.0": 0.8986002802848816, "module.features.8.conv.3": 0.1519097238779068, "module.features.8.conv.6": 0.91064453125, "module.features.9.conv.0": 0.9353841543197632, "module.features.9.conv.3": 0.2057291716337204, "module.features.9.conv.6": 0.9368489980697632, "module.features.10.conv.0": 0.948974609375, "module.features.10.conv.3": 0.20949074625968933, "module.features.10.conv.6": 0.9628092646598816, "module.features.11.conv.0": 0.1122639998793602, "module.features.11.conv.3": 0.25752314925193787, "module.features.11.conv.6": 0.6631401777267456, "module.features.12.conv.0": 0.8816912770271301, "module.features.12.conv.3": 0.236111119389534, "module.features.12.conv.6": 0.9018735885620117, "module.features.13.conv.0": 0.8845124244689941, "module.features.13.conv.3": 0.25, "module.features.13.conv.6": 0.9147497415542603, "module.features.14.conv.0": 0.5327872037887573, "module.features.14.conv.3": 0.030285494402050972, "module.features.14.conv.6": 0.29842665791511536, "module.features.15.conv.0": 0.16551432013511658, "module.features.15.conv.3": 0.07164351642131805, "module.features.15.conv.6": 0.744895875453949, "module.features.16.conv.0": 0.7414127588272095, "module.features.16.conv.3": 0.1398148089647293, "module.features.16.conv.6": 0.8010156154632568, "module.features.17.conv.0": 0.05904297158122063, "module.features.17.conv.3": 0.004513888619840145, "module.features.17.conv.6": 0.13404622673988342, "module.conv.0": 0.05493408069014549, "module.classifier": 0.0, "_timestamp": 1667902788.9057403, "_runtime": 11071.363793373108, "_step": 12, "t_top1": 54.25186568177584, "t_top5": 77.04421047370238, "t_loss": 2.0293243334265965, "v_top1": 50.39, "v_top5": 74.93, "v_loss": 2.194195703048706, "sparsity": 0.26257839798927307, "masking_loss": 4.21619317820511, "module.features.1.conv.0pruning_point": 0.001879514311440289, "module.features.1.conv.3pruning_point": 0.2384476661682129, "module.features.2.conv.0pruning_point": 0.19416896998882294, "module.features.2.conv.3pruning_point": 0.0001552541507408023, "module.features.2.conv.6pruning_point": 0.0014163944870233536, "module.features.3.conv.0pruning_point": 0.17814619839191437, "module.features.3.conv.3pruning_point": 0.00016102766676340252, "module.features.3.conv.6pruning_point": 0.20123979449272156, "module.features.4.conv.0pruning_point": 0.1482888162136078, "module.features.4.conv.3pruning_point": 0.00036703477962873876, "module.features.4.conv.6pruning_point": 0.0004986061248928308, "module.features.5.conv.0pruning_point": 0.17337262630462646, "module.features.5.conv.3pruning_point": 0.0001774717529769987, "module.features.5.conv.6pruning_point": 0.16502922773361206, "module.features.6.conv.0pruning_point": 0.18498264253139496, "module.features.6.conv.3pruning_point": 5.589703050645767e-06, "module.features.6.conv.6pruning_point": 0.1696198433637619, "module.features.7.conv.0pruning_point": 2.2286896637524478e-05, "module.features.7.conv.3pruning_point": 0.00018515106057748199, "module.features.7.conv.6pruning_point": 0.0002501846174709499, "module.features.8.conv.0pruning_point": 0.10345548391342163, "module.features.8.conv.3pruning_point": 0.0003484159824438393, "module.features.8.conv.6pruning_point": 0.1095726266503334, "module.features.9.conv.0pruning_point": 0.11608389765024185, "module.features.9.conv.3pruning_point": 4.2570452933432534e-05, "module.features.9.conv.6pruning_point": 0.10882195085287094, "module.features.10.conv.0pruning_point": 0.12325385212898254, "module.features.10.conv.3pruning_point": 9.423951269127429e-05, "module.features.10.conv.6pruning_point": 0.12043271213769913, "module.features.11.conv.0pruning_point": 9.025888721225783e-05, "module.features.11.conv.3pruning_point": 0.000561713648494333, "module.features.11.conv.6pruning_point": 0.08366045355796814, "module.features.12.conv.0pruning_point": 0.08601958304643631, "module.features.12.conv.3pruning_point": 0.0003615122986957431, "module.features.12.conv.6pruning_point": 0.09011956304311752, "module.features.13.conv.0pruning_point": 0.09137001633644104, "module.features.13.conv.3pruning_point": 0.00036808758159168065, "module.features.13.conv.6pruning_point": 0.0948256105184555, "module.features.14.conv.0pruning_point": 0.05834365263581276, "module.features.14.conv.3pruning_point": 1.9203828287572833e-06, "module.features.14.conv.6pruning_point": 0.018635142594575882, "module.features.15.conv.0pruning_point": 0.00023440546647179872, "module.features.15.conv.3pruning_point": 6.853669674455887e-06, "module.features.15.conv.6pruning_point": 0.0546097531914711, "module.features.16.conv.0pruning_point": 0.05911145731806755, "module.features.16.conv.3pruning_point": 0.000452376960311085, "module.features.16.conv.6pruning_point": 0.06569048762321472, "module.features.17.conv.0pruning_point": 9.949619561666623e-05, "module.features.17.conv.3pruning_point": 1.01132897611933e-08, "module.features.17.conv.6pruning_point": 0.00022709897893946618, "module.conv.0pruning_point": 1.544950828247238e-05, "hard_pruning_sparsity": 0.2919386327266693, "_wandb": {"runtime": 12419}}