{"module.features.0.0": 0.0, "module.features.1.conv.0": 0.2743055522441864, "module.features.1.conv.3": 0.353515625, "module.features.2.conv.0": 0.0638020858168602, "module.features.2.conv.3": 0.10648148506879807, "module.features.2.conv.6": 0.16015625, "module.features.3.conv.0": 0.062210649251937866, "module.features.3.conv.3": 0.05787036940455437, "module.features.3.conv.6": 0.05787036940455437, "module.features.4.conv.0": 0.07089120149612427, "module.features.4.conv.3": 0.03086419776082039, "module.features.4.conv.6": 0.064453125, "module.features.5.conv.0": 0.0652669295668602, "module.features.5.conv.3": 0.05266203731298447, "module.features.5.conv.6": 0.06591796875, "module.features.6.conv.0": 0.06396484375, "module.features.6.conv.3": 0.06481481343507767, "module.features.6.conv.6": 0.0638020858168602, "module.features.7.conv.0": 0.0608723983168602, "module.features.7.conv.3": 0.02604166604578495, "module.features.7.conv.6": 0.06298828125, "module.features.8.conv.0": 0.0687255859375, "module.features.8.conv.3": 0.05410879850387573, "module.features.8.conv.6": 0.0657958984375, "module.features.9.conv.0": 0.0670572966337204, "module.features.9.conv.3": 0.055266205221414566, "module.features.9.conv.6": 0.0638427734375, "module.features.10.conv.0": 0.073974609375, "module.features.10.conv.3": 0.05700231343507767, "module.features.10.conv.6": 0.0757649764418602, "module.features.11.conv.0": 0.0788167342543602, "module.features.11.conv.3": 0.0564236119389534, "module.features.11.conv.6": 0.739990234375, "module.features.12.conv.0": 0.8887984752655029, "module.features.12.conv.3": 0.05806327238678932, "module.features.12.conv.6": 0.9174262285232544, "module.features.13.conv.0": 0.6786566972732544, "module.features.13.conv.3": 0.0590277798473835, "module.features.13.conv.6": 0.9268120527267456, "module.features.14.conv.0": 0.07973451912403107, "module.features.14.conv.3": 0.050540123134851456, "module.features.14.conv.6": 0.8647895455360413, "module.features.15.conv.0": 0.9791536927223206, "module.features.15.conv.3": 0.08263888955116272, "module.features.15.conv.6": 0.9819010496139526, "module.features.16.conv.0": 0.9811328649520874, "module.features.16.conv.3": 0.0789351835846901, "module.features.16.conv.6": 0.988365888595581, "module.features.17.conv.0": 0.8923437595367432, "module.features.17.conv.3": 0.08078703284263611, "module.features.17.conv.6": 0.9475716352462769, "module.conv.0": 0.9561425447463989, "module.classifier": 0.0, "_timestamp": 1667479182, "_runtime": 3648, "_step": 241, "t_top1": 98.762, "t_top5": 99.998, "t_loss": 0.03406344635248184, "v_top1": 90.65, "v_top5": 99.66, "v_loss": 0.4030142593860626, "sparsity": 0.7919502854347229, "masking_loss": 3.178571459732056, "module.features.1.conv.0pruning_point": 0.02623889595270157, "module.features.1.conv.3pruning_point": 0.053869783878326416, "module.features.2.conv.0pruning_point": 0.000804771319963038, "module.features.2.conv.3pruning_point": 0.011566439643502235, "module.features.2.conv.6pruning_point": 0.03875713050365448, "module.features.3.conv.0pruning_point": 0.0014133281074464321, "module.features.3.conv.3pruning_point": 0.0016848304076120257, "module.features.3.conv.6pruning_point": 0.0004602583940140903, "module.features.4.conv.0pruning_point": 0.0026445130351930857, "module.features.4.conv.3pruning_point": 9.027998748933896e-05, "module.features.4.conv.6pruning_point": 0.0015046020271256566, "module.features.5.conv.0pruning_point": 0.0009194497833959758, "module.features.5.conv.3pruning_point": 0.0003089899546466768, "module.features.5.conv.6pruning_point": 0.0003639562928583473, "module.features.6.conv.0pruning_point": 0.000993062392808497, "module.features.6.conv.3pruning_point": 0.0006218418711796403, "module.features.6.conv.6pruning_point": 0.00013470236444845796, "module.features.7.conv.0pruning_point": 0.00045572369708679616, "module.features.7.conv.3pruning_point": 1.5527820096394862e-07, "module.features.7.conv.6pruning_point": 0.0011627435451373458, "module.features.8.conv.0pruning_point": 0.0004631272458937019, "module.features.8.conv.3pruning_point": 4.329581497586332e-05, "module.features.8.conv.6pruning_point": 0.00031671891338191926, "module.features.9.conv.0pruning_point": 0.0005284017533995211, "module.features.9.conv.3pruning_point": 9.123480413109064e-05, "module.features.9.conv.6pruning_point": 0.000167263817274943, "module.features.10.conv.0pruning_point": 0.0011328146792948246, "module.features.10.conv.3pruning_point": 7.08213119651191e-05, "module.features.10.conv.6pruning_point": 0.0011673981789499521, "module.features.11.conv.0pruning_point": 0.0020545306615531445, "module.features.11.conv.3pruning_point": 0.0004387711815070361, "module.features.11.conv.6pruning_point": 0.10688889026641846, "module.features.12.conv.0pruning_point": 0.08425810188055038, "module.features.12.conv.3pruning_point": 0.00046232607564888895, "module.features.12.conv.6pruning_point": 0.08044183254241943, "module.features.13.conv.0pruning_point": 0.04211270436644554, "module.features.13.conv.3pruning_point": 0.00026735011488199234, "module.features.13.conv.6pruning_point": 0.07453221082687378, "module.features.14.conv.0pruning_point": 0.0013422478223219514, "module.features.14.conv.3pruning_point": 1.3390261983659002e-06, "module.features.14.conv.6pruning_point": 0.06646475195884705, "module.features.15.conv.0pruning_point": 0.04640987515449524, "module.features.15.conv.3pruning_point": 0.0002644607156980783, "module.features.15.conv.6pruning_point": 0.046712033450603485, "module.features.16.conv.0pruning_point": 0.0450669601559639, "module.features.16.conv.3pruning_point": 6.457552785832377e-07, "module.features.16.conv.6pruning_point": 0.044377751648426056, "module.features.17.conv.0pruning_point": 0.053514596074819565, "module.features.17.conv.3pruning_point": 0.00035551204928196967, "module.features.17.conv.6pruning_point": 0.036689259111881256, "module.conv.0pruning_point": 0.029987294226884842, "_wandb": {"runtime": 3649}}