{"module.features.0.0": 0.0, "module.features.1.conv.0": 0.2256944477558136, "module.features.1.conv.3": 0.38671875, "module.features.2.conv.0": 0.0638020858168602, "module.features.2.conv.3": 0.1041666641831398, "module.features.2.conv.6": 0.1749131977558136, "module.features.3.conv.0": 0.0598958320915699, "module.features.3.conv.3": 0.06018518656492233, "module.features.3.conv.6": 0.05844907462596893, "module.features.4.conv.0": 0.06365741044282913, "module.features.4.conv.3": 0.0347222238779068, "module.features.4.conv.6": 0.0559895820915699, "module.features.5.conv.0": 0.0603841170668602, "module.features.5.conv.3": 0.046875, "module.features.5.conv.6": 0.06396484375, "module.features.6.conv.0": 0.06689453125, "module.features.6.conv.3": 0.05787036940455437, "module.features.6.conv.6": 0.0613606795668602, "module.features.7.conv.0": 0.0597330741584301, "module.features.7.conv.3": 0.027199074625968933, "module.features.7.conv.6": 0.060546875, "module.features.8.conv.0": 0.0716552734375, "module.features.8.conv.3": 0.05787036940455437, "module.features.8.conv.6": 0.871826171875, "module.features.9.conv.0": 0.0627034530043602, "module.features.9.conv.3": 0.06365741044282913, "module.features.9.conv.6": 0.8889567255973816, "module.features.10.conv.0": 0.0995279997587204, "module.features.10.conv.3": 0.0642361119389534, "module.features.10.conv.6": 0.9120687246322632, "module.features.11.conv.0": 0.0686848983168602, "module.features.11.conv.3": 0.05237268656492233, "module.features.11.conv.6": 0.8486056923866272, "module.features.12.conv.0": 0.9638671875, "module.features.12.conv.3": 0.054398149251937866, "module.features.12.conv.6": 0.9790943264961243, "module.features.13.conv.0": 0.9646086692810059, "module.features.13.conv.3": 0.0555555559694767, "module.features.13.conv.6": 0.9825484752655029, "module.features.14.conv.0": 0.8728840947151184, "module.features.14.conv.3": 0.04899691417813301, "module.features.14.conv.6": 0.9368489980697632, "module.features.15.conv.0": 0.9894987344741821, "module.features.15.conv.3": 0.08217592537403107, "module.features.15.conv.6": 0.9923567771911621, "module.features.16.conv.0": 0.9906185269355774, "module.features.16.conv.3": 0.09432870149612427, "module.features.16.conv.6": 0.9940950870513916, "module.features.17.conv.0": 0.9564713835716248, "module.features.17.conv.3": 0.11504629254341125, "module.features.17.conv.6": 0.9799707531929016, "module.conv.0": 0.9799364805221558, "module.classifier": 0.0, "_timestamp": 1667496481, "_runtime": 3187, "_step": 181, "t_top1": 95.466, "t_top5": 99.952, "t_loss": 0.13069111024379731, "v_top1": 89.85, "v_top5": 99.66, "v_loss": 0.34983002365231514, "sparsity": 0.8724625110626221, "masking_loss": 12.53172858856201, "module.features.1.conv.0pruning_point": 0.019732996821403503, "module.features.1.conv.3pruning_point": 0.0935513824224472, "module.features.2.conv.0pruning_point": 0.001914854277856648, "module.features.2.conv.3pruning_point": 0.00976804830133915, "module.features.2.conv.6pruning_point": 0.03987729549407959, "module.features.3.conv.0pruning_point": 0.0013837190344929695, "module.features.3.conv.3pruning_point": 0.0029554441571235657, "module.features.3.conv.6pruning_point": 3.902038588421419e-05, "module.features.4.conv.0pruning_point": 0.0021862760186195374, "module.features.4.conv.3pruning_point": 2.0453965134947794e-06, "module.features.4.conv.6pruning_point": 0.0005227618967182934, "module.features.5.conv.0pruning_point": 0.000828233954962343, "module.features.5.conv.3pruning_point": 0.0009002215228974819, "module.features.5.conv.6pruning_point": 0.001023379503749311, "module.features.6.conv.0pruning_point": 0.002134218579158187, "module.features.6.conv.3pruning_point": 0.000441682554082945, "module.features.6.conv.6pruning_point": 3.228479909012094e-05, "module.features.7.conv.0pruning_point": 0.000685886770952493, "module.features.7.conv.3pruning_point": 1.258782162949501e-07, "module.features.7.conv.6pruning_point": 0.0003417660773266107, "module.features.8.conv.0pruning_point": 0.0009103679331019521, "module.features.8.conv.3pruning_point": 0.0011533183278515935, "module.features.8.conv.6pruning_point": 0.14206048846244812, "module.features.9.conv.0pruning_point": 0.00016190852329600602, "module.features.9.conv.3pruning_point": 0.0009389544138684869, "module.features.9.conv.6pruning_point": 0.14131969213485718, "module.features.10.conv.0pruning_point": 0.003841812489554286, "module.features.10.conv.3pruning_point": 0.0007470025448128581, "module.features.10.conv.6pruning_point": 0.14254526793956757, "module.features.11.conv.0pruning_point": 0.0007057473412714899, "module.features.11.conv.3pruning_point": 8.185777460312238e-07, "module.features.11.conv.6pruning_point": 0.14515705406665802, "module.features.12.conv.0pruning_point": 0.12201514840126038, "module.features.12.conv.3pruning_point": 0.0003211022703908384, "module.features.12.conv.6pruning_point": 0.11854196339845657, "module.features.13.conv.0pruning_point": 0.11515725404024124, "module.features.13.conv.3pruning_point": 0.0005395428161136806, "module.features.13.conv.6pruning_point": 0.11176322400569916, "module.features.14.conv.0pruning_point": 0.11711025983095169, "module.features.14.conv.3pruning_point": 2.7543243049876764e-05, "module.features.14.conv.6pruning_point": 0.08692167699337006, "module.features.15.conv.0pruning_point": 0.05498305335640907, "module.features.15.conv.3pruning_point": 0.0001514190371381119, "module.features.15.conv.6pruning_point": 0.05708475410938263, "module.features.16.conv.0pruning_point": 0.0565619021654129, "module.features.16.conv.3pruning_point": 0.00042747167753987014, "module.features.16.conv.6pruning_point": 0.05293039232492447, "module.features.17.conv.0pruning_point": 0.07185663282871246, "module.features.17.conv.3pruning_point": 0.003173369448632002, "module.features.17.conv.6pruning_point": 0.04712166637182236, "module.conv.0pruning_point": 0.03777056932449341, "_wandb": {"runtime": 3188}}