{"module.features.0.0": 0.0, "module.features.1.conv.0": 0.538194477558136, "module.features.1.conv.3": 0.892578125, "module.features.2.conv.0": 0.9498698115348816, "module.features.2.conv.3": 0.0833333358168602, "module.features.2.conv.6": 0.9157986044883728, "module.features.3.conv.0": 0.9869791865348816, "module.features.3.conv.3": 0.11496913433074951, "module.features.3.conv.6": 0.9534143805503845, "module.features.4.conv.0": 0.8582175970077515, "module.features.4.conv.3": 0.008487654849886894, "module.features.4.conv.6": 0.8283420205116272, "module.features.5.conv.0": 0.99267578125, "module.features.5.conv.3": 0.18344907462596893, "module.features.5.conv.6": 0.9544271230697632, "module.features.6.conv.0": 0.9972330927848816, "module.features.6.conv.3": 0.10127314925193787, "module.features.6.conv.6": 0.98193359375, "module.features.7.conv.0": 0.8347982168197632, "module.features.7.conv.3": 0.0086805559694767, "module.features.7.conv.6": 0.8748372793197632, "module.features.8.conv.0": 0.9947916865348816, "module.features.8.conv.3": 0.43807870149612427, "module.features.8.conv.6": 0.983154296875, "module.features.9.conv.0": 0.9992269277572632, "module.features.9.conv.3": 0.18344907462596893, "module.features.9.conv.6": 0.9981689453125, "module.features.10.conv.0": 0.9989420771598816, "module.features.10.conv.3": 0.28703704476356506, "module.features.10.conv.6": 0.9981689453125, "module.features.11.conv.0": 0.8647868037223816, "module.features.11.conv.3": 0.18431712687015533, "module.features.11.conv.6": 0.8539496660232544, "module.features.12.conv.0": 0.9973777532577515, "module.features.12.conv.3": 0.3670910596847534, "module.features.12.conv.6": 0.9924045205116272, "module.features.13.conv.0": 0.9967990517616272, "module.features.13.conv.3": 0.3028549551963806, "module.features.13.conv.6": 0.9938693642616272, "module.features.14.conv.0": 0.7675057649612427, "module.features.14.conv.3": 0.025848764926195145, "module.features.14.conv.6": 0.7302843332290649, "module.features.15.conv.0": 0.9321810007095337, "module.features.15.conv.3": 0.060879629105329514, "module.features.15.conv.6": 0.921093761920929, "module.features.16.conv.0": 0.9746484756469727, "module.features.16.conv.3": 0.19490739703178406, "module.features.16.conv.6": 0.9624479413032532, "module.features.17.conv.0": 0.03216145932674408, "module.features.17.conv.3": 0.004398148041218519, "module.features.17.conv.6": 0.5827018618583679, "module.conv.0": 0.023286132141947746, "module.classifier": 0.0, "_timestamp": 1667632831, "_runtime": 91234, "_step": 60, "t_top1": 51.716677060821056, "t_top5": 74.74310530945614, "t_loss": 2.1808389715311183, "v_top1": 39.144, "v_top5": 64.45, "v_loss": 2.8383650688171387, "sparsity": 0.3957293927669525, "masking_loss": 2.7345817788350812, "module.features.1.conv.0pruning_point": 0.36527392268180847, "module.features.1.conv.3pruning_point": 0.6250625848770142, "module.features.2.conv.0pruning_point": 0.5219348669052124, "module.features.2.conv.3pruning_point": 0.014751262031495571, "module.features.2.conv.6pruning_point": 0.49401944875717163, "module.features.3.conv.0pruning_point": 0.36457139253616333, "module.features.3.conv.3pruning_point": 0.007854875177145004, "module.features.3.conv.6pruning_point": 0.27198582887649536, "module.features.4.conv.0pruning_point": 0.3583667576313019, "module.features.4.conv.3pruning_point": 0.0003453556273598224, "module.features.4.conv.6pruning_point": 0.34585142135620117, "module.features.5.conv.0pruning_point": 0.44537806510925293, "module.features.5.conv.3pruning_point": 0.011647526174783707, "module.features.5.conv.6pruning_point": 0.17268981039524078, "module.features.6.conv.0pruning_point": 0.2854580879211426, "module.features.6.conv.3pruning_point": 3.8757832953706384e-05, "module.features.6.conv.6pruning_point": 0.15529967844486237, "module.features.7.conv.0pruning_point": 0.3187732994556427, "module.features.7.conv.3pruning_point": 4.081501538166776e-05, "module.features.7.conv.6pruning_point": 0.2539656162261963, "module.features.8.conv.0pruning_point": 0.19876889884471893, "module.features.8.conv.3pruning_point": 0.02883143723011017, "module.features.8.conv.6pruning_point": 0.14280515909194946, "module.features.9.conv.0pruning_point": 0.17624133825302124, "module.features.9.conv.3pruning_point": 0.0015826132148504257, "module.features.9.conv.6pruning_point": 0.2164524793624878, "module.features.10.conv.0pruning_point": 0.1359565556049347, "module.features.10.conv.3pruning_point": 0.005131286568939686, "module.features.10.conv.6pruning_point": 0.16163092851638794, "module.features.11.conv.0pruning_point": 0.18987227976322174, "module.features.11.conv.3pruning_point": 0.09795507788658142, "module.features.11.conv.6pruning_point": 0.14365099370479584, "module.features.12.conv.0pruning_point": 0.12453430891036987, "module.features.12.conv.3pruning_point": 0.014185689389705658, "module.features.12.conv.6pruning_point": 0.1072954311966896, "module.features.13.conv.0pruning_point": 0.11401063948869705, "module.features.13.conv.3pruning_point": 0.007752503268420696, "module.features.13.conv.6pruning_point": 0.11115628480911255, "module.features.14.conv.0pruning_point": 0.10140912234783173, "module.features.14.conv.3pruning_point": 0.0, "module.features.14.conv.6pruning_point": 0.06707603484392166, "module.features.15.conv.0pruning_point": 0.062244389206171036, "module.features.15.conv.3pruning_point": 0.000925944303162396, "module.features.15.conv.6pruning_point": 0.05904148146510124, "module.features.16.conv.0pruning_point": 0.0788845643401146, "module.features.16.conv.3pruning_point": 0.010532735846936703, "module.features.16.conv.6pruning_point": 0.06289085745811462, "module.features.17.conv.0pruning_point": 0.0010770473163574934, "module.features.17.conv.3pruning_point": 0.0, "module.features.17.conv.6pruning_point": 0.03390960767865181, "module.conv.0pruning_point": 0.0003750701725948602}