{"module.features.0.0": 0.0, "module.features.1.conv.0": 0.3819444477558136, "module.features.1.conv.3": 0.404296875, "module.features.2.conv.0": 0.2122395932674408, "module.features.2.conv.3": 0.0486111119389534, "module.features.2.conv.6": 0.125, "module.features.3.conv.0": 0.8758680820465088, "module.features.3.conv.3": 0.07561728358268738, "module.features.3.conv.6": 0.9065393805503845, "module.features.4.conv.0": 0.6481481790542603, "module.features.4.conv.3": 0.013888888992369175, "module.features.4.conv.6": 0.0646701380610466, "module.features.5.conv.0": 0.1300455778837204, "module.features.5.conv.3": 0.08275462687015533, "module.features.5.conv.6": 0.8582357168197632, "module.features.6.conv.0": 0.9903971552848816, "module.features.6.conv.3": 0.10995370149612427, "module.features.6.conv.6": 0.9788411855697632, "module.features.7.conv.0": 0.0696614608168602, "module.features.7.conv.3": 0.01215277798473835, "module.features.7.conv.6": 0.06298828125, "module.features.8.conv.0": 0.9366862177848816, "module.features.8.conv.3": 0.13859954476356506, "module.features.8.conv.6": 0.9370931386947632, "module.features.9.conv.0": 0.96435546875, "module.features.9.conv.3": 0.18287037312984467, "module.features.9.conv.6": 0.9605712890625, "module.features.10.conv.0": 0.9718424677848816, "module.features.10.conv.3": 0.20081019401550293, "module.features.10.conv.6": 0.9679769277572632, "module.features.11.conv.0": 0.0804036483168602, "module.features.11.conv.3": 0.12962962687015533, "module.features.11.conv.6": 0.7501899003982544, "module.features.12.conv.0": 0.9439742565155029, "module.features.12.conv.3": 0.1927083283662796, "module.features.12.conv.6": 0.946885883808136, "module.features.13.conv.0": 0.9409903287887573, "module.features.13.conv.3": 0.20196759700775146, "module.features.13.conv.6": 0.9497793912887573, "module.features.14.conv.0": 0.6773184537887573, "module.features.14.conv.3": 0.029320988804101944, "module.features.14.conv.6": 0.6837782263755798, "module.features.15.conv.0": 0.8146549463272095, "module.features.15.conv.3": 0.07071758806705475, "module.features.15.conv.6": 0.8660872578620911, "module.features.16.conv.0": 0.8825976848602295, "module.features.16.conv.3": 0.12835648655891418, "module.features.16.conv.6": 0.9108333587646484, "module.features.17.conv.0": 0.07039062678813934, "module.features.17.conv.3": 0.004745370242744684, "module.features.17.conv.6": 0.15614908933639526, "module.conv.0": 0.059929199516773224, "module.classifier": 0.0, "_timestamp": 1667814736.6192744, "_runtime": 6607.994462490082, "_step": 8, "t_top1": 49.24642923209855, "t_top5": 72.8693449019229, "t_loss": 2.301057679147956, "v_top1": 53.456, "v_top5": 77.548, "v_loss": 2.0237645031738283, "sparsity": 0.32651451230049133, "masking_loss": 9.81193298308172, "module.features.1.conv.0pruning_point": 0.06509929895401001, "module.features.1.conv.3pruning_point": 0.07240863144397736, "module.features.2.conv.0pruning_point": 0.05001568794250488, "module.features.2.conv.3pruning_point": 0.0002450455795042217, "module.features.2.conv.6pruning_point": 0.018080096691846848, "module.features.3.conv.0pruning_point": 0.20836141705513, "module.features.3.conv.3pruning_point": 0.002130927052348852, "module.features.3.conv.6pruning_point": 0.2639309763908386, "module.features.4.conv.0pruning_point": 0.20665474236011505, "module.features.4.conv.3pruning_point": 6.771337211830541e-05, "module.features.4.conv.6pruning_point": 0.002767978236079216, "module.features.5.conv.0pruning_point": 0.00624663382768631, "module.features.5.conv.3pruning_point": 0.00048537671682424843, "module.features.5.conv.6pruning_point": 0.1656116545200348, "module.features.6.conv.0pruning_point": 0.23554645478725433, "module.features.6.conv.3pruning_point": 0.0008086891029961407, "module.features.6.conv.6pruning_point": 0.22953596711158752, "module.features.7.conv.0pruning_point": 0.0030355777125805616, "module.features.7.conv.3pruning_point": 2.201884490204975e-05, "module.features.7.conv.6pruning_point": 0.0015689362771809101, "module.features.8.conv.0pruning_point": 0.1272093951702118, "module.features.8.conv.3pruning_point": 0.0024973182007670403, "module.features.8.conv.6pruning_point": 0.1340397149324417, "module.features.9.conv.0pruning_point": 0.13881337642669678, "module.features.9.conv.3pruning_point": 0.00294010853394866, "module.features.9.conv.6pruning_point": 0.12885873019695282, "module.features.10.conv.0pruning_point": 0.14351344108581543, "module.features.10.conv.3pruning_point": 0.0008739915792830288, "module.features.10.conv.6pruning_point": 0.12969212234020233, "module.features.11.conv.0pruning_point": 0.00361867668107152, "module.features.11.conv.3pruning_point": 0.016799496486783028, "module.features.11.conv.6pruning_point": 0.11658783257007599, "module.features.12.conv.0pruning_point": 0.1134682223200798, "module.features.12.conv.3pruning_point": 0.0017749128164723516, "module.features.12.conv.6pruning_point": 0.11325432360172272, "module.features.13.conv.0pruning_point": 0.11798324435949326, "module.features.13.conv.3pruning_point": 0.0026241252198815346, "module.features.13.conv.6pruning_point": 0.11397140473127365, "module.features.14.conv.0pruning_point": 0.09304668754339218, "module.features.14.conv.3pruning_point": 3.4397407944197766e-06, "module.features.14.conv.6pruning_point": 0.08596862852573395, "module.features.15.conv.0pruning_point": 0.06888043880462646, "module.features.15.conv.3pruning_point": 0.00016988377319648862, "module.features.15.conv.6pruning_point": 0.08367815613746643, "module.features.16.conv.0pruning_point": 0.08630016446113586, "module.features.16.conv.3pruning_point": 0.003335418878123164, "module.features.16.conv.6pruning_point": 0.09114869683980942, "module.features.17.conv.0pruning_point": 0.0014629095094278455, "module.features.17.conv.3pruning_point": 0.0, "module.features.17.conv.6pruning_point": 0.008391523733735085, "module.conv.0pruning_point": 0.00044551974860951304, "hard_pruning_sparsity": 0.35097643733024597}