{"module.conv1": 0.0, "module.layer1.0.conv1": 0.8959418535232544, "module.layer1.0.conv2": 0.85498046875, "module.layer1.1.conv1": 0.8933647871017456, "module.layer1.1.conv2": 0.8649631142616272, "module.layer2.0.conv1": 0.7977566123008728, "module.layer2.0.conv2": 0.8289455771446228, "module.layer2.0.downsample.0": 0.890869140625, "module.layer2.1.conv1": 0.845079243183136, "module.layer2.1.conv2": 0.83355712890625, "module.layer3.0.conv1": 0.7943657636642456, "module.layer3.0.conv2": 0.7828928828239441, "module.layer3.0.downsample.0": 0.96234130859375, "module.layer3.1.conv1": 0.8359816074371338, "module.layer3.1.conv2": 0.8453877568244934, "module.layer4.0.conv1": 0.7426689863204956, "module.layer4.0.conv2": 0.7227863669395447, "module.layer4.0.downsample.0": 0.8203125, "module.layer4.1.conv1": 0.5762668251991272, "module.layer4.1.conv2": 0.5889816284179688, "module.fc": 0.0, "_timestamp": 1667888441.7593727, "_runtime": 50927.697759628296, "_step": 100, "t_top1": 62.50543449836115, "t_top5": 83.01486066993897, "t_loss": 1.630865276820687, "v_top1": 65.484, "v_top5": 86.586, "v_loss": 1.4218857207489013, "sparsity": 0.6612398624420166, "masking_loss": 0.5494108292855482, "module.layer1.0.conv1pruning_point": 0.054566022008657455, "module.layer1.0.conv2pruning_point": 0.02303382381796837, "module.layer1.1.conv1pruning_point": 0.06247984617948532, "module.layer1.1.conv2pruning_point": 0.024629004299640656, "module.layer2.0.conv1pruning_point": 0.0229532178491354, "module.layer2.0.conv2pruning_point": 0.01710902713239193, "module.layer2.0.downsample.0pruning_point": 0.10146358609199524, "module.layer2.1.conv1pruning_point": 0.02048722468316555, "module.layer2.1.conv2pruning_point": 0.013171017169952393, "module.layer3.0.conv1pruning_point": 0.01567358523607254, "module.layer3.0.conv2pruning_point": 0.011357172392308712, "module.layer3.0.downsample.0pruning_point": 0.029452303424477577, "module.layer3.1.conv1pruning_point": 0.010919516906142235, "module.layer3.1.conv2pruning_point": 0.010718142613768578, "module.layer4.0.conv1pruning_point": 0.009508183225989342, "module.layer4.0.conv2pruning_point": 0.008389804512262344, "module.layer4.0.downsample.0pruning_point": 0.01287865824997425, "module.layer4.1.conv1pruning_point": 0.008029582910239697, "module.layer4.1.conv2pruning_point": 0.007175239734351635, "hard_pruning_sparsity": 0.6647247672080994, "_wandb": {"runtime": 52074}}