{"module.features.0.0": 0.0, "module.features.1.conv.0": 0.2673611044883728, "module.features.1.conv.3": 0.158203125, "module.features.2.conv.0": 0.0651041716337204, "module.features.2.conv.3": 0.10532407462596893, "module.features.2.conv.6": 0.0772569477558136, "module.features.3.conv.0": 0.06799768656492233, "module.features.3.conv.3": 0.04783950746059418, "module.features.3.conv.6": 0.0590277798473835, "module.features.4.conv.0": 0.0625, "module.features.4.conv.3": 0.03703703731298447, "module.features.4.conv.6": 0.0629340261220932, "module.features.5.conv.0": 0.0592447929084301, "module.features.5.conv.3": 0.0590277798473835, "module.features.5.conv.6": 0.06201171875, "module.features.6.conv.0": 0.0636393278837204, "module.features.6.conv.3": 0.0677083358168602, "module.features.6.conv.6": 0.0626627653837204, "module.features.7.conv.0": 0.06298828125, "module.features.7.conv.3": 0.028935184702277184, "module.features.7.conv.6": 0.0625, "module.features.8.conv.0": 0.0716145858168602, "module.features.8.conv.3": 0.05758101865649223, "module.features.8.conv.6": 0.0621337890625, "module.features.9.conv.0": 0.0649007186293602, "module.features.9.conv.3": 0.05758101865649223, "module.features.9.conv.6": 0.0718994140625, "module.features.10.conv.0": 0.0720621794462204, "module.features.10.conv.3": 0.0625, "module.features.10.conv.6": 0.0666910856962204, "module.features.11.conv.0": 0.0715738981962204, "module.features.11.conv.3": 0.055844906717538834, "module.features.11.conv.6": 0.0954047292470932, "module.features.12.conv.0": 0.13966652750968933, "module.features.12.conv.3": 0.054012347012758255, "module.features.12.conv.6": 0.9694733619689941, "module.features.13.conv.0": 0.10933883488178253, "module.features.13.conv.3": 0.055748458951711655, "module.features.13.conv.6": 0.9754412770271301, "module.features.14.conv.0": 0.07989727705717087, "module.features.14.conv.3": 0.047067902982234955, "module.features.14.conv.6": 0.9614040851593018, "module.features.15.conv.0": 0.9988216161727905, "module.features.15.conv.3": 0.08483795821666718, "module.features.15.conv.6": 0.9966797232627869, "module.features.16.conv.0": 0.9990234375, "module.features.16.conv.3": 0.08171296119689941, "module.features.16.conv.6": 0.99763023853302, "module.features.17.conv.0": 0.9761979579925537, "module.features.17.conv.3": 0.08495370298624039, "module.features.17.conv.6": 0.9849088788032532, "module.conv.0": 0.9821532964706421, "module.classifier": 0.0, "_timestamp": 1667487473, "_runtime": 1796, "_step": 181, "t_top1": 99.548, "t_top5": 100.0, "t_loss": 0.014430441731214523, "v_top1": 90.77, "v_top5": 99.69, "v_loss": 0.454431086063385, "sparsity": 0.7745459675788879, "masking_loss": 0, "module.features.1.conv.0pruning_point": 0.02468044124543667, "module.features.1.conv.3pruning_point": 0.0030927048064768314, "module.features.2.conv.0pruning_point": 0.0006071722018532455, "module.features.2.conv.3pruning_point": 0.008073627948760986, "module.features.2.conv.6pruning_point": 0.003722946625202894, "module.features.3.conv.0pruning_point": 0.0012132524279877543, "module.features.3.conv.3pruning_point": 0.0010462497593834996, "module.features.3.conv.6pruning_point": 6.398594905476784e-06, "module.features.4.conv.0pruning_point": 0.0012060604058206081, "module.features.4.conv.3pruning_point": 2.4906021280912682e-06, "module.features.4.conv.6pruning_point": 0.0009086781647056341, "module.features.5.conv.0pruning_point": 0.0007012295536696911, "module.features.5.conv.3pruning_point": 0.0008965792367234826, "module.features.5.conv.6pruning_point": 0.0001736507983878255, "module.features.6.conv.0pruning_point": 0.0012921630404889584, "module.features.6.conv.3pruning_point": 0.00045009402674622834, "module.features.6.conv.6pruning_point": 0.0001179827013402246, "module.features.7.conv.0pruning_point": 0.000963151513133198, "module.features.7.conv.3pruning_point": 4.148988864471903e-06, "module.features.7.conv.6pruning_point": 0.000784881878644228, "module.features.8.conv.0pruning_point": 0.0009565301588736475, "module.features.8.conv.3pruning_point": 0.0009470117511227727, "module.features.8.conv.6pruning_point": 4.572359466692433e-05, "module.features.9.conv.0pruning_point": 0.0003294379566796124, "module.features.9.conv.3pruning_point": 0.0005872271140106022, "module.features.9.conv.6pruning_point": 0.0007429821416735649, "module.features.10.conv.0pruning_point": 0.0009965322678908706, "module.features.10.conv.3pruning_point": 9.222168591804802e-05, "module.features.10.conv.6pruning_point": 0.00040168483974412084, "module.features.11.conv.0pruning_point": 0.0012098115403205156, "module.features.11.conv.3pruning_point": 0.00044304909533821046, "module.features.11.conv.6pruning_point": 0.003628678387030959, "module.features.12.conv.0pruning_point": 0.004463111516088247, "module.features.12.conv.3pruning_point": 0.00045593094546347857, "module.features.12.conv.6pruning_point": 0.07452203333377838, "module.features.13.conv.0pruning_point": 0.002442944096401334, "module.features.13.conv.3pruning_point": 2.0746995232912013e-06, "module.features.13.conv.6pruning_point": 0.0721997320652008, "module.features.14.conv.0pruning_point": 0.0013193576596677303, "module.features.14.conv.3pruning_point": 8.668146620038897e-06, "module.features.14.conv.6pruning_point": 0.06376335769891739, "module.features.15.conv.0pruning_point": 0.04488532990217209, "module.features.15.conv.3pruning_point": 0.0002213182597188279, "module.features.15.conv.6pruning_point": 0.04365434870123863, "module.features.16.conv.0pruning_point": 0.042796920984983444, "module.features.16.conv.3pruning_point": 7.704131712671369e-05, "module.features.16.conv.6pruning_point": 0.04269826412200928, "module.features.17.conv.0pruning_point": 0.05167946591973305, "module.features.17.conv.3pruning_point": 0.0004619901883415878, "module.features.17.conv.6pruning_point": 0.03493085876107216, "module.conv.0pruning_point": 0.028324667364358902, "_wandb": {"runtime": 1797}}