{"module.features.0.0": 0.0, "module.features.1.conv.0": 0.2395833283662796, "module.features.1.conv.3": 0.435546875, "module.features.2.conv.0": 0.0611979179084301, "module.features.2.conv.3": 0.10879629850387573, "module.features.2.conv.6": 0.1705729216337204, "module.features.3.conv.0": 0.06452546268701553, "module.features.3.conv.3": 0.05246913433074951, "module.features.3.conv.6": 0.06105324253439903, "module.features.4.conv.0": 0.06047453731298447, "module.features.4.conv.3": 0.03549382835626602, "module.features.4.conv.6": 0.0616319440305233, "module.features.5.conv.0": 0.0595703125, "module.features.5.conv.3": 0.056134261190891266, "module.features.5.conv.6": 0.068359375, "module.features.6.conv.0": 0.0701497420668602, "module.features.6.conv.3": 0.0694444477558136, "module.features.6.conv.6": 0.0672200545668602, "module.features.7.conv.0": 0.0589192733168602, "module.features.7.conv.3": 0.03356481343507767, "module.features.7.conv.6": 0.065673828125, "module.features.8.conv.0": 0.0712890625, "module.features.8.conv.3": 0.054398149251937866, "module.features.8.conv.6": 0.0687255859375, "module.features.9.conv.0": 0.0756022185087204, "module.features.9.conv.3": 0.0572916679084301, "module.features.9.conv.6": 0.0941569060087204, "module.features.10.conv.0": 0.0828043669462204, "module.features.10.conv.3": 0.061342593282461166, "module.features.10.conv.6": 0.0796305388212204, "module.features.11.conv.0": 0.0702718123793602, "module.features.11.conv.3": 0.0503472238779068, "module.features.11.conv.6": 0.7795952558517456, "module.features.12.conv.0": 0.919542133808136, "module.features.12.conv.3": 0.05632716044783592, "module.features.12.conv.6": 0.9405924677848816, "module.features.13.conv.0": 0.9360532760620117, "module.features.13.conv.3": 0.054398149251937866, "module.features.13.conv.6": 0.9605215787887573, "module.features.14.conv.0": 0.077528215944767, "module.features.14.conv.3": 0.04783950746059418, "module.features.14.conv.6": 0.8926541209220886, "module.features.15.conv.0": 0.9830208420753479, "module.features.15.conv.3": 0.08969907462596893, "module.features.15.conv.6": 0.9844401478767395, "module.features.16.conv.0": 0.9831119775772095, "module.features.16.conv.3": 0.08194444328546524, "module.features.16.conv.6": 0.99002605676651, "module.features.17.conv.0": 0.9151432514190674, "module.features.17.conv.3": 0.08518518507480621, "module.features.17.conv.6": 0.9581836462020874, "module.conv.0": 0.9638012647628784, "module.classifier": 0.0, "_timestamp": 1667480094, "_runtime": 2751, "_step": 181, "t_top1": 98.422, "t_top5": 99.996, "t_loss": 0.044544277449846265, "v_top1": 90.52, "v_top5": 99.66, "v_loss": 0.3894481423854828, "sparsity": 0.8082076907157898, "masking_loss": 6.17506173828125, "module.features.1.conv.0pruning_point": 0.021865662187337875, "module.features.1.conv.3pruning_point": 0.1253339797258377, "module.features.2.conv.0pruning_point": 0.0016443970380350947, "module.features.2.conv.3pruning_point": 0.010344510897994041, "module.features.2.conv.6pruning_point": 0.04132723808288574, "module.features.3.conv.0pruning_point": 0.0015095854178071022, "module.features.3.conv.3pruning_point": 0.0003441256994847208, "module.features.3.conv.6pruning_point": 0.00033911081845872104, "module.features.4.conv.0pruning_point": 0.0007545764674432576, "module.features.4.conv.3pruning_point": 2.252344302178244e-06, "module.features.4.conv.6pruning_point": 0.000883299158886075, "module.features.5.conv.0pruning_point": 0.0006260587833821774, "module.features.5.conv.3pruning_point": 0.0002563746238593012, "module.features.5.conv.6pruning_point": 0.0005362670053727925, "module.features.6.conv.0pruning_point": 0.0016028248937800527, "module.features.6.conv.3pruning_point": 0.0007118253852240741, "module.features.6.conv.6pruning_point": 7.070347783155739e-05, "module.features.7.conv.0pruning_point": 0.0005431068129837513, "module.features.7.conv.3pruning_point": 1.8722430183970573e-07, "module.features.7.conv.6pruning_point": 0.0013024192303419113, "module.features.8.conv.0pruning_point": 0.0010621969122439623, "module.features.8.conv.3pruning_point": 0.00011683558113873005, "module.features.8.conv.6pruning_point": 0.0003851410001516342, "module.features.9.conv.0pruning_point": 0.0014147961046546698, "module.features.9.conv.3pruning_point": 8.773375884629786e-05, "module.features.9.conv.6pruning_point": 0.0027157701551914215, "module.features.10.conv.0pruning_point": 0.0023243757896125317, "module.features.10.conv.3pruning_point": 9.770547330845147e-05, "module.features.10.conv.6pruning_point": 0.0015940249431878328, "module.features.11.conv.0pruning_point": 0.0009158572647720575, "module.features.11.conv.3pruning_point": 9.680198854766786e-05, "module.features.11.conv.6pruning_point": 0.122419074177742, "module.features.12.conv.0pruning_point": 0.09573851525783539, "module.features.12.conv.3pruning_point": 0.0006421550642699003, "module.features.12.conv.6pruning_point": 0.0893397405743599, "module.features.13.conv.0pruning_point": 0.09711090475320816, "module.features.13.conv.3pruning_point": 0.0004028288531117141, "module.features.13.conv.6pruning_point": 0.091388039290905, "module.features.14.conv.0pruning_point": 0.0012031561927869916, "module.features.14.conv.3pruning_point": 3.661160121737339e-07, "module.features.14.conv.6pruning_point": 0.07348612695932388, "module.features.15.conv.0pruning_point": 0.049626342952251434, "module.features.15.conv.3pruning_point": 0.0005818915087729692, "module.features.15.conv.6pruning_point": 0.04890326410531998, "module.features.16.conv.0pruning_point": 0.047380633652210236, "module.features.16.conv.3pruning_point": 4.876237653661519e-05, "module.features.16.conv.6pruning_point": 0.046812184154987335, "module.features.17.conv.0pruning_point": 0.05889185890555382, "module.features.17.conv.3pruning_point": 0.0009626293904148042, "module.features.17.conv.6pruning_point": 0.03950129449367523, "module.conv.0pruning_point": 0.03179440647363663, "_wandb": {"runtime": 2753}}